,index,input_methl,eluted_methl,input_nonmethl,eluted_nonmethl,CpG,pval_methl,pval_nonmethl,significant,fill_plot,use_for_linreg
0,AAAAAA,1.0,0.4270833333333333,1.0,0.5454545454545454,False,,,False,False,False
1,AAAAAC,1.0,0.4065934065934066,1.0,0.6024096385542169,False,,,False,False,False
2,AAAAAG,1.0,0.4537037037037037,1.0,0.7281553398058253,False,,,False,False,False
3,AAAAAT,1.0,0.3333333333333333,1.0,0.3103448275862069,False,,,False,False,False
4,AAAACA,1.0,0.4406779661016949,1.0,0.490566037735849,False,,,False,False,False
5,AAAACC,1.0,0.3557692307692308,1.0,0.4456521739130434,False,,,False,False,False
6,AAAACT,1.0,0.4827586206896552,1.0,0.3983050847457627,False,,,False,False,False
7,AAAAGA,1.0,0.672,1.0,0.7411764705882353,False,,,False,False,False
8,AAAAGC,1.0,0.4959349593495935,1.0,0.5503875968992248,False,,,False,False,False
9,AAAAGG,1.0,0.4117647058823529,1.0,0.6590909090909091,False,,,False,False,False
10,AAAAGT,1.0,0.3609022556390977,1.0,0.5038167938931297,False,,,False,False,False
11,AAAATA,1.0,0.4173228346456692,1.0,0.3627450980392157,False,,,False,False,False
12,AAAATC,1.0,0.3868613138686131,1.0,0.4807692307692308,False,,,False,False,False
13,AAAATG,1.0,0.3840579710144927,1.0,0.3253968253968254,False,,,False,False,False
14,AAAATT,1.0,0.3478260869565217,1.0,0.4074074074074074,False,,,False,False,False
15,AAACAA,1.0,0.4561403508771929,1.0,0.4,False,,,False,False,False
16,AAACAC,1.0,0.3904761904761905,1.0,0.4444444444444444,False,,,False,False,False
17,AAACAG,1.0,0.5746268656716418,1.0,0.7767857142857143,False,,,False,False,False
18,AAACAT,1.0,0.4671532846715328,1.0,0.4545454545454545,False,,,False,False,False
19,AAACCA,1.0,0.6057692307692307,1.0,0.4666666666666667,False,,,False,False,False
20,AAACCC,1.0,0.7411764705882353,1.0,0.6578947368421053,False,,,False,False,False
21,AAACCG,1.0,0.4454545454545454,1.0,0.3368421052631579,True,,,False,False,False
22,AAACCT,1.0,0.4485981308411215,1.0,0.6710526315789473,False,,,False,False,False
23,AAACTA,1.0,0.4521739130434782,1.0,0.5520833333333334,False,,,False,False,False
24,AAACTC,1.0,0.7181818181818181,1.0,0.456,False,,,False,False,False
25,AAACTG,1.0,0.4895104895104895,1.0,0.3679245283018867,False,,,False,False,False
26,AAACTT,1.0,0.4521739130434782,1.0,0.4757281553398058,False,,,False,False,False
27,AAAGAA,1.0,0.5416666666666666,1.0,0.6326530612244898,False,,,False,False,False
28,AAAGAC,1.0,0.3759398496240601,1.0,0.5806451612903226,False,,,False,False,False
29,AAAGAG,1.0,0.3538461538461538,1.0,0.3846153846153846,False,,,False,False,False
30,AAAGAT,1.0,0.5581395348837209,1.0,0.6631578947368421,False,,,False,False,False
31,AAAGCA,1.0,0.3565891472868217,1.0,0.4198473282442748,False,,,False,False,False
32,AAAGCC,1.0,0.3421052631578947,1.0,0.4651162790697674,False,,,False,False,False
33,AAAGCG,1.0,0.6428571428571429,1.0,0.6310679611650486,True,,,False,False,False
34,AAAGCT,1.0,0.4108527131782946,1.0,0.5833333333333334,False,,,False,False,False
35,AAAGGA,1.0,0.3188405797101449,1.0,0.4645669291338583,False,,,False,False,False
36,AAAGGC,1.0,0.4265734265734265,1.0,0.4635761589403973,False,,,False,False,False
37,AAAGGG,1.0,0.4904458598726114,1.0,0.5472972972972973,False,,,False,False,False
38,AAAGGT,1.0,0.3619631901840491,1.0,0.5099337748344371,False,,,False,False,False
39,AAAGTA,1.0,0.3284671532846715,1.0,0.6226415094339622,False,,,False,False,False
40,AAAGTC,1.0,0.4328358208955223,1.0,0.5161290322580645,False,,,False,False,False
41,AAAGTG,1.0,0.504,1.0,0.578125,False,,,False,False,False
42,AAAGTT,1.0,0.4615384615384615,1.0,0.5378787878787878,False,,,False,False,False
43,AAATAA,1.0,0.4444444444444444,1.0,0.2782608695652174,False,,,False,False,False
44,AAATAC,1.0,0.3380281690140845,1.0,0.3861386138613861,False,,,False,False,False
45,AAATAG,1.0,0.4666666666666667,1.0,0.4122807017543859,False,,,False,False,False
46,AAATAT,1.0,0.484375,1.0,0.5945945945945946,False,,,False,False,False
47,AAATCA,1.0,0.3684210526315789,1.0,0.4454545454545454,False,,,False,False,False
48,AAATCC,1.0,0.417391304347826,1.0,0.3578947368421052,False,,,False,False,False
49,AAATCG,1.0,0.3496503496503496,1.0,0.536,True,,,False,False,False
50,AAATCT,1.0,0.5446428571428571,1.0,0.4912280701754385,False,,,False,False,False
51,AAATGA,1.0,0.3615384615384615,1.0,0.3963963963963964,False,,,False,False,False
52,AAATGC,1.0,0.4876543209876543,1.0,0.4444444444444444,False,,,False,False,False
53,AAATGG,1.0,0.3128834355828221,1.0,0.2913385826771653,False,,,False,False,False
54,AAATGT,1.0,0.3618421052631579,1.0,0.4569536423841059,False,,,False,False,False
55,AAATTA,1.0,0.5036496350364964,1.0,0.4491525423728814,False,,,False,False,False
56,AAATTC,1.0,0.4041095890410959,1.0,0.3809523809523809,False,,,False,False,False
57,AAATTG,1.0,0.5813953488372093,1.0,0.5785123966942148,False,,,False,False,False
58,AAATTT,1.0,0.4615384615384615,1.0,0.3178294573643411,False,,,False,False,False
59,AACAAA,1.0,0.3513513513513513,1.0,0.4731182795698925,False,,,False,False,False
60,AACAAC,1.0,0.488,1.0,0.5175438596491229,False,,,False,False,False
61,AACAAG,1.0,0.5877862595419847,1.0,0.3739837398373983,False,,,False,False,False
62,AACAAT,1.0,0.4360902255639097,1.0,0.7837837837837838,False,,,False,False,False
63,AACACA,1.0,0.6283185840707964,1.0,0.5463917525773195,False,,,False,False,False
64,AACACC,1.0,0.4469696969696969,1.0,0.5833333333333334,False,,,False,False,False
65,AACACG,1.0,0.5352112676056338,1.0,0.5666666666666667,True,,,False,False,False
66,AACACT,1.0,0.4803149606299212,1.0,0.6826923076923077,False,,,False,False,False
67,AACAGA,1.0,0.7391304347826086,1.0,0.550561797752809,False,,,False,False,False
68,AACAGC,1.0,0.3783783783783784,1.0,0.639344262295082,False,,,False,False,False
69,AACAGG,1.0,0.5419354838709678,1.0,0.5310344827586206,False,,,False,False,False
70,AACAGT,1.0,0.4726027397260274,1.0,0.6115107913669064,False,,,False,False,False
71,AACATA,1.0,0.5461538461538461,1.0,0.4836065573770491,False,,,False,False,False
72,AACATC,1.0,0.5648854961832062,1.0,0.46875,False,,,False,False,False
73,AACATG,1.0,0.4160583941605839,1.0,0.4682539682539682,False,,,False,False,False
74,AACATT,1.0,0.40625,1.0,0.6101694915254238,False,,,False,False,False
75,AACCAA,1.0,0.580952380952381,1.0,0.6095238095238096,False,,,False,False,False
76,AACCAC,1.0,0.780952380952381,1.0,0.7469879518072289,False,0.034556220131192,,True,False,False
77,AACCAG,1.0,0.32,1.0,0.4411764705882353,False,,,False,False,False
78,AACCAT,1.0,0.7876106194690266,1.0,0.5607476635514018,False,0.0219712861867313,,True,True,True
79,AACCCA,1.0,0.3333333333333333,1.0,0.48,False,,,False,False,False
80,AACCCC,1.0,0.559322033898305,1.0,0.6304347826086957,False,,,False,False,False
81,AACCCG,1.0,0.6585365853658537,1.0,0.4435483870967742,True,,,False,False,False
82,AACCCT,1.0,0.5403225806451613,1.0,0.6091954022988506,False,,,False,False,False
83,AACCGA,1.0,0.6785714285714286,1.0,0.7848101265822784,True,,,False,False,False
84,AACCGC,1.0,0.3263888888888889,1.0,0.5233644859813084,True,,,False,False,False
85,AACCGG,1.0,0.3872832369942196,1.0,0.4031007751937984,True,,,False,False,False
86,AACCGT,1.0,0.7570093457943925,1.0,0.4754098360655737,True,,,False,False,False
87,AACCTA,1.0,0.6116504854368932,1.0,0.7010309278350515,False,,,False,False,False
88,AACCTC,1.0,0.4307692307692308,1.0,0.4521739130434782,False,,,False,False,False
89,AACCTG,1.0,0.4647887323943662,1.0,0.4818181818181818,False,,,False,False,False
90,AACCTT,1.0,0.4755244755244755,1.0,0.4519230769230769,False,,,False,False,False
91,AACGAA,1.0,0.3086419753086419,1.0,0.6101694915254238,True,,,False,False,False
92,AACGAC,1.0,0.4893617021276595,1.0,0.6629213483146067,True,,,False,False,False
93,AACGAG,1.0,0.417391304347826,1.0,0.5604395604395604,True,,,False,False,False
94,AACGAT,1.0,0.3362068965517241,1.0,0.3636363636363636,True,,,False,False,False
95,AACGCA,1.0,0.4455445544554455,1.0,0.5490196078431373,True,,,False,False,False
96,AACGCC,1.0,0.4017094017094017,1.0,0.75,True,,,False,False,False
97,AACGCG,1.0,0.5233644859813084,1.0,0.4485981308411215,True,,,False,False,False
98,AACGCT,1.0,0.3893129770992366,1.0,0.3854166666666667,True,,,False,False,False
99,AACGGA,1.0,0.4152542372881356,1.0,0.49,True,,,False,False,False
100,AACGGC,1.0,0.4045801526717557,1.0,0.5847457627118644,True,,,False,False,False
101,AACGGG,1.0,0.6461538461538462,1.0,0.5508474576271186,True,,,False,False,False
102,AACGGT,1.0,0.4647887323943662,1.0,0.5294117647058824,True,,,False,False,False
103,AACGTA,1.0,0.3298969072164948,1.0,0.3714285714285714,True,,,False,False,False
104,AACGTC,1.0,0.6,1.0,0.4105263157894737,True,,,False,False,False
105,AACGTG,1.0,0.3898305084745763,1.0,0.54,True,,,False,False,False
106,AACGTT,1.0,0.4392523364485981,1.0,0.6266666666666667,True,,,False,False,False
107,AACTAA,1.0,0.4476190476190476,1.0,0.5473684210526316,False,,,False,False,False
108,AACTAC,1.0,0.4824561403508772,1.0,0.4074074074074074,False,,,False,False,False
109,AACTAG,1.0,0.5511811023622047,1.0,0.8691588785046729,False,,0.0227372660153788,True,False,False
110,AACTAT,1.0,0.4873949579831932,1.0,0.5047619047619047,False,,,False,False,False
111,AACTCA,1.0,0.5433070866141733,1.0,0.6,False,,,False,False,False
112,AACTCC,1.0,0.3358208955223881,1.0,0.6226415094339622,False,,,False,False,False
113,AACTCG,1.0,0.5851851851851851,1.0,0.5967741935483871,True,,,False,False,False
114,AACTCT,1.0,0.5701754385964912,1.0,0.4220183486238532,False,,,False,False,False
115,AACTGA,1.0,0.2941176470588235,1.0,0.5,False,,,False,False,False
116,AACTGC,1.0,0.4846625766871165,1.0,0.6388888888888888,False,,,False,False,False
117,AACTGG,1.0,0.5694444444444444,1.0,0.55,False,,,False,False,False
118,AACTGT,1.0,0.5645161290322581,1.0,0.4538461538461538,False,,,False,False,False
119,AACTTA,1.0,0.3846153846153846,1.0,0.4406779661016949,False,,,False,False,False
120,AACTTC,1.0,0.5606060606060606,1.0,0.568,False,,,False,False,False
121,AACTTG,1.0,0.541095890410959,1.0,0.4672131147540984,False,,,False,False,False
122,AACTTT,1.0,0.4045801526717557,1.0,0.4017857142857143,False,,,False,False,False
123,AAGAAA,1.0,0.5045045045045045,1.0,0.3418803418803419,False,,,False,False,False
124,AAGAAC,1.0,0.5433070866141733,1.0,0.5645161290322581,False,,,False,False,False
125,AAGAAG,1.0,0.4603174603174603,1.0,0.603448275862069,False,,,False,False,False
126,AAGAAT,1.0,0.5193798449612403,1.0,0.6554621848739496,False,,,False,False,False
127,AAGACA,1.0,0.5772357723577236,1.0,0.6770833333333334,False,,,False,False,False
128,AAGACC,1.0,0.5,1.0,0.5045045045045045,False,,,False,False,False
129,AAGACG,1.0,0.5873015873015873,1.0,0.5892857142857143,True,,,False,False,False
130,AAGACT,1.0,0.4296875,1.0,0.56,False,,,False,False,False
131,AAGAGA,1.0,0.7435897435897436,1.0,0.5210084033613446,False,,,False,False,False
132,AAGAGC,1.0,0.3636363636363636,1.0,0.4809160305343511,False,,,False,False,False
133,AAGAGG,1.0,0.3503184713375796,1.0,0.5454545454545454,False,,,False,False,False
134,AAGAGT,1.0,0.3012048192771084,1.0,0.4765100671140939,False,,,False,False,False
135,AAGATA,1.0,0.6837606837606838,1.0,0.6868686868686869,False,,,False,False,False
136,AAGATC,1.0,0.425,1.0,0.4583333333333333,False,,,False,False,False
137,AAGATG,1.0,0.5625,1.0,0.4695652173913043,False,,,False,False,False
138,AAGATT,1.0,0.4960629921259842,1.0,0.9107142857142856,False,,0.0062266863415854,True,False,False
139,AAGCAA,1.0,0.5,1.0,0.3305084745762712,False,,,False,False,False
140,AAGCAC,1.0,0.3825503355704698,1.0,0.6403508771929824,False,,,False,False,False
141,AAGCAG,1.0,0.5251798561151079,1.0,0.5153846153846153,False,,,False,False,False
142,AAGCAT,1.0,0.6390977443609023,1.0,0.4078947368421052,False,,,False,False,False
143,AAGCCA,1.0,0.3013698630136986,1.0,0.4609929078014184,False,,,False,False,False
144,AAGCCC,1.0,0.463768115942029,1.0,0.4140625,False,,,False,False,False
145,AAGCCG,1.0,0.3618421052631579,1.0,0.6666666666666666,True,,,False,False,False
146,AAGCCT,1.0,0.4324324324324324,1.0,0.6694915254237288,False,,,False,False,False
147,AAGCGA,1.0,0.3863636363636363,1.0,0.4778761061946903,True,,,False,False,False
148,AAGCGC,1.0,0.668918918918919,1.0,0.582089552238806,True,,,False,False,False
149,AAGCGG,1.0,0.3798882681564245,1.0,0.60431654676259,True,,,False,False,False
150,AAGCGT,1.0,0.4797297297297297,1.0,0.348993288590604,True,,,False,False,False
151,AAGCTA,1.0,0.6111111111111112,1.0,0.6209677419354839,False,,,False,False,False
152,AAGCTC,1.0,0.5144927536231884,1.0,0.8301886792452831,False,,,False,False,False
153,AAGCTG,1.0,0.388235294117647,1.0,0.6171875,False,,,False,False,False
154,AAGCTT,1.0,0.3875,1.0,0.3472222222222222,False,,,False,False,False
155,AAGGAA,1.0,0.5,1.0,0.55,False,,,False,False,False
156,AAGGAC,1.0,0.304635761589404,1.0,0.3777777777777777,False,,,False,False,False
157,AAGGAG,1.0,0.5284552845528455,1.0,0.4074074074074074,False,,,False,False,False
158,AAGGAT,1.0,0.3825503355704698,1.0,0.4324324324324324,False,,,False,False,False
159,AAGGCA,1.0,0.2948717948717949,1.0,0.40625,False,,,False,False,False
160,AAGGCC,1.0,0.4011976047904191,1.0,0.5637583892617449,False,,,False,False,False
161,AAGGCG,1.0,0.5279503105590062,1.0,0.3105590062111801,True,,,False,False,False
162,AAGGCT,1.0,0.6265822784810127,1.0,0.564625850340136,False,,,False,False,False
163,AAGGGA,1.0,0.3774834437086092,1.0,0.4962406015037593,False,,,False,False,False
164,AAGGGC,1.0,0.3876404494382022,1.0,0.6,False,,,False,False,False
165,AAGGGG,1.0,0.5542168674698795,1.0,0.5083798882681564,False,,,False,False,False
166,AAGGGT,1.0,0.6024096385542169,1.0,0.6012658227848101,False,,,False,False,False
167,AAGGTA,1.0,0.4756097560975609,1.0,0.423841059602649,False,,,False,False,False
168,AAGGTC,1.0,0.375796178343949,1.0,0.4785276073619632,False,,,False,False,False
169,AAGGTG,1.0,0.4829931972789115,1.0,0.4529411764705882,False,,,False,False,False
170,AAGGTT,1.0,0.4162162162162162,1.0,0.5571428571428572,False,,,False,False,False
171,AAGTAA,1.0,0.3142857142857143,1.0,0.5691056910569106,False,,,False,False,False
172,AAGTAC,1.0,0.4557823129251701,1.0,0.6434108527131783,False,,,False,False,False
173,AAGTAG,1.0,0.4285714285714285,1.0,0.5590551181102362,False,,,False,False,False
174,AAGTAT,1.0,0.3815789473684211,1.0,0.6363636363636364,False,,,False,False,False
175,AAGTCA,1.0,0.4883720930232558,1.0,0.4621212121212121,False,,,False,False,False
176,AAGTCC,1.0,0.3717948717948718,1.0,0.7741935483870968,False,,,False,False,False
177,AAGTCG,1.0,0.6585365853658537,1.0,0.6,True,,,False,False,False
178,AAGTCT,1.0,0.4421768707482993,1.0,0.5971223021582733,False,,,False,False,False
179,AAGTGA,1.0,0.2951807228915662,1.0,0.6260162601626016,False,,,False,False,False
180,AAGTGC,1.0,0.5125,1.0,0.6097560975609756,False,,,False,False,False
181,AAGTGG,1.0,0.3793103448275862,1.0,0.4866666666666667,False,,,False,False,False
182,AAGTGT,1.0,0.3405405405405405,1.0,0.5714285714285714,False,,,False,False,False
183,AAGTTA,1.0,0.4011627906976744,1.0,0.391304347826087,False,,,False,False,False
184,AAGTTC,1.0,0.5285714285714286,1.0,0.4482758620689655,False,,,False,False,False
185,AAGTTG,1.0,0.4629629629629629,1.0,0.4409937888198758,False,,,False,False,False
186,AAGTTT,1.0,0.5165562913907285,1.0,0.6356589147286822,False,,,False,False,False
187,AATAAA,1.0,0.4878048780487805,1.0,0.4789915966386555,False,,,False,False,False
188,AATAAC,1.0,0.4563758389261745,1.0,0.4803921568627451,False,,,False,False,False
189,AATAAG,1.0,0.4060150375939849,1.0,0.488,False,,,False,False,False
190,AATAAT,1.0,0.5428571428571428,1.0,0.5645161290322581,False,,,False,False,False
191,AATACA,1.0,0.3740458015267175,1.0,0.5,False,,,False,False,False
192,AATACC,1.0,0.4718309859154929,1.0,0.4363636363636363,False,,,False,False,False
193,AATACG,1.0,0.6896551724137931,1.0,0.6016949152542372,True,,,False,False,False
194,AATACT,1.0,0.4485294117647059,1.0,0.5094339622641509,False,,,False,False,False
195,AATAGA,1.0,0.3720930232558139,1.0,0.3684210526315789,False,,,False,False,False
196,AATAGC,1.0,0.6122448979591837,1.0,0.5454545454545454,False,,,False,False,False
197,AATAGG,1.0,0.3939393939393939,1.0,0.5075757575757576,False,,,False,False,False
198,AATAGT,1.0,0.5217391304347826,1.0,0.6062992125984252,False,,,False,False,False
199,AATATA,1.0,0.5074626865671642,1.0,0.6147540983606558,False,,,False,False,False
200,AATATC,1.0,0.5594405594405595,1.0,0.5961538461538461,False,,,False,False,False
201,AATATG,1.0,0.4027777777777778,1.0,0.4326923076923077,False,,,False,False,False
202,AATATT,1.0,0.4071428571428571,1.0,0.6283185840707964,False,,,False,False,False
203,AATCAA,1.0,0.2611464968152866,1.0,0.3423423423423423,False,,,False,False,False
204,AATCAC,1.0,0.3900709219858156,1.0,0.4745762711864407,False,,,False,False,False
205,AATCAG,1.0,0.4728682170542636,1.0,0.3587786259541984,False,,,False,False,False
206,AATCAT,1.0,0.5083333333333333,1.0,0.4435483870967742,False,,,False,False,False
207,AATCCA,1.0,0.4523809523809524,1.0,0.6704545454545454,False,,,False,False,False
208,AATCCC,1.0,0.5984251968503937,1.0,0.5871559633027523,False,,,False,False,False
209,AATCCG,1.0,0.4620689655172413,1.0,0.3787878787878788,True,,,False,False,False
210,AATCCT,1.0,0.3777777777777777,1.0,0.3307086614173228,False,,,False,False,False
211,AATCGA,1.0,0.2848101265822785,1.0,0.3962264150943396,True,,,False,False,False
212,AATCGC,1.0,0.5474452554744526,1.0,0.5461538461538461,True,,,False,False,False
213,AATCGG,1.0,0.3783783783783784,1.0,0.475177304964539,True,,,False,False,False
214,AATCGT,1.0,0.3576642335766423,1.0,0.5808823529411765,True,,,False,False,False
215,AATCTA,1.0,0.5,1.0,0.7264957264957265,False,,,False,False,False
216,AATCTC,1.0,0.5121951219512195,1.0,0.5076923076923077,False,,,False,False,False
217,AATCTG,1.0,0.4375,1.0,0.5793650793650794,False,,,False,False,False
218,AATCTT,1.0,0.5333333333333333,1.0,0.5086206896551724,False,,,False,False,False
219,AATGAA,1.0,0.3703703703703703,1.0,0.5420560747663551,False,,,False,False,False
220,AATGAC,1.0,0.4418604651162791,1.0,0.5277777777777778,False,,,False,False,False
221,AATGAG,1.0,0.5535714285714286,1.0,0.4516129032258064,False,,,False,False,False
222,AATGAT,1.0,0.4577464788732394,1.0,0.4590163934426229,False,,,False,False,False
223,AATGCA,1.0,0.3379310344827586,1.0,0.640625,False,,,False,False,False
224,AATGCC,1.0,0.4097222222222222,1.0,0.6226415094339622,False,,,False,False,False
225,AATGCG,1.0,0.6352941176470588,1.0,0.6495726495726496,True,,,False,False,False
226,AATGCT,1.0,0.3766233766233766,1.0,0.5726495726495726,False,,,False,False,False
227,AATGGA,1.0,0.4233576642335766,1.0,0.53125,False,,,False,False,False
228,AATGGC,1.0,0.374331550802139,1.0,0.639344262295082,False,,,False,False,False
229,AATGGG,1.0,0.4302325581395348,1.0,0.3801169590643274,False,,,False,False,False
230,AATGGT,1.0,0.2971428571428571,1.0,0.4930555555555556,False,,,False,False,False
231,AATGTA,1.0,0.375,1.0,0.3120567375886525,False,,,False,False,False
232,AATGTC,1.0,0.6451612903225806,1.0,0.463768115942029,False,,,False,False,False
233,AATGTG,1.0,0.6159420289855072,1.0,0.4506172839506173,False,,,False,False,False
234,AATGTT,1.0,0.5502958579881657,1.0,0.5289855072463768,False,,,False,False,False
235,AATTAA,1.0,0.4113475177304964,1.0,0.3504273504273504,False,,,False,False,False
236,AATTAC,1.0,0.4855072463768116,1.0,0.504,False,,,False,False,False
237,AATTAG,1.0,0.5285714285714286,1.0,0.35,False,,,False,False,False
238,AATTAT,1.0,0.4428571428571428,1.0,0.5538461538461539,False,,,False,False,False
239,AATTCA,1.0,0.3809523809523809,1.0,0.4227642276422764,False,,,False,False,False
240,AATTCC,1.0,0.3243243243243243,1.0,0.3492063492063492,False,,,False,False,False
241,AATTCG,1.0,0.5694444444444444,1.0,0.3658536585365853,True,,,False,False,False
242,AATTCT,1.0,0.5619834710743802,1.0,0.6260869565217392,False,,,False,False,False
243,AATTGA,1.0,0.5511811023622047,1.0,0.3955223880597014,False,,,False,False,False
244,AATTGC,1.0,0.457516339869281,1.0,0.5588235294117647,False,,,False,False,False
245,AATTGG,1.0,0.3463687150837989,1.0,0.4285714285714285,False,,,False,False,False
246,AATTGT,1.0,0.5176470588235295,1.0,0.6521739130434783,False,,,False,False,False
247,AATTTA,1.0,0.4645161290322581,1.0,0.6015625,False,,,False,False,False
248,AATTTC,1.0,0.2314049586776859,1.0,0.4862385321100917,False,,,False,False,False
249,AATTTG,1.0,0.4457142857142857,1.0,0.4415584415584415,False,,,False,False,False
250,AATTTT,1.0,0.4014598540145985,1.0,0.4285714285714285,False,,,False,False,False
251,ACAAAA,1.0,0.3879310344827586,1.0,0.4705882352941176,False,,,False,False,False
252,ACAAAC,1.0,0.5189873417721519,1.0,0.7808219178082192,False,,,False,False,False
253,ACAAAG,1.0,0.5492957746478874,1.0,0.6779661016949152,False,,,False,False,False
254,ACAAAT,1.0,0.4015748031496063,1.0,0.4895833333333333,False,,,False,False,False
255,ACAACA,1.0,0.4107142857142857,1.0,0.494949494949495,False,,,False,False,False
256,ACAACC,1.0,0.4883720930232558,1.0,0.5408163265306123,False,,,False,False,False
257,ACAACG,1.0,0.4896551724137931,1.0,0.4701492537313433,True,,,False,False,False
258,ACAACT,1.0,0.4661016949152542,1.0,0.494949494949495,False,,,False,False,False
259,ACAAGA,1.0,0.3260869565217391,1.0,0.4508196721311475,False,,,False,False,False
260,ACAAGC,1.0,0.6305732484076433,1.0,0.4263565891472868,False,,,False,False,False
261,ACAAGG,1.0,0.5416666666666666,1.0,0.6935483870967742,False,,,False,False,False
262,ACAAGT,1.0,0.436241610738255,1.0,0.3661971830985915,False,,,False,False,False
263,ACAATA,1.0,0.8389830508474576,1.0,0.7982456140350878,False,0.0038817698582452,,True,True,True
264,ACAATC,1.0,0.2867647058823529,1.0,0.4031007751937984,False,,,False,False,False
265,ACAATG,1.0,0.6535433070866141,1.0,0.8348623853211009,False,,0.0438317961622946,True,False,False
266,ACAATT,1.0,0.2602739726027397,1.0,0.5,False,,,False,False,False
267,ACACAA,1.0,0.5511811023622047,1.0,0.5747126436781609,False,,,False,False,False
268,ACACAC,1.0,0.4031007751937984,1.0,0.3917525773195876,False,,,False,False,False
269,ACACAG,1.0,0.4545454545454545,1.0,0.6910569105691057,False,,,False,False,False
270,ACACAT,1.0,0.5109489051094891,1.0,0.5175438596491229,False,,,False,False,False
271,ACACCA,1.0,0.4621848739495798,1.0,0.3162393162393162,False,,,False,False,False
272,ACACCC,1.0,0.4869565217391304,1.0,0.5631067961165048,False,,,False,False,False
273,ACACCG,1.0,0.42,1.0,0.6448598130841121,True,,,False,False,False
274,ACACCT,1.0,0.7058823529411765,1.0,0.7419354838709677,False,,,False,False,False
275,ACACGA,1.0,0.3161764705882353,1.0,0.5288461538461539,True,,,False,False,False
276,ACACGC,1.0,0.4509803921568627,1.0,0.4453125,True,,,False,False,False
277,ACACGG,1.0,0.4397905759162304,1.0,0.4932432432432432,True,,,False,False,False
278,ACACGT,1.0,0.5328467153284672,1.0,0.6229508196721312,True,,,False,False,False
279,ACACTA,1.0,0.5370370370370371,1.0,0.5596330275229358,False,,,False,False,False
280,ACACTC,1.0,0.5083333333333333,1.0,0.6018518518518519,False,,,False,False,False
281,ACACTG,1.0,0.3961038961038961,1.0,0.6470588235294118,False,,,False,False,False
282,ACACTT,1.0,0.5310344827586206,1.0,0.7272727272727273,False,,,False,False,False
283,ACAGAA,1.0,0.3185840707964602,1.0,0.3883495145631068,False,,,False,False,False
284,ACAGAC,1.0,0.7380952380952381,1.0,0.7142857142857143,False,0.0456190840891704,,True,False,False
285,ACAGAG,1.0,0.5182481751824818,1.0,0.6850393700787402,False,,,False,False,False
286,ACAGAT,1.0,0.5128205128205128,1.0,0.4017094017094017,False,,,False,False,False
287,ACAGCA,1.0,0.3925925925925926,1.0,0.5352112676056338,False,,,False,False,False
288,ACAGCC,1.0,0.5396825396825397,1.0,0.5859375,False,,,False,False,False
289,ACAGCG,1.0,0.3963414634146341,1.0,0.4358974358974359,True,,,False,False,False
290,ACAGCT,1.0,0.460431654676259,1.0,0.5982142857142857,False,,,False,False,False
291,ACAGGA,1.0,0.3782051282051282,1.0,0.5777777777777777,False,,,False,False,False
292,ACAGGC,1.0,0.8137931034482758,1.0,0.5723684210526315,False,0.0020213074476948,,True,True,True
293,ACAGGG,1.0,0.5089820359281437,1.0,0.6595744680851063,False,,,False,False,False
294,ACAGGT,1.0,0.3144329896907216,1.0,0.44375,False,,,False,False,False
295,ACAGTA,1.0,0.375,1.0,0.75,False,,,False,False,False
296,ACAGTC,1.0,0.6381578947368421,1.0,0.5364238410596026,False,,,False,False,False
297,ACAGTG,1.0,0.4873417721518987,1.0,0.487012987012987,False,,,False,False,False
298,ACAGTT,1.0,0.5694444444444444,1.0,0.5144927536231884,False,,,False,False,False
299,ACATAA,1.0,0.3591549295774648,1.0,0.3423423423423423,False,,,False,False,False
300,ACATAC,1.0,0.3125,1.0,0.4692307692307692,False,,,False,False,False
301,ACATAG,1.0,0.538961038961039,1.0,0.5564516129032258,False,,,False,False,False
302,ACATAT,1.0,0.75,1.0,0.5151515151515151,False,,,False,False,False
303,ACATCA,1.0,0.5116279069767442,1.0,0.5245901639344263,False,,,False,False,False
304,ACATCC,1.0,0.5755395683453237,1.0,0.5785123966942148,False,,,False,False,False
305,ACATCG,1.0,0.4423076923076923,1.0,0.5785123966942148,True,,,False,False,False
306,ACATCT,1.0,0.9243697478991596,1.0,0.4409448818897638,False,0.0001005448763185,,True,True,True
307,ACATGA,1.0,0.4,1.0,0.696078431372549,False,,,False,False,False
308,ACATGC,1.0,0.5244755244755245,1.0,0.5153846153846153,False,,,False,False,False
309,ACATGG,1.0,0.4080459770114942,1.0,0.4825581395348837,False,,,False,False,False
310,ACATGT,1.0,0.5714285714285714,1.0,0.60431654676259,False,,,False,False,False
311,ACATTA,1.0,0.3846153846153846,1.0,0.5128205128205128,False,,,False,False,False
312,ACATTC,1.0,0.4202898550724637,1.0,0.3700787401574803,False,,,False,False,False
313,ACATTG,1.0,0.4117647058823529,1.0,0.5736434108527132,False,,,False,False,False
314,ACATTT,1.0,0.5306122448979592,1.0,0.525,False,,,False,False,False
315,ACCAAA,1.0,0.4326923076923077,1.0,0.3333333333333333,False,,,False,False,False
316,ACCAAC,1.0,0.5045871559633027,1.0,0.5154639175257731,False,,,False,False,False
317,ACCAAG,1.0,0.4789915966386555,1.0,0.6363636363636364,False,,,False,False,False
318,ACCAAT,1.0,0.4689655172413793,1.0,0.6129032258064516,False,,,False,False,False
319,ACCACA,1.0,0.7291666666666666,1.0,0.5319148936170213,False,,,False,False,False
320,ACCACC,1.0,0.5643564356435643,1.0,0.4948453608247423,False,,,False,False,False
321,ACCACG,1.0,0.4652777777777778,1.0,0.6814814814814815,True,,,False,False,False
322,ACCACT,1.0,0.4144144144144144,1.0,0.4939759036144578,False,,,False,False,False
323,ACCAGA,1.0,0.4360902255639097,1.0,0.4105263157894737,False,,,False,False,False
324,ACCAGC,1.0,0.4812030075187969,1.0,0.5508474576271186,False,,,False,False,False
325,ACCAGG,1.0,0.2678571428571428,1.0,0.5078125,False,,,False,False,False
326,ACCAGT,1.0,0.559322033898305,1.0,0.5476190476190477,False,,,False,False,False
327,ACCATA,1.0,0.5169491525423728,1.0,0.6339285714285714,False,,,False,False,False
328,ACCATC,1.0,0.5080645161290323,1.0,0.5045045045045045,False,,,False,False,False
329,ACCATG,1.0,0.5072463768115942,1.0,0.6754385964912281,False,,,False,False,False
330,ACCATT,1.0,0.7540983606557377,1.0,0.3970588235294117,False,0.0352959926030212,,True,False,False
331,ACCCAA,1.0,0.452991452991453,1.0,0.6333333333333333,False,,,False,False,False
332,ACCCAC,1.0,0.3571428571428571,1.0,0.5978260869565217,False,,,False,False,False
333,ACCCAG,1.0,0.4297520661157025,1.0,0.6477272727272727,False,,,False,False,False
334,ACCCAT,1.0,0.3636363636363636,1.0,0.3831775700934579,False,,,False,False,False
335,ACCCCA,1.0,0.6160714285714286,1.0,0.6464646464646465,False,,,False,False,False
336,ACCCCC,1.0,0.632183908045977,1.0,0.4137931034482758,False,,,False,False,False
337,ACCCCG,1.0,0.5944055944055944,1.0,0.6517857142857143,True,,,False,False,False
338,ACCCCT,1.0,0.5,1.0,0.48,False,,,False,False,False
339,ACCCGA,1.0,0.3577235772357723,1.0,0.3796296296296296,True,,,False,False,False
340,ACCCGC,1.0,0.6071428571428571,1.0,0.4326241134751773,True,,,False,False,False
341,ACCCGG,1.0,0.4597701149425287,1.0,0.6716417910447762,True,,,False,False,False
342,ACCCGT,1.0,0.4154929577464789,1.0,0.514018691588785,True,,,False,False,False
343,ACCCTA,1.0,0.4526315789473684,1.0,0.4,False,,,False,False,False
344,ACCCTC,1.0,0.3100775193798449,1.0,0.3655913978494624,False,,,False,False,False
345,ACCCTG,1.0,0.4566929133858268,1.0,0.5,False,,,False,False,False
346,ACCCTT,1.0,0.4848484848484848,1.0,0.6464646464646465,False,,,False,False,False
347,ACCGAA,1.0,0.5402298850574713,1.0,0.5125,True,,,False,False,False
348,ACCGAC,1.0,0.7203389830508474,1.0,0.5841584158415841,True,,,False,False,False
349,ACCGAG,1.0,0.3184713375796178,1.0,0.6146788990825688,True,,,False,False,False
350,ACCGAT,1.0,0.5905511811023622,1.0,0.7383177570093458,True,,,False,False,False
351,ACCGCA,1.0,0.3841059602649007,1.0,0.6271186440677966,True,,,False,False,False
352,ACCGCC,1.0,0.4042553191489361,1.0,0.6404494382022472,True,,,False,False,False
353,ACCGCG,1.0,0.5310344827586206,1.0,0.6518518518518519,True,,,False,False,False
354,ACCGCT,1.0,0.5461538461538461,1.0,0.5486725663716814,True,,,False,False,False
355,ACCGGA,1.0,0.5222929936305732,1.0,0.5401459854014599,True,,,False,False,False
356,ACCGGC,1.0,0.3846153846153846,1.0,0.496,True,,,False,False,False
357,ACCGGG,1.0,0.3626943005181347,1.0,0.3836477987421384,True,,,False,False,False
358,ACCGGT,1.0,0.4745762711864407,1.0,0.4866666666666667,True,,,False,False,False
359,ACCGTA,1.0,0.5241935483870968,1.0,0.3968253968253968,True,,,False,False,False
360,ACCGTC,1.0,0.6564885496183206,1.0,0.3896103896103896,True,,,False,False,False
361,ACCGTG,1.0,0.379746835443038,1.0,0.6639344262295082,True,,,False,False,False
362,ACCGTT,1.0,0.5289256198347108,1.0,0.8372093023255814,True,,,False,False,False
363,ACCTAA,1.0,0.5,1.0,0.4166666666666667,False,,,False,False,False
364,ACCTAC,1.0,0.5567010309278351,1.0,0.6274509803921569,False,,,False,False,False
365,ACCTAG,1.0,0.6050420168067226,1.0,0.5206611570247934,False,,,False,False,False
366,ACCTAT,1.0,0.6442307692307693,1.0,0.5247524752475248,False,,,False,False,False
367,ACCTCA,1.0,0.3675213675213675,1.0,0.3255813953488372,False,,,False,False,False
368,ACCTCC,1.0,0.4596774193548387,1.0,0.3464566929133858,False,,,False,False,False
369,ACCTCG,1.0,0.33125,1.0,0.358974358974359,True,,,False,False,False
370,ACCTCT,1.0,0.3458646616541353,1.0,0.575,False,,,False,False,False
371,ACCTGA,1.0,0.5042016806722689,1.0,0.4392523364485981,False,,,False,False,False
372,ACCTGC,1.0,0.4407894736842105,1.0,0.5213675213675214,False,,,False,False,False
373,ACCTGG,1.0,0.5675675675675675,1.0,0.6923076923076923,False,,,False,False,False
374,ACCTGT,1.0,0.5547945205479452,1.0,0.4881889763779528,False,,,False,False,False
375,ACCTTA,1.0,0.4316546762589928,1.0,0.3953488372093023,False,,,False,False,False
376,ACCTTC,1.0,0.4675324675324675,1.0,0.56,False,,,False,False,False
377,ACCTTG,1.0,0.3655172413793103,1.0,0.3692307692307692,False,,,False,False,False
378,ACCTTT,1.0,0.4788732394366197,1.0,0.62,False,,,False,False,False
379,ACGAAC,1.0,0.3432835820895522,1.0,0.3738317757009345,True,,,False,False,False
380,ACGAAG,1.0,0.4954128440366973,1.0,0.5652173913043478,True,,,False,False,False
381,ACGAAT,1.0,0.364963503649635,1.0,0.5175438596491229,True,,,False,False,False
382,ACGACA,1.0,0.384,1.0,0.6074766355140186,True,,,False,False,False
383,ACGACC,1.0,0.509090909090909,1.0,0.3103448275862069,True,,,False,False,False
384,ACGACG,1.0,0.5319148936170213,1.0,0.6826923076923077,True,,,False,False,False
385,ACGACT,1.0,0.546875,1.0,0.512,True,,,False,False,False
386,ACGAGA,1.0,0.5961538461538461,1.0,0.6442307692307693,True,,,False,False,False
387,ACGAGC,1.0,0.6865671641791045,1.0,0.5423728813559322,True,,,False,False,False
388,ACGAGG,1.0,0.5714285714285714,1.0,0.518796992481203,True,,,False,False,False
389,ACGAGT,1.0,0.5214285714285715,1.0,0.6146788990825688,True,,,False,False,False
390,ACGATA,1.0,0.4655172413793103,1.0,0.3801652892561983,True,,,False,False,False
391,ACGATC,1.0,0.3623188405797101,1.0,0.797752808988764,True,,,False,False,False
392,ACGATG,1.0,0.4256756756756756,1.0,0.5378151260504201,True,,,False,False,False
393,ACGATT,1.0,0.3829787234042553,1.0,0.3524590163934426,True,,,False,False,False
394,ACGCAA,1.0,0.3973509933774834,1.0,0.4850746268656716,True,,,False,False,False
395,ACGCAC,1.0,0.4335664335664335,1.0,0.3282442748091603,True,,,False,False,False
396,ACGCAG,1.0,0.5259259259259259,1.0,0.5,True,,,False,False,False
397,ACGCAT,1.0,0.45,1.0,0.45,True,,,False,False,False
398,ACGCCA,1.0,0.3617021276595745,1.0,0.6022727272727273,True,,,False,False,False
399,ACGCCC,1.0,0.4093959731543624,1.0,0.423728813559322,True,,,False,False,False
400,ACGCCG,1.0,0.3947368421052631,1.0,0.5555555555555556,True,,,False,False,False
401,ACGCCT,1.0,0.437956204379562,1.0,0.5368421052631579,True,,,False,False,False
402,ACGCGA,1.0,0.4054054054054054,1.0,0.591304347826087,True,,,False,False,False
403,ACGCGC,1.0,0.6716417910447762,1.0,0.5454545454545454,True,,,False,False,False
404,ACGCGG,1.0,0.4840764331210191,1.0,0.5165562913907285,True,,,False,False,False
405,ACGCGT,1.0,0.4832214765100671,1.0,0.5211267605633803,True,,,False,False,False
406,ACGCTA,1.0,0.4933333333333333,1.0,0.4862385321100917,True,,,False,False,False
407,ACGCTC,1.0,0.5170068027210885,1.0,0.3862068965517241,True,,,False,False,False
408,ACGCTG,1.0,0.4313725490196078,1.0,0.6585365853658537,True,,,False,False,False
409,ACGCTT,1.0,0.5608108108108109,1.0,0.5546875,True,,,False,False,False
410,ACGGAA,1.0,0.4335664335664335,1.0,0.536,True,,,False,False,False
411,ACGGAC,1.0,0.5801526717557252,1.0,0.6691729323308271,True,,,False,False,False
412,ACGGAG,1.0,0.3928571428571428,1.0,0.3093525179856115,True,,,False,False,False
413,ACGGAT,1.0,0.3354838709677419,1.0,0.5735294117647058,True,,,False,False,False
414,ACGGCA,1.0,0.4620253164556962,1.0,0.5985915492957746,True,,,False,False,False
415,ACGGCC,1.0,0.3313953488372093,1.0,0.4571428571428571,True,,,False,False,False
416,ACGGCG,1.0,0.6793893129770993,1.0,0.5390625,True,,,False,False,False
417,ACGGCT,1.0,0.4659685863874345,1.0,0.7615384615384615,True,,,False,False,False
418,ACGGGA,1.0,0.4423076923076923,1.0,0.5798319327731093,True,,,False,False,False
419,ACGGGC,1.0,0.5573770491803278,1.0,0.4876543209876543,True,,,False,False,False
420,ACGGGG,1.0,0.5878787878787879,1.0,0.636986301369863,True,,,False,False,False
421,ACGGGT,1.0,0.3858695652173913,1.0,0.5491329479768786,True,,,False,False,False
422,ACGGTA,1.0,0.4529411764705882,1.0,0.4394904458598726,True,,,False,False,False
423,ACGGTC,1.0,0.5945945945945946,1.0,0.5277777777777778,True,,,False,False,False
424,ACGGTG,1.0,0.4325842696629213,1.0,0.4161073825503356,True,,,False,False,False
425,ACGGTT,1.0,0.6375,1.0,0.6402439024390244,True,,,False,False,False
426,ACGTAA,1.0,0.5813953488372093,1.0,0.3880597014925373,True,,,False,False,False
427,ACGTAC,1.0,0.5112781954887218,1.0,0.4322033898305085,True,,,False,False,False
428,ACGTAG,1.0,0.4615384615384615,1.0,0.4504504504504504,True,,,False,False,False
429,ACGTAT,1.0,0.5495495495495496,1.0,0.4384615384615384,True,,,False,False,False
430,ACGTCA,1.0,0.6,1.0,0.7583333333333333,True,,,False,False,False
431,ACGTCC,1.0,0.4475524475524475,1.0,0.4893617021276595,True,,,False,False,False
432,ACGTCG,1.0,0.5069444444444444,1.0,0.5486111111111112,True,,,False,False,False
433,ACGTCT,1.0,0.673202614379085,1.0,0.8737864077669902,True,,0.0240611148622769,True,False,False
434,ACGTGA,1.0,0.4121621621621621,1.0,0.3407407407407407,True,,,False,False,False
435,ACGTGC,1.0,0.5490196078431373,1.0,0.664,True,,,False,False,False
436,ACGTGG,1.0,0.4191616766467065,1.0,0.4726027397260274,True,,,False,False,False
437,ACGTGT,1.0,0.4567901234567901,1.0,0.53125,True,,,False,False,False
438,ACGTTA,1.0,0.3333333333333333,1.0,0.4848484848484848,True,,,False,False,False
439,ACGTTC,1.0,0.4794520547945205,1.0,0.6571428571428571,True,,,False,False,False
440,ACGTTG,1.0,0.4518072289156626,1.0,0.4785714285714286,True,,,False,False,False
441,ACTAAA,1.0,0.7821782178217822,1.0,0.7319587628865979,False,0.0387155474230879,,True,False,False
442,ACTAAC,1.0,0.4174757281553398,1.0,0.6126126126126126,False,,,False,False,False
443,ACTAAG,1.0,0.5087719298245614,1.0,0.4435483870967742,False,,,False,False,False
444,ACTAAT,1.0,0.3082191780821918,1.0,0.4019607843137255,False,,,False,False,False
445,ACTACA,1.0,0.3046875,1.0,0.5728155339805825,False,,,False,False,False
446,ACTACC,1.0,0.3805309734513274,1.0,0.6041666666666666,False,,,False,False,False
447,ACTACG,1.0,0.4678899082568807,1.0,0.6605504587155964,True,,,False,False,False
448,ACTACT,1.0,0.6238532110091743,1.0,0.5289256198347108,False,,,False,False,False
449,ACTAGA,1.0,0.5714285714285714,1.0,0.5901639344262295,False,,,False,False,False
450,ACTAGC,1.0,0.3618421052631579,1.0,0.6302521008403361,False,,,False,False,False
451,ACTAGG,1.0,0.5563380281690141,1.0,0.5813953488372093,False,,,False,False,False
452,ACTAGT,1.0,0.4503816793893129,1.0,0.6271186440677966,False,,,False,False,False
453,ACTATA,1.0,0.5390625,1.0,0.4358974358974359,False,,,False,False,False
454,ACTATC,1.0,0.5166666666666667,1.0,0.5035971223021583,False,,,False,False,False
455,ACTATG,1.0,0.6747967479674797,1.0,0.5267857142857143,False,,,False,False,False
456,ACTATT,1.0,0.3720930232558139,1.0,0.4358974358974359,False,,,False,False,False
457,ACTCAA,1.0,0.3809523809523809,1.0,0.5045045045045045,False,,,False,False,False
458,ACTCAC,1.0,0.4876033057851239,1.0,0.4677419354838709,False,,,False,False,False
459,ACTCAG,1.0,0.3885350318471338,1.0,0.3622047244094488,False,,,False,False,False
460,ACTCAT,1.0,0.4577464788732394,1.0,0.5970149253731343,False,,,False,False,False
461,ACTCCA,1.0,0.39568345323741,1.0,0.6036036036036037,False,,,False,False,False
462,ACTCCC,1.0,0.2251655629139073,1.0,0.5377358490566038,False,,,False,False,False
463,ACTCCG,1.0,0.7916666666666666,1.0,0.5703703703703704,True,0.0146911397933009,,True,True,True
464,ACTCCT,1.0,0.5196078431372549,1.0,0.5391304347826087,False,,,False,False,False
465,ACTCGA,1.0,0.4954128440366973,1.0,0.5148514851485149,True,,,False,False,False
466,ACTCGC,1.0,0.5769230769230769,1.0,0.4671052631578947,True,,,False,False,False
467,ACTCGG,1.0,0.6962025316455697,1.0,0.6482758620689655,True,,,False,False,False
468,ACTCGT,1.0,0.5461538461538461,1.0,0.4592592592592592,True,,,False,False,False
469,ACTCTA,1.0,0.4615384615384615,1.0,0.5701754385964912,False,,,False,False,False
470,ACTCTC,1.0,0.5655737704918032,1.0,0.5566037735849056,False,,,False,False,False
471,ACTCTG,1.0,0.4391891891891892,1.0,0.3076923076923077,False,,,False,False,False
472,ACTCTT,1.0,0.6296296296296297,1.0,0.3451327433628318,False,,,False,False,False
473,ACTGAA,1.0,0.5769230769230769,1.0,0.6386554621848739,False,,,False,False,False
474,ACTGAC,1.0,0.3652173913043478,1.0,0.6372549019607843,False,,,False,False,False
475,ACTGAG,1.0,0.3774834437086092,1.0,0.4651162790697674,False,,,False,False,False
476,ACTGAT,1.0,0.3571428571428571,1.0,0.4545454545454545,False,,,False,False,False
477,ACTGCA,1.0,0.4753086419753086,1.0,0.3785714285714285,False,,,False,False,False
478,ACTGCC,1.0,0.4485294117647059,1.0,0.7142857142857143,False,,,False,False,False
479,ACTGCG,1.0,0.5508982035928144,1.0,0.4883720930232558,True,,,False,False,False
480,ACTGCT,1.0,0.60431654676259,1.0,0.5178571428571429,False,,,False,False,False
481,ACTGGA,1.0,0.4654088050314465,1.0,0.4315068493150685,False,,,False,False,False
482,ACTGGC,1.0,0.45625,1.0,0.4366197183098591,False,,,False,False,False
483,ACTGGG,1.0,0.4166666666666667,1.0,0.5797101449275363,False,,,False,False,False
484,ACTGGT,1.0,0.6879432624113475,1.0,0.5364238410596026,False,,,False,False,False
485,ACTGTA,1.0,0.4573643410852713,1.0,0.4206349206349206,False,,,False,False,False
486,ACTGTC,1.0,0.3877551020408163,1.0,0.5,False,,,False,False,False
487,ACTGTG,1.0,0.4555555555555555,1.0,0.4746835443037974,False,,,False,False,False
488,ACTGTT,1.0,0.5488721804511278,1.0,0.6370370370370371,False,,,False,False,False
489,ACTTAA,1.0,0.3306451612903225,1.0,0.8470588235294118,False,,,False,False,False
490,ACTTAC,1.0,0.45,1.0,0.2659574468085106,False,,,False,False,False
491,ACTTAG,1.0,0.5234375,1.0,0.4701492537313433,False,,,False,False,False
492,ACTTAT,1.0,0.4305555555555556,1.0,0.4873949579831932,False,,,False,False,False
493,ACTTCA,1.0,0.4642857142857143,1.0,0.4453781512605042,False,,,False,False,False
494,ACTTCC,1.0,0.5037037037037037,1.0,0.5877192982456141,False,,,False,False,False
495,ACTTCG,1.0,0.484375,1.0,0.3885350318471338,True,,,False,False,False
496,ACTTCT,1.0,0.425,1.0,0.6293103448275862,False,,,False,False,False
497,ACTTGA,1.0,0.4444444444444444,1.0,0.4795918367346938,False,,,False,False,False
498,ACTTGC,1.0,0.4897959183673469,1.0,0.4485294117647059,False,,,False,False,False
499,ACTTGG,1.0,0.4827586206896552,1.0,0.4899328859060403,False,,,False,False,False
500,ACTTGT,1.0,0.3720930232558139,1.0,0.5639097744360902,False,,,False,False,False
501,ACTTTA,1.0,0.4861111111111111,1.0,0.4793388429752066,False,,,False,False,False
502,ACTTTC,1.0,0.3583333333333333,1.0,0.4269662921348314,False,,,False,False,False
503,ACTTTG,1.0,0.390728476821192,1.0,0.4459459459459459,False,,,False,False,False
504,ACTTTT,1.0,0.4144736842105263,1.0,0.2480620155038759,False,,,False,False,False
505,AGAAAA,1.0,0.4649122807017544,1.0,0.5137614678899083,False,,,False,False,False
506,AGAAAC,1.0,0.4285714285714285,1.0,0.4342105263157895,False,,,False,False,False
507,AGAAAG,1.0,0.4460431654676259,1.0,0.4402985074626865,False,,,False,False,False
508,AGAAAT,1.0,0.3359375,1.0,0.3771929824561403,False,,,False,False,False
509,AGAACA,1.0,0.5433070866141733,1.0,0.4508196721311475,False,,,False,False,False
510,AGAACC,1.0,0.6388888888888888,1.0,0.512,False,,,False,False,False
511,AGAACG,1.0,0.492063492063492,1.0,0.63,True,,,False,False,False
512,AGAACT,1.0,0.496,1.0,0.5779816513761468,False,,,False,False,False
513,AGAAGA,1.0,0.6206896551724138,1.0,0.7410714285714286,False,,,False,False,False
514,AGAAGC,1.0,0.3597122302158273,1.0,0.5370370370370371,False,,,False,False,False
515,AGAAGG,1.0,0.5109489051094891,1.0,0.4460431654676259,False,,,False,False,False
516,AGAAGT,1.0,0.4962406015037593,1.0,0.5522388059701493,False,,,False,False,False
517,AGAATA,1.0,0.631578947368421,1.0,0.6179775280898876,False,,,False,False,False
518,AGAATC,1.0,0.4172661870503597,1.0,0.5178571428571429,False,,,False,False,False
519,AGAATG,1.0,0.4055944055944055,1.0,0.4645669291338583,False,,,False,False,False
520,AGAATT,1.0,0.4758620689655172,1.0,0.6864406779661016,False,,,False,False,False
521,AGACAA,1.0,0.3656716417910448,1.0,0.5274725274725275,False,,,False,False,False
522,AGACAC,1.0,0.6470588235294118,1.0,0.411214953271028,False,,,False,False,False
523,AGACAG,1.0,0.3862068965517241,1.0,0.4824561403508772,False,,,False,False,False
524,AGACAT,1.0,0.6504065040650406,1.0,0.6491228070175439,False,,,False,False,False
525,AGACCA,1.0,0.6372549019607843,1.0,0.4736842105263157,False,,,False,False,False
526,AGACCC,1.0,0.3877551020408163,1.0,0.4333333333333333,False,,,False,False,False
527,AGACCG,1.0,0.3806451612903225,1.0,0.4772727272727273,True,,,False,False,False
528,AGACCT,1.0,0.4516129032258064,1.0,0.3233082706766917,False,,,False,False,False
529,AGACGA,1.0,0.616822429906542,1.0,0.6741573033707865,True,,,False,False,False
530,AGACGC,1.0,0.437125748502994,1.0,0.6776859504132231,True,,,False,False,False
531,AGACGG,1.0,0.5133333333333333,1.0,0.6194029850746269,True,,,False,False,False
532,AGACGT,1.0,0.5072463768115942,1.0,0.6134453781512605,True,,,False,False,False
533,AGACTA,1.0,0.4655172413793103,1.0,0.58,False,,,False,False,False
534,AGACTC,1.0,0.4864864864864865,1.0,0.3769230769230769,False,,,False,False,False
535,AGACTG,1.0,0.4776119402985074,1.0,0.7352941176470589,False,,,False,False,False
536,AGACTT,1.0,0.5472972972972973,1.0,0.4,False,,,False,False,False
537,AGAGAA,1.0,0.4601769911504424,1.0,0.6306306306306306,False,,,False,False,False
538,AGAGAC,1.0,0.6446280991735537,1.0,0.6422018348623854,False,,,False,False,False
539,AGAGAG,1.0,0.391025641025641,1.0,0.4224137931034483,False,,,False,False,False
540,AGAGAT,1.0,0.5441176470588235,1.0,0.4112903225806452,False,,,False,False,False
541,AGAGCA,1.0,0.2987012987012987,1.0,0.4511278195488721,False,,,False,False,False
542,AGAGCC,1.0,0.389937106918239,1.0,0.4893617021276595,False,,,False,False,False
543,AGAGCG,1.0,0.4127906976744186,1.0,0.2661870503597122,True,,,False,False,False
544,AGAGCT,1.0,0.3443708609271523,1.0,0.5701754385964912,False,,,False,False,False
545,AGAGGA,1.0,0.4149659863945578,1.0,0.4128440366972477,False,,,False,False,False
546,AGAGGC,1.0,0.4739884393063583,1.0,0.7391304347826086,False,,,False,False,False
547,AGAGGG,1.0,0.4853801169590643,1.0,0.48,False,,,False,False,False
548,AGAGGT,1.0,0.3625730994152046,1.0,0.5804195804195804,False,,,False,False,False
549,AGAGTA,1.0,0.474025974025974,1.0,0.4060150375939849,False,,,False,False,False
550,AGAGTC,1.0,0.3630952380952381,1.0,0.6434108527131783,False,,,False,False,False
551,AGAGTG,1.0,0.5128205128205128,1.0,0.532051282051282,False,,,False,False,False
552,AGAGTT,1.0,0.3694267515923566,1.0,0.4563758389261745,False,,,False,False,False
553,AGATAA,1.0,0.4765625,1.0,0.5094339622641509,False,,,False,False,False
554,AGATAC,1.0,0.5984251968503937,1.0,0.6776859504132231,False,,,False,False,False
555,AGATAG,1.0,0.616,1.0,0.6048387096774194,False,,,False,False,False
556,AGATAT,1.0,0.5703125,1.0,0.3851851851851852,False,,,False,False,False
557,AGATCA,1.0,0.4338235294117647,1.0,0.4873949579831932,False,,,False,False,False
558,AGATCC,1.0,0.391304347826087,1.0,0.7377049180327869,False,,,False,False,False
559,AGATCG,1.0,0.3181818181818182,1.0,0.2941176470588235,True,,,False,False,False
560,AGATCT,1.0,0.5259259259259259,1.0,0.6262626262626263,False,,,False,False,False
561,AGATGA,1.0,0.4354838709677419,1.0,0.6363636363636364,False,,,False,False,False
562,AGATGC,1.0,0.7394366197183099,1.0,0.4705882352941176,False,0.0298125417047918,,True,True,True
563,AGATGG,1.0,0.4697986577181208,1.0,0.4,False,,,False,False,False
564,AGATGT,1.0,0.8571428571428571,1.0,0.6148148148148148,False,0.0011292770046752,,True,True,True
565,AGATTA,1.0,0.4772727272727273,1.0,0.4672131147540984,False,,,False,False,False
566,AGATTC,1.0,0.3221476510067114,1.0,0.4651162790697674,False,,,False,False,False
567,AGATTG,1.0,0.5517241379310345,1.0,0.7479674796747967,False,,,False,False,False
568,AGATTT,1.0,0.437956204379562,1.0,0.4626865671641791,False,,,False,False,False
569,AGCAAA,1.0,0.4931506849315068,1.0,0.5084745762711864,False,,,False,False,False
570,AGCAAC,1.0,0.3241379310344827,1.0,0.3405797101449275,False,,,False,False,False
571,AGCAAG,1.0,0.4885496183206106,1.0,0.7333333333333333,False,,,False,False,False
572,AGCAAT,1.0,0.5390070921985816,1.0,0.3835616438356164,False,,,False,False,False
573,AGCACA,1.0,0.5227272727272727,1.0,0.4609375,False,,,False,False,False
574,AGCACC,1.0,0.4507042253521127,1.0,0.5354330708661418,False,,,False,False,False
575,AGCACG,1.0,0.5874125874125874,1.0,0.5367647058823529,True,,,False,False,False
576,AGCACT,1.0,0.5107913669064749,1.0,0.5737704918032787,False,,,False,False,False
577,AGCAGA,1.0,0.34,1.0,0.6065573770491803,False,,,False,False,False
578,AGCAGC,1.0,0.5,1.0,0.556390977443609,False,,,False,False,False
579,AGCAGG,1.0,0.4935897435897436,1.0,0.583941605839416,False,,,False,False,False
580,AGCAGT,1.0,0.3291925465838509,1.0,0.4768211920529801,False,,,False,False,False
581,AGCATA,1.0,0.2933333333333333,1.0,0.4013157894736842,False,,,False,False,False
582,AGCATC,1.0,0.5746268656716418,1.0,0.6106194690265486,False,,,False,False,False
583,AGCATG,1.0,0.5398773006134969,1.0,0.4390243902439024,False,,,False,False,False
584,AGCATT,1.0,0.3935483870967742,1.0,0.3435114503816794,False,,,False,False,False
585,AGCCAA,1.0,0.4453125,1.0,0.5045045045045045,False,,,False,False,False
586,AGCCAC,1.0,0.4841269841269841,1.0,0.5952380952380952,False,,,False,False,False
587,AGCCAG,1.0,0.4285714285714285,1.0,0.4652777777777778,False,,,False,False,False
588,AGCCAT,1.0,0.3636363636363636,1.0,0.6086956521739131,False,,,False,False,False
589,AGCCCA,1.0,0.549618320610687,1.0,0.64,False,,,False,False,False
590,AGCCCC,1.0,0.7746478873239436,1.0,0.9017857142857144,False,0.010072315498335,0.0080938953544142,True,True,True
591,AGCCCG,1.0,0.5548387096774193,1.0,0.5434782608695652,True,,,False,False,False
592,AGCCCT,1.0,0.7153284671532847,1.0,0.5575221238938053,False,,,False,False,False
593,AGCCGA,1.0,0.5409836065573771,1.0,0.8571428571428571,True,,,False,False,False
594,AGCCGC,1.0,0.5075757575757576,1.0,0.6349206349206349,True,,,False,False,False
595,AGCCGG,1.0,0.3351955307262569,1.0,0.5294117647058824,True,,,False,False,False
596,AGCCGT,1.0,0.391025641025641,1.0,0.5362318840579711,True,,,False,False,False
597,AGCCTA,1.0,0.7045454545454546,1.0,0.7241379310344828,False,,,False,False,False
598,AGCCTC,1.0,0.6054421768707483,1.0,0.688,False,,,False,False,False
599,AGCCTG,1.0,0.6493506493506493,1.0,0.696969696969697,False,,,False,False,False
600,AGCCTT,1.0,0.5641025641025641,1.0,0.6929133858267716,False,,,False,False,False
601,AGCGAA,1.0,0.419047619047619,1.0,0.3461538461538461,True,,,False,False,False
602,AGCGAC,1.0,0.5210084033613446,1.0,0.584070796460177,True,,,False,False,False
603,AGCGAG,1.0,0.5317919075144508,1.0,0.5503875968992248,True,,,False,False,False
604,AGCGAT,1.0,0.2951807228915662,1.0,0.6296296296296297,True,,,False,False,False
605,AGCGCA,1.0,0.8285714285714286,1.0,0.6369426751592356,True,0.0014034051524734,,True,True,True
606,AGCGCC,1.0,0.4855491329479768,1.0,0.6551724137931034,True,,,False,False,False
607,AGCGCG,1.0,0.56,1.0,0.5909090909090909,True,,,False,False,False
608,AGCGCT,1.0,0.5906432748538012,1.0,0.5422535211267606,True,,,False,False,False
609,AGCGGA,1.0,0.5064102564102564,1.0,0.4580152671755725,True,,,False,False,False
610,AGCGGC,1.0,0.4571428571428571,1.0,0.5432098765432098,True,,,False,False,False
611,AGCGGG,1.0,0.574585635359116,1.0,0.6056338028169014,True,,,False,False,False
612,AGCGGT,1.0,0.4031413612565445,1.0,0.5086705202312138,True,,,False,False,False
613,AGCGTA,1.0,0.5636363636363636,1.0,0.5333333333333333,True,,,False,False,False
614,AGCGTC,1.0,0.536144578313253,1.0,0.5224719101123596,True,,,False,False,False
615,AGCGTG,1.0,0.5060240963855421,1.0,0.3333333333333333,True,,,False,False,False
616,AGCGTT,1.0,0.3432835820895522,1.0,0.2619047619047619,True,,,False,False,False
617,AGCTAA,1.0,0.3909774436090225,1.0,0.5612244897959183,False,,,False,False,False
618,AGCTAC,1.0,0.5112781954887218,1.0,0.4930555555555556,False,,,False,False,False
619,AGCTAG,1.0,0.7272727272727273,1.0,0.6,False,0.0298125417047918,,True,False,False
620,AGCTAT,1.0,0.55,1.0,0.6030534351145038,False,,,False,False,False
621,AGCTCA,1.0,0.4444444444444444,1.0,0.6213592233009708,False,,,False,False,False
622,AGCTCC,1.0,0.5079365079365079,1.0,0.8173076923076923,False,,,False,False,False
623,AGCTCG,1.0,0.5426829268292683,1.0,0.6176470588235294,True,,,False,False,False
624,AGCTCT,1.0,0.4935064935064935,1.0,0.6324786324786325,False,,,False,False,False
625,AGCTGA,1.0,0.4890510948905109,1.0,0.6521739130434783,False,,,False,False,False
626,AGCTGC,1.0,0.5107913669064749,1.0,0.6285714285714286,False,,,False,False,False
627,AGCTGG,1.0,0.5333333333333333,1.0,0.6159420289855072,False,,,False,False,False
628,AGCTGT,1.0,0.3254437869822485,1.0,0.5266666666666666,False,,,False,False,False
629,AGCTTA,1.0,0.5421686746987951,1.0,0.4676258992805755,False,,,False,False,False
630,AGCTTC,1.0,0.4172185430463576,1.0,0.3109756097560975,False,,,False,False,False
631,AGCTTG,1.0,0.4662576687116564,1.0,0.5228758169934641,False,,,False,False,False
632,AGCTTT,1.0,0.4969325153374233,1.0,0.5694444444444444,False,,,False,False,False
633,AGGAAA,1.0,0.5271317829457365,1.0,0.4727272727272727,False,,,False,False,False
634,AGGAAC,1.0,0.5074626865671642,1.0,0.4761904761904761,False,,,False,False,False
635,AGGAAG,1.0,0.4714285714285714,1.0,0.5526315789473685,False,,,False,False,False
636,AGGAAT,1.0,0.5486111111111112,1.0,0.5310344827586206,False,,,False,False,False
637,AGGACA,1.0,0.5034013605442177,1.0,0.5517241379310345,False,,,False,False,False
638,AGGACC,1.0,0.4027777777777778,1.0,0.4776119402985074,False,,,False,False,False
639,AGGACG,1.0,0.3169014084507042,1.0,0.4788732394366197,True,,,False,False,False
640,AGGACT,1.0,0.5390070921985816,1.0,0.4695121951219512,False,,,False,False,False
641,AGGAGA,1.0,0.46875,1.0,0.4873949579831932,False,,,False,False,False
642,AGGAGC,1.0,0.4405594405594406,1.0,0.4710743801652892,False,,,False,False,False
643,AGGAGG,1.0,0.5857142857142857,1.0,0.5074626865671642,False,,,False,False,False
644,AGGAGT,1.0,0.4193548387096774,1.0,0.3,False,,,False,False,False
645,AGGATA,1.0,0.3836477987421384,1.0,0.5785123966942148,False,,,False,False,False
646,AGGATC,1.0,0.3273809523809524,1.0,0.5657894736842105,False,,,False,False,False
647,AGGATG,1.0,0.464968152866242,1.0,0.5102040816326531,False,,,False,False,False
648,AGGATT,1.0,0.3170731707317073,1.0,0.3741935483870968,False,,,False,False,False
649,AGGCAA,1.0,0.36875,1.0,0.5128205128205128,False,,,False,False,False
650,AGGCAC,1.0,0.3597560975609756,1.0,0.5314685314685315,False,,,False,False,False
651,AGGCAG,1.0,0.54421768707483,1.0,0.4930555555555556,False,,,False,False,False
652,AGGCAT,1.0,0.4510869565217391,1.0,0.5527950310559007,False,,,False,False,False
653,AGGCCA,1.0,0.4444444444444444,1.0,0.5394736842105263,False,,,False,False,False
654,AGGCCC,1.0,0.5057471264367817,1.0,0.4466666666666666,False,,,False,False,False
655,AGGCCG,1.0,0.5297619047619048,1.0,0.7681159420289855,True,,,False,False,False
656,AGGCCT,1.0,0.5056179775280899,1.0,0.4819277108433735,False,,,False,False,False
657,AGGCGA,1.0,0.5328947368421053,1.0,0.5642857142857143,True,,,False,False,False
658,AGGCGC,1.0,0.4285714285714285,1.0,0.6878980891719745,True,,,False,False,False
659,AGGCGG,1.0,0.4615384615384615,1.0,0.4846625766871165,True,,,False,False,False
660,AGGCGT,1.0,0.4127906976744186,1.0,0.569620253164557,True,,,False,False,False
661,AGGCTA,1.0,0.8614457831325302,1.0,0.7668711656441718,False,3.816769759551052e-05,0.0495502201786835,True,True,True
662,AGGCTC,1.0,0.4101123595505618,1.0,0.5231788079470199,False,,,False,False,False
663,AGGCTG,1.0,0.5253164556962026,1.0,0.6620689655172414,False,,,False,False,False
664,AGGCTT,1.0,0.5957446808510638,1.0,0.6690140845070423,False,,,False,False,False
665,AGGGAA,1.0,0.5208333333333334,1.0,0.5612903225806452,False,,,False,False,False
666,AGGGAC,1.0,0.5301204819277109,1.0,0.3636363636363636,False,,,False,False,False
667,AGGGAG,1.0,0.6836734693877551,1.0,0.5116279069767442,False,,,False,False,False
668,AGGGAT,1.0,0.3642384105960264,1.0,0.3522012578616352,False,,,False,False,False
669,AGGGCA,1.0,0.4842105263157895,1.0,0.3720930232558139,False,,,False,False,False
670,AGGGCC,1.0,0.4831460674157303,1.0,0.5555555555555556,False,,,False,False,False
671,AGGGCG,1.0,0.4031413612565445,1.0,0.4503311258278146,True,,,False,False,False
672,AGGGCT,1.0,0.5497382198952879,1.0,0.5852272727272727,False,,,False,False,False
673,AGGGGA,1.0,0.3333333333333333,1.0,0.5197368421052632,False,,,False,False,False
674,AGGGGC,1.0,0.5284090909090909,1.0,0.4970760233918128,False,,,False,False,False
675,AGGGGG,1.0,0.524390243902439,1.0,0.6258064516129033,False,,,False,False,False
676,AGGGGT,1.0,0.4705882352941176,1.0,0.5714285714285714,False,,,False,False,False
677,AGGGTA,1.0,0.4642857142857143,1.0,0.3558282208588957,False,,,False,False,False
678,AGGGTC,1.0,0.5989010989010989,1.0,0.5970149253731343,False,,,False,False,False
679,AGGGTG,1.0,0.5116279069767442,1.0,0.5662650602409639,False,,,False,False,False
680,AGGGTT,1.0,0.3157894736842105,1.0,0.5575757575757576,False,,,False,False,False
681,AGGTAA,1.0,0.3604651162790697,1.0,0.4444444444444444,False,,,False,False,False
682,AGGTAC,1.0,0.467065868263473,1.0,0.6115107913669064,False,,,False,False,False
683,AGGTAG,1.0,0.5384615384615384,1.0,0.5576923076923077,False,,,False,False,False
684,AGGTAT,1.0,0.4555555555555555,1.0,0.5714285714285714,False,,,False,False,False
685,AGGTCA,1.0,0.3817204301075269,1.0,0.4596273291925465,False,,,False,False,False
686,AGGTCC,1.0,0.4733727810650887,1.0,0.7241379310344828,False,,,False,False,False
687,AGGTCG,1.0,0.3734939759036144,1.0,0.4162162162162162,True,,,False,False,False
688,AGGTCT,1.0,0.3072625698324022,1.0,0.2742857142857143,False,,,False,False,False
689,AGGTGA,1.0,0.4596273291925465,1.0,0.7131782945736435,False,,,False,False,False
690,AGGTGC,1.0,0.4277456647398844,1.0,0.5031446540880503,False,,,False,False,False
691,AGGTGG,1.0,0.5246913580246914,1.0,0.4242424242424242,False,,,False,False,False
692,AGGTGT,1.0,0.4367816091954023,1.0,0.5804597701149425,False,,,False,False,False
693,AGGTTA,1.0,0.5428571428571428,1.0,0.4695121951219512,False,,,False,False,False
694,AGGTTC,1.0,0.4278606965174129,1.0,0.3592814371257485,False,,,False,False,False
695,AGGTTG,1.0,0.3695652173913043,1.0,0.6164383561643836,False,,,False,False,False
696,AGGTTT,1.0,0.3823529411764705,1.0,0.4459459459459459,False,,,False,False,False
697,AGTAAA,1.0,0.384,1.0,0.4770642201834862,False,,,False,False,False
698,AGTAAC,1.0,0.4551724137931034,1.0,0.624,False,,,False,False,False
699,AGTAAG,1.0,0.4236111111111111,1.0,0.6453900709219859,False,,,False,False,False
700,AGTAAT,1.0,0.4594594594594595,1.0,0.5658914728682171,False,,,False,False,False
701,AGTACA,1.0,0.6382978723404256,1.0,0.6434782608695652,False,,,False,False,False
702,AGTACC,1.0,0.4260869565217391,1.0,0.5370370370370371,False,,,False,False,False
703,AGTACG,1.0,0.3221476510067114,1.0,0.5,True,,,False,False,False
704,AGTACT,1.0,0.4452054794520548,1.0,0.6538461538461539,False,,,False,False,False
705,AGTAGA,1.0,0.4285714285714285,1.0,0.5161290322580645,False,,,False,False,False
706,AGTAGC,1.0,0.2994350282485876,1.0,0.4954954954954955,False,,,False,False,False
707,AGTAGG,1.0,0.6036585365853658,1.0,0.6554054054054054,False,,,False,False,False
708,AGTAGT,1.0,0.3433734939759036,1.0,0.3958333333333333,False,,,False,False,False
709,AGTATA,1.0,0.3772455089820359,1.0,0.5,False,,,False,False,False
710,AGTATC,1.0,0.437956204379562,1.0,0.6111111111111112,False,,,False,False,False
711,AGTATG,1.0,0.4046242774566474,1.0,0.5103448275862069,False,,,False,False,False
712,AGTATT,1.0,0.3440860215053763,1.0,0.4861111111111111,False,,,False,False,False
713,AGTCAA,1.0,0.3602484472049689,1.0,0.4538461538461538,False,,,False,False,False
714,AGTCAC,1.0,0.4539473684210526,1.0,0.5230769230769231,False,,,False,False,False
715,AGTCAG,1.0,0.4591194968553459,1.0,0.4594594594594595,False,,,False,False,False
716,AGTCAT,1.0,0.7571428571428571,1.0,0.5182481751824818,False,0.0187831165288526,,True,True,True
717,AGTCCA,1.0,0.4090909090909091,1.0,0.934959349593496,False,,0.001372707687621,True,False,False
718,AGTCCC,1.0,0.5723684210526315,1.0,0.3677419354838709,False,,,False,False,False
719,AGTCCG,1.0,0.5146198830409356,1.0,0.6438356164383562,True,,,False,False,False
720,AGTCCT,1.0,0.3735632183908046,1.0,0.6050420168067226,False,,,False,False,False
721,AGTCGA,1.0,0.3228346456692913,1.0,0.3703703703703703,True,,,False,False,False
722,AGTCGC,1.0,0.422077922077922,1.0,0.4274809160305343,True,,,False,False,False
723,AGTCGG,1.0,0.4867724867724867,1.0,0.512987012987013,True,,,False,False,False
724,AGTCGT,1.0,0.5094339622641509,1.0,0.7777777777777778,True,,,False,False,False
725,AGTCTA,1.0,0.3716216216216216,1.0,0.463768115942029,False,,,False,False,False
726,AGTCTC,1.0,0.5067567567567568,1.0,0.672566371681416,False,,,False,False,False
727,AGTCTG,1.0,0.4852071005917159,1.0,0.44,False,,,False,False,False
728,AGTCTT,1.0,0.3954802259887006,1.0,0.5286624203821656,False,,,False,False,False
729,AGTGAA,1.0,0.3178807947019867,1.0,0.5615384615384615,False,,,False,False,False
730,AGTGAC,1.0,0.2592592592592592,1.0,0.4210526315789473,False,,,False,False,False
731,AGTGAG,1.0,0.4840764331210191,1.0,0.6178861788617886,False,,,False,False,False
732,AGTGAT,1.0,0.3142857142857143,1.0,0.680672268907563,False,,,False,False,False
733,AGTGCA,1.0,0.5061728395061729,1.0,0.5384615384615384,False,,,False,False,False
734,AGTGCC,1.0,0.5032679738562091,1.0,0.6384615384615384,False,,,False,False,False
735,AGTGCG,1.0,0.5121951219512195,1.0,0.4054054054054054,True,,,False,False,False
736,AGTGCT,1.0,0.5214723926380368,1.0,0.4857142857142857,False,,,False,False,False
737,AGTGGA,1.0,0.4352941176470588,1.0,0.4788732394366197,False,,,False,False,False
738,AGTGGC,1.0,0.4047619047619047,1.0,0.4131736526946107,False,,,False,False,False
739,AGTGGG,1.0,0.4736842105263157,1.0,0.543859649122807,False,,,False,False,False
740,AGTGGT,1.0,0.3048128342245989,1.0,0.3933333333333333,False,,,False,False,False
741,AGTGTA,1.0,0.3292682926829268,1.0,0.3583815028901734,False,,,False,False,False
742,AGTGTC,1.0,0.4036144578313253,1.0,0.4551724137931034,False,,,False,False,False
743,AGTGTG,1.0,0.4,1.0,0.7482993197278912,False,,,False,False,False
744,AGTGTT,1.0,0.4248704663212435,1.0,0.762962962962963,False,,,False,False,False
745,AGTTAA,1.0,0.5705128205128205,1.0,0.5111111111111111,False,,,False,False,False
746,AGTTAC,1.0,0.55625,1.0,0.5625,False,,,False,False,False
747,AGTTAG,1.0,0.4728682170542636,1.0,0.4611111111111111,False,,,False,False,False
748,AGTTAT,1.0,0.3584905660377358,1.0,0.3505747126436782,False,,,False,False,False
749,AGTTCA,1.0,0.3977272727272727,1.0,0.4730538922155688,False,,,False,False,False
750,AGTTCC,1.0,0.4571428571428571,1.0,0.5714285714285714,False,,,False,False,False
751,AGTTCG,1.0,0.5,1.0,0.4315068493150685,True,,,False,False,False
752,AGTTCT,1.0,0.5031055900621118,1.0,0.4451612903225806,False,,,False,False,False
753,AGTTGA,1.0,0.4397163120567376,1.0,0.2695035460992908,False,,,False,False,False
754,AGTTGC,1.0,0.4161073825503356,1.0,0.3933333333333333,False,,,False,False,False
755,AGTTGG,1.0,0.4493670886075949,1.0,0.490566037735849,False,,,False,False,False
756,AGTTGT,1.0,0.5408805031446541,1.0,0.5142857142857142,False,,,False,False,False
757,AGTTTA,1.0,0.5298013245033113,1.0,0.5290322580645161,False,,,False,False,False
758,AGTTTC,1.0,0.2985074626865671,1.0,0.6952380952380952,False,,,False,False,False
759,AGTTTG,1.0,0.4715909090909091,1.0,0.6770186335403726,False,,,False,False,False
760,AGTTTT,1.0,0.4651162790697674,1.0,0.4878048780487805,False,,,False,False,False
761,ATAAAA,1.0,0.5909090909090909,1.0,0.512396694214876,False,,,False,False,False
762,ATAAAC,1.0,0.4242424242424242,1.0,0.4342105263157895,False,,,False,False,False
763,ATAAAG,1.0,0.3959731543624161,1.0,0.6517857142857143,False,,,False,False,False
764,ATAAAT,1.0,0.275,1.0,0.2681159420289855,False,,,False,False,False
765,ATAACA,1.0,0.4014084507042254,1.0,0.3636363636363636,False,,,False,False,False
766,ATAACC,1.0,0.782608695652174,1.0,0.69,False,0.0227372660153788,,True,True,True
767,ATAACG,1.0,0.5362318840579711,1.0,0.4146341463414634,True,,,False,False,False
768,ATAACT,1.0,0.5503875968992248,1.0,0.3306451612903225,False,,,False,False,False
769,ATAAGA,1.0,0.2937062937062937,1.0,0.5670103092783505,False,,,False,False,False
770,ATAAGC,1.0,0.5263157894736842,1.0,0.4680851063829787,False,,,False,False,False
771,ATAAGG,1.0,0.2706766917293233,1.0,0.4592592592592592,False,,,False,False,False
772,ATAAGT,1.0,0.3058823529411765,1.0,0.616,False,,,False,False,False
773,ATAATA,1.0,0.4827586206896552,1.0,0.5338983050847458,False,,,False,False,False
774,ATAATC,1.0,0.506578947368421,1.0,0.5223880597014925,False,,,False,False,False
775,ATAATG,1.0,0.4594594594594595,1.0,0.4958677685950413,False,,,False,False,False
776,ATAATT,1.0,0.5185185185185185,1.0,0.4357142857142857,False,,,False,False,False
777,ATACAA,1.0,0.3049645390070922,1.0,0.56,False,,,False,False,False
778,ATACAC,1.0,0.4344827586206896,1.0,0.4477611940298507,False,,,False,False,False
779,ATACAG,1.0,0.4755244755244755,1.0,0.5238095238095238,False,,,False,False,False
780,ATACAT,1.0,0.4518518518518518,1.0,0.4365079365079365,False,,,False,False,False
781,ATACCA,1.0,0.3458646616541353,1.0,0.4745762711864407,False,,,False,False,False
782,ATACCC,1.0,0.4523809523809524,1.0,0.4956521739130435,False,,,False,False,False
783,ATACCG,1.0,0.5038759689922481,1.0,0.5981308411214953,True,,,False,False,False
784,ATACCT,1.0,0.4609929078014184,1.0,0.3925233644859813,False,,,False,False,False
785,ATACGA,1.0,0.603448275862069,1.0,0.3565217391304348,True,,,False,False,False
786,ATACGC,1.0,0.4625,1.0,0.4402985074626865,True,,,False,False,False
787,ATACGG,1.0,0.3687150837988827,1.0,0.5492957746478874,True,,,False,False,False
788,ATACGT,1.0,0.503448275862069,1.0,0.5447761194029851,True,,,False,False,False
789,ATACTA,1.0,0.5089285714285714,1.0,0.4655172413793103,False,,,False,False,False
790,ATACTC,1.0,0.4615384615384615,1.0,0.4954128440366973,False,,,False,False,False
791,ATACTG,1.0,0.6027397260273972,1.0,0.6101694915254238,False,,,False,False,False
792,ATACTT,1.0,0.3432835820895522,1.0,0.40625,False,,,False,False,False
793,ATAGAA,1.0,0.4927536231884058,1.0,0.4952380952380952,False,,,False,False,False
794,ATAGAC,1.0,0.4651162790697674,1.0,0.32,False,,,False,False,False
795,ATAGAG,1.0,0.448051948051948,1.0,0.5107913669064749,False,,,False,False,False
796,ATAGAT,1.0,0.46875,1.0,0.4296875,False,,,False,False,False
797,ATAGCA,1.0,0.4518518518518518,1.0,0.4,False,,,False,False,False
798,ATAGCC,1.0,0.5642857142857143,1.0,0.5135135135135135,False,,,False,False,False
799,ATAGCG,1.0,0.5944055944055944,1.0,0.5555555555555556,True,,,False,False,False
800,ATAGCT,1.0,0.574468085106383,1.0,0.5099337748344371,False,,,False,False,False
801,ATAGGA,1.0,0.4316546762589928,1.0,0.4482758620689655,False,,,False,False,False
802,ATAGGC,1.0,0.4390243902439024,1.0,0.4339622641509434,False,,,False,False,False
803,ATAGGG,1.0,0.34,1.0,0.4964539007092198,False,,,False,False,False
804,ATAGGT,1.0,0.3947368421052631,1.0,0.4904458598726114,False,,,False,False,False
805,ATAGTA,1.0,0.5673758865248227,1.0,0.4628099173553719,False,,,False,False,False
806,ATAGTC,1.0,0.4965034965034965,1.0,0.6147540983606558,False,,,False,False,False
807,ATAGTG,1.0,0.3666666666666666,1.0,0.5352112676056338,False,,,False,False,False
808,ATAGTT,1.0,0.5104895104895105,1.0,0.8680555555555556,False,,0.0048113738843133,True,False,False
809,ATATAA,1.0,0.5789473684210527,1.0,0.5474452554744526,False,,,False,False,False
810,ATATAC,1.0,0.4,1.0,0.4166666666666667,False,,,False,False,False
811,ATATAG,1.0,0.5384615384615384,1.0,0.4803149606299212,False,,,False,False,False
812,ATATAT,1.0,0.5227272727272727,1.0,0.5075757575757576,False,,,False,False,False
813,ATATCA,1.0,0.5857142857142857,1.0,0.5765765765765766,False,,,False,False,False
814,ATATCC,1.0,0.5343511450381679,1.0,0.5384615384615384,False,,,False,False,False
815,ATATCG,1.0,0.5036496350364964,1.0,0.487012987012987,True,,,False,False,False
816,ATATCT,1.0,0.3708609271523179,1.0,0.4044117647058823,False,,,False,False,False
817,ATATGA,1.0,0.4393939393939394,1.0,0.4206349206349206,False,,,False,False,False
818,ATATGC,1.0,0.3374233128834356,1.0,0.5666666666666667,False,,,False,False,False
819,ATATGG,1.0,0.5,1.0,0.4887218045112781,False,,,False,False,False
820,ATATGT,1.0,0.406060606060606,1.0,0.3851851851851852,False,,,False,False,False
821,ATATTA,1.0,0.3544303797468354,1.0,0.5,False,,,False,False,False
822,ATATTC,1.0,0.36,1.0,0.5909090909090909,False,,,False,False,False
823,ATATTG,1.0,0.4852071005917159,1.0,0.5984848484848485,False,,,False,False,False
824,ATATTT,1.0,0.3945578231292517,1.0,0.4508196721311475,False,,,False,False,False
825,ATCAAA,1.0,0.4715447154471545,1.0,0.417391304347826,False,,,False,False,False
826,ATCAAC,1.0,0.4850746268656716,1.0,0.5142857142857142,False,,,False,False,False
827,ATCAAG,1.0,0.3424657534246575,1.0,0.3247863247863248,False,,,False,False,False
828,ATCAAT,1.0,0.38125,1.0,0.4274809160305343,False,,,False,False,False
829,ATCACA,1.0,0.4122807017543859,1.0,0.4324324324324324,False,,,False,False,False
830,ATCACC,1.0,0.4326241134751773,1.0,0.5178571428571429,False,,,False,False,False
831,ATCACG,1.0,0.4701986754966887,1.0,0.5714285714285714,True,,,False,False,False
832,ATCACT,1.0,0.3788819875776397,1.0,0.5892857142857143,False,,,False,False,False
833,ATCAGA,1.0,0.4589041095890411,1.0,0.7009345794392523,False,,,False,False,False
834,ATCAGC,1.0,0.4739884393063583,1.0,0.4397163120567376,False,,,False,False,False
835,ATCAGG,1.0,0.475,1.0,0.5490196078431373,False,,,False,False,False
836,ATCAGT,1.0,0.4936708860759494,1.0,0.4566929133858268,False,,,False,False,False
837,ATCATA,1.0,0.5136986301369864,1.0,0.4789915966386555,False,,,False,False,False
838,ATCATC,1.0,0.5625,1.0,0.5172413793103449,False,,,False,False,False
839,ATCATG,1.0,0.6474820143884892,1.0,0.6324786324786325,False,,,False,False,False
840,ATCATT,1.0,0.4642857142857143,1.0,0.3834586466165413,False,,,False,False,False
841,ATCCAA,1.0,0.4825174825174825,1.0,0.5462184873949579,False,,,False,False,False
842,ATCCAC,1.0,0.5038167938931297,1.0,0.8532110091743119,False,,0.0302374701427487,True,False,False
843,ATCCAG,1.0,0.6027397260273972,1.0,0.8907563025210085,False,,0.0078084275259272,True,False,False
844,ATCCAT,1.0,0.3380281690140845,1.0,0.4067796610169492,False,,,False,False,False
845,ATCCCA,1.0,0.3597122302158273,1.0,0.4018691588785046,False,,,False,False,False
846,ATCCCC,1.0,0.4871794871794871,1.0,0.7722772277227723,False,,,False,False,False
847,ATCCCG,1.0,0.4736842105263157,1.0,0.4070796460176991,True,,,False,False,False
848,ATCCCT,1.0,0.6111111111111112,1.0,0.5490196078431373,False,,,False,False,False
849,ATCCGA,1.0,0.5503875968992248,1.0,0.7009345794392523,True,,,False,False,False
850,ATCCGC,1.0,0.3855421686746988,1.0,0.7235772357723578,True,,,False,False,False
851,ATCCGG,1.0,0.4756756756756757,1.0,0.6387096774193548,True,,,False,False,False
852,ATCCGT,1.0,0.7022900763358778,1.0,0.6176470588235294,True,,,False,False,False
853,ATCCTA,1.0,0.4296875,1.0,0.8018867924528302,False,,,False,False,False
854,ATCCTC,1.0,0.4744525547445255,1.0,0.5135135135135135,False,,,False,False,False
855,ATCCTG,1.0,0.6717557251908397,1.0,0.4313725490196078,False,,,False,False,False
856,ATCCTT,1.0,0.4776119402985074,1.0,0.5073529411764706,False,,,False,False,False
857,ATCGAA,1.0,0.4653465346534653,1.0,0.8478260869565217,True,,,False,False,False
858,ATCGAC,1.0,0.4014084507042254,1.0,0.4214876033057851,True,,,False,False,False
859,ATCGAG,1.0,0.4516129032258064,1.0,0.4246575342465753,True,,,False,False,False
860,ATCGAT,1.0,0.2962962962962963,1.0,0.4108527131782946,True,,,False,False,False
861,ATCGCA,1.0,0.4130434782608695,1.0,0.4701492537313433,True,,,False,False,False
862,ATCGCC,1.0,0.4674556213017751,1.0,0.5486725663716814,True,,,False,False,False
863,ATCGCG,1.0,0.3952095808383233,1.0,0.3986928104575163,True,,,False,False,False
864,ATCGCT,1.0,0.4025157232704403,1.0,0.5109489051094891,True,,,False,False,False
865,ATCGGA,1.0,0.3389830508474576,1.0,0.5393939393939394,True,,,False,False,False
866,ATCGGC,1.0,0.377906976744186,1.0,0.4850299401197604,True,,,False,False,False
867,ATCGGG,1.0,0.449438202247191,1.0,0.558282208588957,True,,,False,False,False
868,ATCGGT,1.0,0.4896907216494845,1.0,0.4,True,,,False,False,False
869,ATCGTA,1.0,0.6287878787878788,1.0,0.4594594594594595,True,,,False,False,False
870,ATCGTC,1.0,0.4421768707482993,1.0,0.6071428571428571,True,,,False,False,False
871,ATCGTG,1.0,0.3862068965517241,1.0,0.4088050314465409,True,,,False,False,False
872,ATCGTT,1.0,0.5,1.0,0.4453781512605042,True,,,False,False,False
873,ATCTAA,1.0,0.4961240310077519,1.0,0.3565217391304348,False,,,False,False,False
874,ATCTAC,1.0,0.5480769230769231,1.0,0.5564516129032258,False,,,False,False,False
875,ATCTAG,1.0,1.0059880239520955,1.0,1.104,False,2.859906941148348e-09,4.647481302959604e-07,True,True,True
876,ATCTAT,1.0,0.3725490196078431,1.0,0.5079365079365079,False,,,False,False,False
877,ATCTCA,1.0,0.4871794871794871,1.0,0.4351145038167939,False,,,False,False,False
878,ATCTCC,1.0,0.5590551181102362,1.0,0.4380952380952381,False,,,False,False,False
879,ATCTCG,1.0,0.4228187919463087,1.0,0.5179856115107914,True,,,False,False,False
880,ATCTCT,1.0,0.3916666666666666,1.0,0.4864864864864865,False,,,False,False,False
881,ATCTGA,1.0,0.4328358208955223,1.0,0.4491525423728814,False,,,False,False,False
882,ATCTGC,1.0,0.572463768115942,1.0,0.4615384615384615,False,,,False,False,False
883,ATCTGG,1.0,0.3987730061349693,1.0,0.3529411764705882,False,,,False,False,False
884,ATCTGT,1.0,0.3801169590643274,1.0,0.4267515923566879,False,,,False,False,False
885,ATCTTA,1.0,0.624,1.0,0.5040650406504065,False,,,False,False,False
886,ATCTTC,1.0,0.5210084033613446,1.0,0.6339285714285714,False,,,False,False,False
887,ATCTTG,1.0,0.5426829268292683,1.0,0.5555555555555556,False,,,False,False,False
888,ATCTTT,1.0,0.4064516129032258,1.0,0.7094017094017094,False,,,False,False,False
889,ATGAAA,1.0,0.5080645161290323,1.0,0.6,False,,,False,False,False
890,ATGAAC,1.0,0.4297520661157025,1.0,0.5370370370370371,False,,,False,False,False
891,ATGAAG,1.0,0.3333333333333333,1.0,0.3644067796610169,False,,,False,False,False
892,ATGAAT,1.0,0.4344827586206896,1.0,0.6293103448275862,False,,,False,False,False
893,ATGACA,1.0,0.4642857142857143,1.0,0.4736842105263157,False,,,False,False,False
894,ATGACC,1.0,0.6231884057971014,1.0,0.4954954954954955,False,,,False,False,False
895,ATGACG,1.0,0.5284552845528455,1.0,0.5267175572519084,True,,,False,False,False
896,ATGACT,1.0,0.4538461538461538,1.0,0.4307692307692308,False,,,False,False,False
897,ATGAGA,1.0,0.48,1.0,0.6185567010309279,False,,,False,False,False
898,ATGAGC,1.0,0.5151515151515151,1.0,0.5,False,,,False,False,False
899,ATGAGG,1.0,0.3945578231292517,1.0,0.4545454545454545,False,,,False,False,False
900,ATGAGT,1.0,0.3855421686746988,1.0,0.4796747967479675,False,,,False,False,False
901,ATGATA,1.0,0.4754098360655737,1.0,0.4655172413793103,False,,,False,False,False
902,ATGATC,1.0,0.5343511450381679,1.0,0.5294117647058824,False,,,False,False,False
903,ATGATG,1.0,0.4962406015037593,1.0,0.5347222222222222,False,,,False,False,False
904,ATGATT,1.0,0.4545454545454545,1.0,0.6532258064516129,False,,,False,False,False
905,ATGCAA,1.0,0.4027777777777778,1.0,0.7203389830508474,False,,,False,False,False
906,ATGCAC,1.0,0.7464788732394366,1.0,0.6551724137931034,False,0.0234248565801487,,True,True,True
907,ATGCAG,1.0,0.3636363636363636,1.0,0.4038461538461538,False,,,False,False,False
908,ATGCAT,1.0,0.6133333333333333,1.0,0.6985294117647058,False,,,False,False,False
909,ATGCCA,1.0,0.5804195804195804,1.0,0.5069444444444444,False,,,False,False,False
910,ATGCCC,1.0,0.42,1.0,0.4822695035460992,False,,,False,False,False
911,ATGCCG,1.0,0.445859872611465,1.0,0.5673758865248227,True,,,False,False,False
912,ATGCCT,1.0,0.4897959183673469,1.0,0.4416666666666666,False,,,False,False,False
913,ATGCGA,1.0,0.4716981132075472,1.0,0.5089285714285714,True,,,False,False,False
914,ATGCGC,1.0,0.7344632768361582,1.0,0.6240601503759399,True,0.0115850357613679,,True,True,True
915,ATGCGG,1.0,0.5403726708074534,1.0,0.5432098765432098,True,,,False,False,False
916,ATGCGT,1.0,0.4044943820224719,1.0,0.6083333333333333,True,,,False,False,False
917,ATGCTA,1.0,0.5578231292517006,1.0,0.6528925619834711,False,,,False,False,False
918,ATGCTC,1.0,0.5702479338842975,1.0,0.6239316239316239,False,,,False,False,False
919,ATGCTG,1.0,0.5827814569536424,1.0,0.5570469798657718,False,,,False,False,False
920,ATGCTT,1.0,0.5220125786163522,1.0,0.5153846153846153,False,,,False,False,False
921,ATGGAA,1.0,0.45,1.0,0.6821705426356589,False,,,False,False,False
922,ATGGAC,1.0,0.2679738562091503,1.0,0.3676470588235294,False,,,False,False,False
923,ATGGAG,1.0,0.5390070921985816,1.0,0.4253731343283582,False,,,False,False,False
924,ATGGAT,1.0,0.4779411764705882,1.0,0.3897058823529412,False,,,False,False,False
925,ATGGCA,1.0,0.3403141361256545,1.0,0.6178343949044586,False,,,False,False,False
926,ATGGCC,1.0,0.4523809523809524,1.0,0.4761904761904761,False,,,False,False,False
927,ATGGCG,1.0,0.5591397849462365,1.0,0.5514705882352942,True,,,False,False,False
928,ATGGCT,1.0,0.6,1.0,0.7037037037037037,False,,,False,False,False
929,ATGGGA,1.0,0.4375,1.0,0.3435582822085889,False,,,False,False,False
930,ATGGGC,1.0,0.3814432989690721,1.0,0.4202127659574468,False,,,False,False,False
931,ATGGGG,1.0,0.4761904761904761,1.0,0.4139784946236559,False,,,False,False,False
932,ATGGGT,1.0,0.4852941176470588,1.0,0.5766871165644172,False,,,False,False,False
933,ATGGTA,1.0,0.3154761904761904,1.0,0.4610778443113772,False,,,False,False,False
934,ATGGTC,1.0,0.4170616113744075,1.0,0.5030674846625767,False,,,False,False,False
935,ATGGTG,1.0,0.3664596273291925,1.0,0.3841059602649007,False,,,False,False,False
936,ATGGTT,1.0,0.3448275862068966,1.0,0.3352601156069364,False,,,False,False,False
937,ATGTAA,1.0,0.4353741496598639,1.0,0.4469696969696969,False,,,False,False,False
938,ATGTAC,1.0,0.4154929577464789,1.0,0.4,False,,,False,False,False
939,ATGTAG,1.0,0.4873417721518987,1.0,0.6187050359712231,False,,,False,False,False
940,ATGTAT,1.0,0.4578313253012048,1.0,0.3308823529411764,False,,,False,False,False
941,ATGTCA,1.0,0.4715909090909091,1.0,0.4832214765100671,False,,,False,False,False
942,ATGTCC,1.0,0.7142857142857143,1.0,0.3137254901960784,False,,,False,False,False
943,ATGTCG,1.0,0.625,1.0,0.5441176470588235,True,,,False,False,False
944,ATGTCT,1.0,0.5380116959064327,1.0,0.4522292993630573,False,,,False,False,False
945,ATGTGA,1.0,0.5,1.0,0.3949044585987261,False,,,False,False,False
946,ATGTGC,1.0,0.5426829268292683,1.0,0.5286624203821656,False,,,False,False,False
947,ATGTGG,1.0,0.4407894736842105,1.0,0.3924050632911392,False,,,False,False,False
948,ATGTGT,1.0,0.478494623655914,1.0,0.5345911949685535,False,,,False,False,False
949,ATGTTA,1.0,0.5416666666666666,1.0,0.7016129032258065,False,,,False,False,False
950,ATGTTC,1.0,0.5568862275449101,1.0,0.6038961038961039,False,,,False,False,False
951,ATGTTG,1.0,0.367816091954023,1.0,0.4492753623188406,False,,,False,False,False
952,ATGTTT,1.0,0.7207792207792207,1.0,0.4941176470588235,False,0.034556220131192,,True,False,False
953,ATTAAA,1.0,0.4393939393939394,1.0,0.4077669902912621,False,,,False,False,False
954,ATTAAC,1.0,0.375,1.0,0.3709677419354839,False,,,False,False,False
955,ATTAAG,1.0,0.3680981595092024,1.0,0.4558823529411764,False,,,False,False,False
956,ATTAAT,1.0,0.3875,1.0,0.4822695035460992,False,,,False,False,False
957,ATTACA,1.0,0.4,1.0,0.6238532110091743,False,,,False,False,False
958,ATTACC,1.0,0.4083333333333333,1.0,0.4193548387096774,False,,,False,False,False
959,ATTACG,1.0,0.375796178343949,1.0,0.4545454545454545,True,,,False,False,False
960,ATTACT,1.0,0.4015748031496063,1.0,0.4473684210526316,False,,,False,False,False
961,ATTAGA,1.0,0.625,1.0,0.3900709219858156,False,,,False,False,False
962,ATTAGC,1.0,0.5620915032679739,1.0,0.6229508196721312,False,,,False,False,False
963,ATTAGG,1.0,0.5032258064516129,1.0,0.3972602739726027,False,,,False,False,False
964,ATTAGT,1.0,0.4436619718309859,1.0,0.3076923076923077,False,,,False,False,False
965,ATTATA,1.0,0.5588235294117647,1.0,0.4820143884892086,False,,,False,False,False
966,ATTATC,1.0,0.4583333333333333,1.0,0.6810344827586207,False,,,False,False,False
967,ATTATG,1.0,0.2684563758389262,1.0,0.4351145038167939,False,,,False,False,False
968,ATTATT,1.0,0.4969696969696969,1.0,0.4785714285714286,False,,,False,False,False
969,ATTCAA,1.0,0.3868613138686131,1.0,0.5135135135135135,False,,,False,False,False
970,ATTCAC,1.0,0.2621951219512195,1.0,0.4326241134751773,False,,,False,False,False
971,ATTCAG,1.0,0.4438502673796791,1.0,0.6788321167883211,False,,,False,False,False
972,ATTCAT,1.0,0.2555555555555555,1.0,0.3507462686567164,False,,,False,False,False
973,ATTCCA,1.0,0.4206349206349206,1.0,0.361344537815126,False,,,False,False,False
974,ATTCCC,1.0,0.2649006622516556,1.0,0.4455445544554455,False,,,False,False,False
975,ATTCCG,1.0,0.4551724137931034,1.0,0.4672131147540984,True,,,False,False,False
976,ATTCCT,1.0,0.3623188405797101,1.0,0.4285714285714285,False,,,False,False,False
977,ATTCGA,1.0,0.3963963963963964,1.0,0.4351851851851852,True,,,False,False,False
978,ATTCGC,1.0,0.4509803921568627,1.0,0.4113475177304964,True,,,False,False,False
979,ATTCGG,1.0,0.4083769633507853,1.0,0.3910891089108911,True,,,False,False,False
980,ATTCGT,1.0,0.536144578313253,1.0,0.4943820224719101,True,,,False,False,False
981,ATTCTA,1.0,0.4563758389261745,1.0,0.6428571428571429,False,,,False,False,False
982,ATTCTC,1.0,0.4724409448818897,1.0,0.3985507246376811,False,,,False,False,False
983,ATTCTG,1.0,0.4383561643835616,1.0,0.6762589928057554,False,,,False,False,False
984,ATTCTT,1.0,0.4557823129251701,1.0,0.3525179856115107,False,,,False,False,False
985,ATTGAA,1.0,0.5166666666666667,1.0,0.4918032786885246,False,,,False,False,False
986,ATTGAC,1.0,0.3955223880597014,1.0,0.5526315789473685,False,,,False,False,False
987,ATTGAG,1.0,0.4090909090909091,1.0,0.4094488188976378,False,,,False,False,False
988,ATTGAT,1.0,0.5899280575539568,1.0,0.4776119402985074,False,,,False,False,False
989,ATTGCA,1.0,0.3964497041420118,1.0,0.5472972972972973,False,,,False,False,False
990,ATTGCC,1.0,0.4104477611940298,1.0,0.5982142857142857,False,,,False,False,False
991,ATTGCG,1.0,0.4848484848484848,1.0,0.5658914728682171,True,,,False,False,False
992,ATTGCT,1.0,0.3930635838150289,1.0,0.674074074074074,False,,,False,False,False
993,ATTGGA,1.0,0.4379084967320261,1.0,0.5918367346938775,False,,,False,False,False
994,ATTGGC,1.0,0.4043715846994535,1.0,0.5317919075144508,False,,,False,False,False
995,ATTGGG,1.0,0.4126984126984127,1.0,0.5838509316770186,False,,,False,False,False
996,ATTGGT,1.0,0.3697916666666667,1.0,0.5,False,,,False,False,False
997,ATTGTA,1.0,0.5660377358490566,1.0,0.5894039735099338,False,,,False,False,False
998,ATTGTC,1.0,0.4437869822485207,1.0,0.5483870967741935,False,,,False,False,False
999,ATTGTG,1.0,0.6610169491525424,1.0,0.5487804878048781,False,,,False,False,False
1000,ATTGTT,1.0,0.4555555555555555,1.0,0.4191616766467065,False,,,False,False,False
1001,ATTTAA,1.0,0.4304635761589404,1.0,0.6991869918699187,False,,,False,False,False
1002,ATTTAC,1.0,0.5131578947368421,1.0,0.4930555555555556,False,,,False,False,False
1003,ATTTAG,1.0,0.4777070063694267,1.0,0.4068965517241379,False,,,False,False,False
1004,ATTTAT,1.0,0.5620915032679739,1.0,0.3733333333333333,False,,,False,False,False
1005,ATTTCA,1.0,0.4567901234567901,1.0,0.6029411764705882,False,,,False,False,False
1006,ATTTCC,1.0,0.4,1.0,0.4558823529411764,False,,,False,False,False
1007,ATTTCT,1.0,0.3392857142857143,1.0,0.5608108108108109,False,,,False,False,False
1008,ATTTGA,1.0,0.4258064516129032,1.0,0.4520547945205479,False,,,False,False,False
1009,ATTTGC,1.0,0.4518072289156626,1.0,0.4012738853503185,False,,,False,False,False
1010,ATTTGG,1.0,0.4705882352941176,1.0,0.4602272727272727,False,,,False,False,False
1011,ATTTGT,1.0,0.4730538922155688,1.0,0.5328947368421053,False,,,False,False,False
1012,ATTTTA,1.0,0.4423076923076923,1.0,0.6030534351145038,False,,,False,False,False
1013,ATTTTC,1.0,0.3884297520661157,1.0,0.41,False,,,False,False,False
1014,ATTTTG,1.0,0.3459459459459459,1.0,0.4705882352941176,False,,,False,False,False
1015,ATTTTT,1.0,0.4222222222222222,1.0,0.3571428571428571,False,,,False,False,False
1016,CAAAAA,1.0,0.4285714285714285,1.0,0.4210526315789473,False,,,False,False,False
1017,CAAAAC,1.0,0.3979591836734694,1.0,0.2947368421052631,False,,,False,False,False
1018,CAAAAG,1.0,0.3741007194244604,1.0,0.4488188976377952,False,,,False,False,False
1019,CAAAAT,1.0,0.3172413793103448,1.0,0.4608695652173913,False,,,False,False,False
1020,CAAACA,1.0,0.4482758620689655,1.0,0.6346153846153846,False,,,False,False,False
1021,CAAACC,1.0,0.4462809917355372,1.0,0.9552238805970148,False,,0.0324836507506168,True,False,False
1022,CAAACT,1.0,0.4672131147540984,1.0,0.5849056603773585,False,,,False,False,False
1023,CAAAGA,1.0,0.39568345323741,1.0,0.4508196721311475,False,,,False,False,False
1024,CAAAGC,1.0,0.4571428571428571,1.0,0.4745762711864407,False,,,False,False,False
1025,CAAAGG,1.0,0.425,1.0,0.50920245398773,False,,,False,False,False
1026,CAAAGT,1.0,0.4565217391304347,1.0,0.4883720930232558,False,,,False,False,False
1027,CAAATA,1.0,0.453125,1.0,0.5148514851485149,False,,,False,False,False
1028,CAAATC,1.0,0.5074626865671642,1.0,0.472,False,,,False,False,False
1029,CAAATG,1.0,0.3788819875776397,1.0,0.5307692307692308,False,,,False,False,False
1030,CAAATT,1.0,0.4342105263157895,1.0,0.4166666666666667,False,,,False,False,False
1031,CAACAA,1.0,0.4354838709677419,1.0,0.7070707070707071,False,,,False,False,False
1032,CAACAC,1.0,0.4642857142857143,1.0,0.4385964912280701,False,,,False,False,False
1033,CAACAG,1.0,0.3235294117647059,1.0,0.3968253968253968,False,,,False,False,False
1034,CAACAT,1.0,0.373134328358209,1.0,0.4628099173553719,False,,,False,False,False
1035,CAACCA,1.0,0.4883720930232558,1.0,0.5315315315315315,False,,,False,False,False
1036,CAACCC,1.0,0.3758389261744966,1.0,0.5490196078431373,False,,,False,False,False
1037,CAACCG,1.0,0.4428571428571428,1.0,0.5526315789473685,True,,,False,False,False
1038,CAACCT,1.0,0.5114503816793893,1.0,0.5338983050847458,False,,,False,False,False
1039,CAACGA,1.0,0.2662337662337662,1.0,0.4761904761904761,True,,,False,False,False
1040,CAACGC,1.0,0.5036496350364964,1.0,0.5683453237410072,True,,,False,False,False
1041,CAACGG,1.0,0.5748502994011976,1.0,0.610738255033557,True,,,False,False,False
1042,CAACGT,1.0,0.3962264150943396,1.0,0.5275590551181102,True,,,False,False,False
1043,CAACTA,1.0,0.490566037735849,1.0,0.5643564356435643,False,,,False,False,False
1044,CAACTC,1.0,0.4427480916030534,1.0,0.5163934426229508,False,,,False,False,False
1045,CAACTG,1.0,0.5285714285714286,1.0,0.5299145299145299,False,,,False,False,False
1046,CAACTT,1.0,0.5112781954887218,1.0,0.6090909090909091,False,,,False,False,False
1047,CAAGAA,1.0,0.5431034482758621,1.0,0.689922480620155,False,,,False,False,False
1048,CAAGAC,1.0,0.5384615384615384,1.0,0.4299065420560747,False,,,False,False,False
1049,CAAGAG,1.0,0.4071856287425149,1.0,0.4709677419354838,False,,,False,False,False
1050,CAAGAT,1.0,0.6605504587155964,1.0,0.5135135135135135,False,,,False,False,False
1051,CAAGCA,1.0,0.5975609756097561,1.0,0.5636363636363636,False,,,False,False,False
1052,CAAGCC,1.0,0.4203821656050955,1.0,0.5454545454545454,False,,,False,False,False
1053,CAAGCG,1.0,0.5723684210526315,1.0,0.4758620689655172,True,,,False,False,False
1054,CAAGCT,1.0,0.4459459459459459,1.0,0.4809160305343511,False,,,False,False,False
1055,CAAGGA,1.0,0.5266666666666666,1.0,0.5748031496062992,False,,,False,False,False
1056,CAAGGC,1.0,0.5057471264367817,1.0,0.475,False,,,False,False,False
1057,CAAGGG,1.0,0.4293785310734463,1.0,0.4518072289156626,False,,,False,False,False
1058,CAAGGT,1.0,0.4189944134078212,1.0,0.6621621621621622,False,,,False,False,False
1059,CAAGTA,1.0,0.4027777777777778,1.0,0.5902777777777778,False,,,False,False,False
1060,CAAGTC,1.0,0.3509933774834437,1.0,0.6528925619834711,False,,,False,False,False
1061,CAAGTG,1.0,0.3583815028901734,1.0,0.6,False,,,False,False,False
1062,CAAGTT,1.0,0.4375,1.0,0.3793103448275862,False,,,False,False,False
1063,CAATAA,1.0,0.656,1.0,0.6697247706422018,False,,,False,False,False
1064,CAATAC,1.0,0.7131147540983607,1.0,0.5714285714285714,False,,,False,False,False
1065,CAATAG,1.0,0.3717948717948718,1.0,0.5801526717557252,False,,,False,False,False
1066,CAATAT,1.0,0.45,1.0,0.8317757009345794,False,,0.0495502201786835,True,False,False
1067,CAATCA,1.0,0.277027027027027,1.0,0.2564102564102564,False,,,False,False,False
1068,CAATCC,1.0,0.4130434782608695,1.0,0.4473684210526316,False,,,False,False,False
1069,CAATCG,1.0,0.2967741935483871,1.0,0.4714285714285714,True,,,False,False,False
1070,CAATCT,1.0,0.4846153846153846,1.0,0.6637931034482759,False,,,False,False,False
1071,CAATGA,1.0,0.6048387096774194,1.0,0.5126050420168067,False,,,False,False,False
1072,CAATGC,1.0,0.4076433121019108,1.0,0.6666666666666666,False,,,False,False,False
1073,CAATGG,1.0,0.5120481927710844,1.0,0.7841726618705036,False,,,False,False,False
1074,CAATGT,1.0,0.558282208588957,1.0,0.3971631205673759,False,,,False,False,False
1075,CAATTA,1.0,0.4812030075187969,1.0,0.4919354838709677,False,,,False,False,False
1076,CAATTC,1.0,0.4507042253521127,1.0,0.3284671532846715,False,,,False,False,False
1077,CAATTG,1.0,0.4753086419753086,1.0,0.5933333333333334,False,,,False,False,False
1078,CAATTT,1.0,0.2699386503067484,1.0,0.4885496183206106,False,,,False,False,False
1079,CACAAA,1.0,0.625,1.0,0.776595744680851,False,,,False,False,False
1080,CACAAC,1.0,0.5273972602739726,1.0,0.6826923076923077,False,,,False,False,False
1081,CACAAG,1.0,0.5939849624060151,1.0,0.65,False,,,False,False,False
1082,CACAAT,1.0,0.5661764705882353,1.0,0.628099173553719,False,,,False,False,False
1083,CACACA,1.0,0.4013605442176871,1.0,0.6698113207547169,False,,,False,False,False
1084,CACACC,1.0,0.4051724137931034,1.0,0.41,False,,,False,False,False
1085,CACACG,1.0,0.3766233766233766,1.0,0.5078125,True,,,False,False,False
1086,CACACT,1.0,0.5118110236220472,1.0,0.8297872340425532,False,,,False,False,False
1087,CACAGA,1.0,0.5983606557377049,1.0,0.6636363636363637,False,,,False,False,False
1088,CACAGC,1.0,0.45,1.0,0.4836601307189542,False,,,False,False,False
1089,CACAGG,1.0,0.5987654320987654,1.0,0.6394557823129252,False,,,False,False,False
1090,CACAGT,1.0,0.6268656716417911,1.0,0.6416666666666667,False,,,False,False,False
1091,CACATA,1.0,0.4926470588235294,1.0,0.3923076923076923,False,,,False,False,False
1092,CACATC,1.0,0.6343283582089553,1.0,0.6166666666666667,False,,,False,False,False
1093,CACATG,1.0,0.5657894736842105,1.0,0.728,False,,,False,False,False
1094,CACATT,1.0,0.3972602739726027,1.0,0.4297520661157025,False,,,False,False,False
1095,CACCAA,1.0,0.5772357723577236,1.0,0.4,False,,,False,False,False
1096,CACCAC,1.0,0.4016393442622951,1.0,0.3611111111111111,False,,,False,False,False
1097,CACCAG,1.0,0.4666666666666667,1.0,0.6239316239316239,False,,,False,False,False
1098,CACCAT,1.0,0.592,1.0,0.5663716814159292,False,,,False,False,False
1099,CACCCA,1.0,0.3985507246376811,1.0,0.7444444444444445,False,,,False,False,False
1100,CACCCC,1.0,0.5,1.0,0.5094339622641509,False,,,False,False,False
1101,CACCCG,1.0,0.3355263157894737,1.0,0.4511278195488721,True,,,False,False,False
1102,CACCCT,1.0,0.371900826446281,1.0,0.5384615384615384,False,,,False,False,False
1103,CACCGA,1.0,0.5434782608695652,1.0,0.8977272727272727,True,,0.0298125417047918,True,False,False
1104,CACCGC,1.0,0.3806451612903225,1.0,0.5583333333333333,True,,,False,False,False
1105,CACCGG,1.0,0.481283422459893,1.0,0.4935897435897436,True,,,False,False,False
1106,CACCGT,1.0,0.4822695035460992,1.0,0.75,True,,,False,False,False
1107,CACCTA,1.0,0.5391304347826087,1.0,0.5,False,,,False,False,False
1108,CACCTC,1.0,0.3840579710144927,1.0,0.57,False,,,False,False,False
1109,CACCTG,1.0,0.51875,1.0,0.7619047619047619,False,,,False,False,False
1110,CACCTT,1.0,0.4758620689655172,1.0,0.4778761061946903,False,,,False,False,False
1111,CACGAA,1.0,0.3867924528301887,1.0,0.422680412371134,True,,,False,False,False
1112,CACGAC,1.0,0.4295302013422818,1.0,0.5433070866141733,True,,,False,False,False
1113,CACGAG,1.0,0.564625850340136,1.0,0.4628099173553719,True,,,False,False,False
1114,CACGAT,1.0,0.4465408805031446,1.0,0.6554621848739496,True,,,False,False,False
1115,CACGCA,1.0,0.4228187919463087,1.0,0.4685314685314685,True,,,False,False,False
1116,CACGCC,1.0,0.3390804597701149,1.0,0.3565217391304348,True,,,False,False,False
1117,CACGCG,1.0,0.4551282051282051,1.0,0.532051282051282,True,,,False,False,False
1118,CACGCT,1.0,0.5344827586206896,1.0,0.4285714285714285,True,,,False,False,False
1119,CACGGA,1.0,0.3846153846153846,1.0,0.4580152671755725,True,,,False,False,False
1120,CACGGC,1.0,0.5664739884393064,1.0,0.5971223021582733,True,,,False,False,False
1121,CACGGG,1.0,0.4471153846153846,1.0,0.5987261146496815,True,,,False,False,False
1122,CACGGT,1.0,0.5454545454545454,1.0,0.3672316384180791,True,,,False,False,False
1123,CACGTA,1.0,0.6861313868613139,1.0,0.5524475524475524,True,,,False,False,False
1124,CACGTC,1.0,0.48125,1.0,0.72,True,,,False,False,False
1125,CACGTG,1.0,0.5263157894736842,1.0,0.4903225806451612,True,,,False,False,False
1126,CACGTT,1.0,0.3739837398373983,1.0,0.6756756756756757,True,,,False,False,False
1127,CACTAA,1.0,0.5042016806722689,1.0,0.5798319327731093,False,,,False,False,False
1128,CACTAC,1.0,0.3859649122807017,1.0,0.5700934579439252,False,,,False,False,False
1129,CACTAG,1.0,0.2765957446808511,1.0,0.4603174603174603,False,,,False,False,False
1130,CACTAT,1.0,0.5087719298245614,1.0,0.5166666666666667,False,,,False,False,False
1131,CACTCA,1.0,0.3888888888888889,1.0,0.5348837209302325,False,,,False,False,False
1132,CACTCC,1.0,0.4166666666666667,1.0,0.5981308411214953,False,,,False,False,False
1133,CACTCG,1.0,0.4161073825503356,1.0,0.4965034965034965,True,,,False,False,False
1134,CACTCT,1.0,0.5467625899280576,1.0,0.3333333333333333,False,,,False,False,False
1135,CACTGA,1.0,0.366412213740458,1.0,0.4918032786885246,False,,,False,False,False
1136,CACTGC,1.0,0.4689655172413793,1.0,0.396551724137931,False,,,False,False,False
1137,CACTGG,1.0,0.3212435233160621,1.0,0.4285714285714285,False,,,False,False,False
1138,CACTGT,1.0,0.4566473988439306,1.0,0.4153846153846154,False,,,False,False,False
1139,CACTTA,1.0,0.4,1.0,0.6470588235294118,False,,,False,False,False
1140,CACTTC,1.0,0.4929577464788732,1.0,0.539568345323741,False,,,False,False,False
1141,CACTTG,1.0,0.4258064516129032,1.0,0.6587301587301587,False,,,False,False,False
1142,CACTTT,1.0,0.5588235294117647,1.0,0.5673076923076923,False,,,False,False,False
1143,CAGAAA,1.0,0.375,1.0,0.5258620689655172,False,,,False,False,False
1144,CAGAAC,1.0,0.4491525423728814,1.0,0.5596330275229358,False,,,False,False,False
1145,CAGAAG,1.0,0.3669064748201439,1.0,0.464,False,,,False,False,False
1146,CAGAAT,1.0,0.4496644295302013,1.0,0.5454545454545454,False,,,False,False,False
1147,CAGACA,1.0,0.562962962962963,1.0,0.6,False,,,False,False,False
1148,CAGACC,1.0,0.4108527131782946,1.0,0.25,False,,,False,False,False
1149,CAGACG,1.0,0.5369127516778524,1.0,0.6666666666666666,True,,,False,False,False
1150,CAGACT,1.0,0.5967741935483871,1.0,0.5229357798165137,False,,,False,False,False
1151,CAGAGA,1.0,0.4015748031496063,1.0,0.396551724137931,False,,,False,False,False
1152,CAGAGC,1.0,0.3503184713375796,1.0,0.4248366013071895,False,,,False,False,False
1153,CAGAGG,1.0,0.6125,1.0,0.5142857142857142,False,,,False,False,False
1154,CAGAGT,1.0,0.5231788079470199,1.0,0.746031746031746,False,,,False,False,False
1155,CAGATA,1.0,0.4444444444444444,1.0,0.3790322580645161,False,,,False,False,False
1156,CAGATC,1.0,0.4217687074829932,1.0,0.5126050420168067,False,,,False,False,False
1157,CAGATG,1.0,0.5294117647058824,1.0,0.4895104895104895,False,,,False,False,False
1158,CAGATT,1.0,0.4666666666666667,1.0,0.4166666666666667,False,,,False,False,False
1159,CAGCAA,1.0,0.4,1.0,0.4206896551724138,False,,,False,False,False
1160,CAGCAC,1.0,0.6029411764705882,1.0,0.4366197183098591,False,,,False,False,False
1161,CAGCAG,1.0,0.2774193548387096,1.0,0.5918367346938775,False,,,False,False,False
1162,CAGCAT,1.0,0.391304347826087,1.0,0.4452054794520548,False,,,False,False,False
1163,CAGCCA,1.0,0.4626865671641791,1.0,0.5172413793103449,False,,,False,False,False
1164,CAGCCC,1.0,0.6206896551724138,1.0,0.7704918032786885,False,,,False,False,False
1165,CAGCCG,1.0,0.5467625899280576,1.0,0.5441176470588235,True,,,False,False,False
1166,CAGCCT,1.0,0.6384615384615384,1.0,0.7226890756302521,False,,,False,False,False
1167,CAGCGA,1.0,0.4084507042253521,1.0,0.6814814814814815,True,,,False,False,False
1168,CAGCGC,1.0,0.4337349397590361,1.0,0.6558441558441559,True,,,False,False,False
1169,CAGCGG,1.0,0.4970760233918128,1.0,0.551948051948052,True,,,False,False,False
1170,CAGCGT,1.0,0.5426829268292683,1.0,0.4337349397590361,True,,,False,False,False
1171,CAGCTA,1.0,0.4755244755244755,1.0,0.4615384615384615,False,,,False,False,False
1172,CAGCTC,1.0,0.4545454545454545,1.0,0.5929203539823009,False,,,False,False,False
1173,CAGCTG,1.0,0.4383561643835616,1.0,0.5693430656934306,False,,,False,False,False
1174,CAGCTT,1.0,0.475,1.0,0.4772727272727273,False,,,False,False,False
1175,CAGGAA,1.0,0.5789473684210527,1.0,0.4645669291338583,False,,,False,False,False
1176,CAGGAC,1.0,0.5862068965517241,1.0,0.5471698113207547,False,,,False,False,False
1177,CAGGAG,1.0,0.3579545454545454,1.0,0.5190839694656488,False,,,False,False,False
1178,CAGGAT,1.0,0.4102564102564102,1.0,0.5899280575539568,False,,,False,False,False
1179,CAGGCA,1.0,0.45,1.0,0.5036496350364964,False,,,False,False,False
1180,CAGGCC,1.0,0.6033519553072626,1.0,0.4320987654320987,False,,,False,False,False
1181,CAGGCG,1.0,0.436046511627907,1.0,0.8552631578947368,True,,0.0052547728446722,True,False,False
1182,CAGGCT,1.0,0.5766871165644172,1.0,0.6560509554140127,False,,,False,False,False
1183,CAGGGA,1.0,0.5725806451612904,1.0,0.46875,False,,,False,False,False
1184,CAGGGC,1.0,0.4923857868020304,1.0,0.5348837209302325,False,,,False,False,False
1185,CAGGGG,1.0,0.4587628865979381,1.0,0.704225352112676,False,,,False,False,False
1186,CAGGGT,1.0,0.5081967213114754,1.0,0.5977653631284916,False,,,False,False,False
1187,CAGGTA,1.0,0.4037267080745341,1.0,0.5214723926380368,False,,,False,False,False
1188,CAGGTC,1.0,0.3597883597883597,1.0,0.3392857142857143,False,,,False,False,False
1189,CAGGTG,1.0,0.3544973544973545,1.0,0.4266666666666667,False,,,False,False,False
1190,CAGGTT,1.0,0.3838383838383838,1.0,0.4242424242424242,False,,,False,False,False
1191,CAGTAA,1.0,0.3974358974358974,1.0,0.559322033898305,False,,,False,False,False
1192,CAGTAC,1.0,0.5151515151515151,1.0,0.6160714285714286,False,,,False,False,False
1193,CAGTAG,1.0,0.3459119496855345,1.0,0.574468085106383,False,,,False,False,False
1194,CAGTAT,1.0,0.3028571428571429,1.0,0.6131386861313869,False,,,False,False,False
1195,CAGTCA,1.0,0.5085714285714286,1.0,0.5302013422818792,False,,,False,False,False
1196,CAGTCC,1.0,0.5705882352941176,1.0,0.4814814814814814,False,,,False,False,False
1197,CAGTCG,1.0,0.4764397905759162,1.0,0.5294117647058824,True,,,False,False,False
1198,CAGTCT,1.0,0.4114285714285714,1.0,0.3571428571428571,False,,,False,False,False
1199,CAGTGA,1.0,0.3798449612403101,1.0,0.5813953488372093,False,,,False,False,False
1200,CAGTGC,1.0,0.6035502958579881,1.0,0.5512820512820513,False,,,False,False,False
1201,CAGTGG,1.0,0.4350282485875706,1.0,0.3988095238095238,False,,,False,False,False
1202,CAGTGT,1.0,0.375,1.0,0.5576923076923077,False,,,False,False,False
1203,CAGTTA,1.0,0.5323741007194245,1.0,0.4155844155844156,False,,,False,False,False
1204,CAGTTC,1.0,0.4226190476190476,1.0,0.6230769230769231,False,,,False,False,False
1205,CAGTTG,1.0,0.4788732394366197,1.0,0.3543307086614173,False,,,False,False,False
1206,CAGTTT,1.0,0.3142857142857143,1.0,0.6190476190476191,False,,,False,False,False
1207,CATAAA,1.0,0.2888888888888888,1.0,0.408695652173913,False,,,False,False,False
1208,CATAAC,1.0,0.6048387096774194,1.0,0.4205607476635514,False,,,False,False,False
1209,CATAAG,1.0,0.3289473684210526,1.0,0.631578947368421,False,,,False,False,False
1210,CATAAT,1.0,0.3821656050955414,1.0,0.4772727272727273,False,,,False,False,False
1211,CATACA,1.0,0.5476190476190477,1.0,0.5357142857142857,False,,,False,False,False
1212,CATACC,1.0,0.3292682926829268,1.0,0.5945945945945946,False,,,False,False,False
1213,CATACG,1.0,0.3333333333333333,1.0,0.4413793103448276,True,,,False,False,False
1214,CATACT,1.0,0.4097222222222222,1.0,0.5871559633027523,False,,,False,False,False
1215,CATAGA,1.0,0.375886524822695,1.0,0.3533834586466165,False,,,False,False,False
1216,CATAGC,1.0,0.672,1.0,0.5135135135135135,False,,,False,False,False
1217,CATAGG,1.0,0.3651685393258427,1.0,0.4503311258278146,False,,,False,False,False
1218,CATAGT,1.0,0.5660377358490566,1.0,0.6370370370370371,False,,,False,False,False
1219,CATATA,1.0,0.3916083916083916,1.0,0.4393939393939394,False,,,False,False,False
1220,CATATC,1.0,0.5165562913907285,1.0,0.4413793103448276,False,,,False,False,False
1221,CATATG,1.0,0.4049079754601227,1.0,0.3958333333333333,False,,,False,False,False
1222,CATATT,1.0,0.6148648648648649,1.0,0.5,False,,,False,False,False
1223,CATCAA,1.0,0.5,1.0,0.4310344827586206,False,,,False,False,False
1224,CATCAC,1.0,0.271523178807947,1.0,0.4270833333333333,False,,,False,False,False
1225,CATCAG,1.0,0.4705882352941176,1.0,0.680327868852459,False,,,False,False,False
1226,CATCAT,1.0,0.7352941176470589,1.0,0.5777777777777777,False,0.0376891208782979,,True,False,False
1227,CATCCA,1.0,0.5379310344827586,1.0,0.6612903225806451,False,,,False,False,False
1228,CATCCC,1.0,0.4573643410852713,1.0,0.5338983050847458,False,,,False,False,False
1229,CATCCG,1.0,0.4805194805194805,1.0,0.725,True,,,False,False,False
1230,CATCCT,1.0,0.5555555555555556,1.0,0.5454545454545454,False,,,False,False,False
1231,CATCGA,1.0,0.373134328358209,1.0,0.4397163120567376,True,,,False,False,False
1232,CATCGC,1.0,0.3664596273291925,1.0,0.5317460317460317,True,,,False,False,False
1233,CATCGG,1.0,0.5819209039548022,1.0,0.6120218579234973,True,,,False,False,False
1234,CATCGT,1.0,0.6762589928057554,1.0,0.4344827586206896,True,,,False,False,False
1235,CATCTA,1.0,1.0,1.0,0.8809523809523809,False,1.5846612185889506e-07,0.0073388931676906,True,True,True
1236,CATCTC,1.0,0.4351145038167939,1.0,0.4789915966386555,False,,,False,False,False
1237,CATCTG,1.0,0.5324675324675324,1.0,0.3670886075949367,False,,,False,False,False
1238,CATCTT,1.0,0.5912408759124088,1.0,0.5103448275862069,False,,,False,False,False
1239,CATGAA,1.0,0.4198473282442748,1.0,0.6736842105263158,False,,,False,False,False
1240,CATGAC,1.0,0.4647887323943662,1.0,0.4253731343283582,False,,,False,False,False
1241,CATGAG,1.0,0.448051948051948,1.0,0.5205479452054794,False,,,False,False,False
1242,CATGAT,1.0,0.5,1.0,0.8,False,,,False,False,False
1243,CATGCA,1.0,0.5821917808219178,1.0,0.7054263565891473,False,,,False,False,False
1244,CATGCC,1.0,0.5294117647058824,1.0,0.5032679738562091,False,,,False,False,False
1245,CATGCG,1.0,0.3695652173913043,1.0,0.4305555555555556,True,,,False,False,False
1246,CATGCT,1.0,0.6493506493506493,1.0,0.728,False,,,False,False,False
1247,CATGGA,1.0,0.3961038961038961,1.0,0.4246575342465753,False,,,False,False,False
1248,CATGGC,1.0,0.5260115606936416,1.0,0.6894409937888198,False,,,False,False,False
1249,CATGGG,1.0,0.4482758620689655,1.0,0.4709302325581395,False,,,False,False,False
1250,CATGGT,1.0,0.4329268292682927,1.0,0.4823529411764706,False,,,False,False,False
1251,CATGTA,1.0,0.5675675675675675,1.0,0.65,False,,,False,False,False
1252,CATGTC,1.0,0.6442953020134228,1.0,0.512987012987013,False,,,False,False,False
1253,CATGTG,1.0,0.445859872611465,1.0,0.6615384615384615,False,,,False,False,False
1254,CATGTT,1.0,0.49375,1.0,0.5882352941176471,False,,,False,False,False
1255,CATTAA,1.0,0.5211267605633803,1.0,0.396551724137931,False,,,False,False,False
1256,CATTAC,1.0,0.3383458646616541,1.0,0.6185567010309279,False,,,False,False,False
1257,CATTAG,1.0,0.6066666666666667,1.0,0.3945578231292517,False,,,False,False,False
1258,CATTAT,1.0,0.3972602739726027,1.0,0.4590163934426229,False,,,False,False,False
1259,CATTCA,1.0,0.5149253731343284,1.0,0.5433070866141733,False,,,False,False,False
1260,CATTCC,1.0,0.5073529411764706,1.0,0.5042735042735043,False,,,False,False,False
1261,CATTCG,1.0,0.5364238410596026,1.0,0.3734177215189873,True,,,False,False,False
1262,CATTCT,1.0,0.4039735099337748,1.0,0.4064516129032258,False,,,False,False,False
1263,CATTGA,1.0,0.5586206896551724,1.0,0.4521739130434782,False,,,False,False,False
1264,CATTGC,1.0,0.4383561643835616,1.0,0.4090909090909091,False,,,False,False,False
1265,CATTGG,1.0,0.4806629834254143,1.0,0.6282051282051282,False,,,False,False,False
1266,CATTGT,1.0,0.5214723926380368,1.0,0.5174418604651163,False,,,False,False,False
1267,CATTTA,1.0,0.4011627906976744,1.0,0.3617021276595745,False,,,False,False,False
1268,CATTTC,1.0,0.5390625,1.0,0.59,False,,,False,False,False
1269,CATTTG,1.0,0.4457142857142857,1.0,0.3782051282051282,False,,,False,False,False
1270,CATTTT,1.0,0.4311377245508982,1.0,0.5289855072463768,False,,,False,False,False
1271,CCAAAA,1.0,0.5,1.0,0.3643410852713178,False,,,False,False,False
1272,CCAAAC,1.0,0.4943820224719101,1.0,0.5223880597014925,False,,,False,False,False
1273,CCAAAG,1.0,0.3553719008264462,1.0,0.4959349593495935,False,,,False,False,False
1274,CCAAAT,1.0,0.4365079365079365,1.0,0.7096774193548387,False,,,False,False,False
1275,CCAACA,1.0,0.4752475247524752,1.0,0.504424778761062,False,,,False,False,False
1276,CCAACC,1.0,0.4333333333333333,1.0,0.6382978723404256,False,,,False,False,False
1277,CCAACG,1.0,0.3103448275862069,1.0,0.5,True,,,False,False,False
1278,CCAACT,1.0,0.6238532110091743,1.0,0.6210526315789474,False,,,False,False,False
1279,CCAAGA,1.0,0.5423728813559322,1.0,0.5526315789473685,False,,,False,False,False
1280,CCAAGC,1.0,0.5632911392405063,1.0,0.5625,False,,,False,False,False
1281,CCAAGG,1.0,0.5512820512820513,1.0,0.5547445255474452,False,,,False,False,False
1282,CCAAGT,1.0,0.3472222222222222,1.0,0.6771653543307087,False,,,False,False,False
1283,CCAATA,1.0,0.4420289855072464,1.0,0.7555555555555555,False,,,False,False,False
1284,CCAATC,1.0,0.4776119402985074,1.0,0.6836734693877551,False,,,False,False,False
1285,CCAATG,1.0,0.4539473684210526,1.0,0.5210084033613446,False,,,False,False,False
1286,CCAATT,1.0,0.4966887417218543,1.0,0.5702479338842975,False,,,False,False,False
1287,CCACAA,1.0,0.6460176991150443,1.0,0.9278350515463918,False,,0.009631203952298,True,False,False
1288,CCACAC,1.0,0.3157894736842105,1.0,0.7735849056603774,False,,,False,False,False
1289,CCACAG,1.0,0.719626168224299,1.0,0.6442307692307693,False,,,False,False,False
1290,CCACAT,1.0,0.4793388429752066,1.0,0.5094339622641509,False,,,False,False,False
1291,CCACCA,1.0,0.576,1.0,0.717391304347826,False,,,False,False,False
1292,CCACCC,1.0,0.4047619047619047,1.0,0.4421052631578947,False,,,False,False,False
1293,CCACCG,1.0,0.5111111111111111,1.0,1.092783505154639,True,,3.816769759551052e-05,True,False,False
1294,CCACCT,1.0,0.2827586206896552,1.0,0.40625,False,,,False,False,False
1295,CCACGA,1.0,0.5570469798657718,1.0,0.5391304347826087,True,,,False,False,False
1296,CCACGC,1.0,0.4966887417218543,1.0,0.3525179856115107,True,,,False,False,False
1297,CCACGG,1.0,0.4294478527607362,1.0,0.5562913907284768,True,,,False,False,False
1298,CCACGT,1.0,0.5602836879432624,1.0,0.7769230769230769,True,,,False,False,False
1299,CCACTA,1.0,0.3671875,1.0,0.3636363636363636,False,,,False,False,False
1300,CCACTC,1.0,0.4881889763779528,1.0,0.3706896551724138,False,,,False,False,False
1301,CCACTG,1.0,0.3829787234042553,1.0,0.4519230769230769,False,,,False,False,False
1302,CCACTT,1.0,0.4244604316546763,1.0,0.5583333333333333,False,,,False,False,False
1303,CCAGAA,1.0,0.3720930232558139,1.0,0.5046728971962616,False,,,False,False,False
1304,CCAGAC,1.0,0.6129032258064516,1.0,0.5148514851485149,False,,,False,False,False
1305,CCAGAG,1.0,0.4829931972789115,1.0,0.4,False,,,False,False,False
1306,CCAGAT,1.0,0.4189189189189189,1.0,0.4765625,False,,,False,False,False
1307,CCAGCA,1.0,0.4748201438848921,1.0,0.4596774193548387,False,,,False,False,False
1308,CCAGCC,1.0,0.6122448979591837,1.0,0.7745098039215687,False,,,False,False,False
1309,CCAGCG,1.0,0.4388489208633093,1.0,0.5294117647058824,True,,,False,False,False
1310,CCAGCT,1.0,0.4657534246575342,1.0,0.5703703703703704,False,,,False,False,False
1311,CCAGGA,1.0,0.3765432098765432,1.0,0.375,False,,,False,False,False
1312,CCAGGC,1.0,0.4833333333333333,1.0,0.7238805970149254,False,,,False,False,False
1313,CCAGGG,1.0,0.5287356321839081,1.0,0.488235294117647,False,,,False,False,False
1314,CCAGGT,1.0,0.3833333333333333,1.0,0.3924050632911392,False,,,False,False,False
1315,CCAGTA,1.0,0.5147058823529411,1.0,0.6992481203007519,False,,,False,False,False
1316,CCAGTC,1.0,0.33,1.0,0.3986013986013986,False,,,False,False,False
1317,CCAGTG,1.0,0.4355828220858895,1.0,0.6527777777777778,False,,,False,False,False
1318,CCAGTT,1.0,0.4682539682539682,1.0,0.5968992248062015,False,,,False,False,False
1319,CCATAA,1.0,0.3571428571428571,1.0,0.6979166666666666,False,,,False,False,False
1320,CCATAC,1.0,0.4923076923076923,1.0,0.5943396226415094,False,,,False,False,False
1321,CCATAG,1.0,0.4477611940298507,1.0,0.5111111111111111,False,,,False,False,False
1322,CCATAT,1.0,0.5144927536231884,1.0,0.4015151515151515,False,,,False,False,False
1323,CCATCA,1.0,0.4897959183673469,1.0,0.5754716981132075,False,,,False,False,False
1324,CCATCC,1.0,0.6766917293233082,1.0,0.6491228070175439,False,,,False,False,False
1325,CCATCG,1.0,0.4848484848484848,1.0,0.4469696969696969,True,,,False,False,False
1326,CCATCT,1.0,0.3014705882352941,1.0,0.4645669291338583,False,,,False,False,False
1327,CCATGA,1.0,0.380281690140845,1.0,0.576271186440678,False,,,False,False,False
1328,CCATGC,1.0,0.3875,1.0,0.6131386861313869,False,,,False,False,False
1329,CCATGG,1.0,0.4068965517241379,1.0,0.5,False,,,False,False,False
1330,CCATGT,1.0,0.5289855072463768,1.0,0.5954198473282443,False,,,False,False,False
1331,CCATTA,1.0,0.5447154471544715,1.0,0.359375,False,,,False,False,False
1332,CCATTC,1.0,0.768,1.0,0.380281690140845,False,0.0227372660153788,,True,True,True
1333,CCATTG,1.0,0.5448275862068965,1.0,0.4732824427480916,False,,,False,False,False
1334,CCATTT,1.0,0.4466666666666666,1.0,0.6,False,,,False,False,False
1335,CCCAAA,1.0,0.4859813084112149,1.0,0.5714285714285714,False,,,False,False,False
1336,CCCAAC,1.0,0.4390243902439024,1.0,0.8478260869565217,False,,,False,False,False
1337,CCCAAG,1.0,0.4351145038167939,1.0,0.594059405940594,False,,,False,False,False
1338,CCCAAT,1.0,0.5258620689655172,1.0,0.5208333333333334,False,,,False,False,False
1339,CCCACA,1.0,0.5655737704918032,1.0,0.6813186813186813,False,,,False,False,False
1340,CCCACC,1.0,0.3430656934306569,1.0,0.4318181818181818,False,,,False,False,False
1341,CCCACG,1.0,0.6064516129032258,1.0,0.5877192982456141,True,,,False,False,False
1342,CCCACT,1.0,0.4385964912280701,1.0,0.6732673267326733,False,,,False,False,False
1343,CCCAGA,1.0,0.427536231884058,1.0,0.3879310344827586,False,,,False,False,False
1344,CCCAGC,1.0,0.4225352112676056,1.0,0.5798319327731093,False,,,False,False,False
1345,CCCAGG,1.0,0.577922077922078,1.0,0.5103448275862069,False,,,False,False,False
1346,CCCAGT,1.0,0.4276315789473684,1.0,0.5481481481481482,False,,,False,False,False
1347,CCCATA,1.0,0.4044117647058823,1.0,0.4363636363636363,False,,,False,False,False
1348,CCCATC,1.0,0.4642857142857143,1.0,0.559322033898305,False,,,False,False,False
1349,CCCATG,1.0,0.2733333333333333,1.0,0.4824561403508772,False,,,False,False,False
1350,CCCATT,1.0,0.5151515151515151,1.0,0.3545454545454545,False,,,False,False,False
1351,CCCCAA,1.0,0.371900826446281,1.0,0.8352941176470589,False,,,False,False,False
1352,CCCCAC,1.0,0.5486725663716814,1.0,0.4456521739130434,False,,,False,False,False
1353,CCCCAG,1.0,0.5190839694656488,1.0,0.5433070866141733,False,,,False,False,False
1354,CCCCAT,1.0,0.5041322314049587,1.0,0.5784313725490197,False,,,False,False,False
1355,CCCCCA,1.0,0.4859813084112149,1.0,0.7529411764705882,False,,,False,False,False
1356,CCCCCC,1.0,0.6329113924050633,1.0,0.7,False,,,False,False,False
1357,CCCCCG,1.0,0.5210084033613446,1.0,0.5841584158415841,True,,,False,False,False
1358,CCCCCT,1.0,0.4545454545454545,1.0,0.7402597402597403,False,,,False,False,False
1359,CCCCGA,1.0,0.5555555555555556,1.0,0.536,True,,,False,False,False
1360,CCCCGC,1.0,0.7,1.0,0.5726495726495726,True,,,False,False,False
1361,CCCCGG,1.0,0.5605095541401274,1.0,0.4903225806451612,True,,,False,False,False
1362,CCCCGT,1.0,0.4318181818181818,1.0,0.5537190082644629,True,,,False,False,False
1363,CCCCTA,1.0,0.75,1.0,0.47,False,,,False,False,False
1364,CCCCTC,1.0,0.592,1.0,0.4111111111111111,False,,,False,False,False
1365,CCCCTG,1.0,0.362962962962963,1.0,0.8681318681318682,False,,0.0440711509400099,True,False,False
1366,CCCCTT,1.0,0.4918032786885246,1.0,0.5213675213675214,False,,,False,False,False
1367,CCCGAA,1.0,0.6097560975609756,1.0,0.4945054945054945,True,,,False,False,False
1368,CCCGAC,1.0,0.5081967213114754,1.0,0.3333333333333333,True,,,False,False,False
1369,CCCGAG,1.0,0.4390243902439024,1.0,0.6351351351351351,True,,,False,False,False
1370,CCCGAT,1.0,0.4172185430463576,1.0,0.4953271028037383,True,,,False,False,False
1371,CCCGCA,1.0,0.5306122448979592,1.0,0.5,True,,,False,False,False
1372,CCCGCC,1.0,0.4609929078014184,1.0,0.4873949579831932,True,,,False,False,False
1373,CCCGCG,1.0,0.7928571428571428,1.0,0.5333333333333333,True,0.0061034895512331,,True,True,True
1374,CCCGCT,1.0,0.4821428571428571,1.0,0.4676258992805755,True,,,False,False,False
1375,CCCGGA,1.0,0.6578947368421053,1.0,0.71875,True,,,False,False,False
1376,CCCGGC,1.0,0.4522613065326633,1.0,0.5,True,,,False,False,False
1377,CCCGGG,1.0,0.5294117647058824,1.0,0.4105263157894737,True,,,False,False,False
1378,CCCGGT,1.0,0.5029239766081871,1.0,0.5629139072847682,True,,,False,False,False
1379,CCCGTA,1.0,0.4967741935483871,1.0,0.5,True,,,False,False,False
1380,CCCGTC,1.0,0.4150943396226415,1.0,0.6074074074074074,True,,,False,False,False
1381,CCCGTG,1.0,0.5263157894736842,1.0,0.5918367346938775,True,,,False,False,False
1382,CCCGTT,1.0,0.4444444444444444,1.0,0.5225225225225225,True,,,False,False,False
1383,CCCTAA,1.0,0.5333333333333333,1.0,0.5555555555555556,False,,,False,False,False
1384,CCCTAC,1.0,0.7272727272727273,1.0,0.5142857142857142,False,,,False,False,False
1385,CCCTAG,1.0,0.453781512605042,1.0,0.5619834710743802,False,,,False,False,False
1386,CCCTAT,1.0,0.4878048780487805,1.0,0.6494845360824743,False,,,False,False,False
1387,CCCTCA,1.0,0.3795620437956204,1.0,0.4772727272727273,False,,,False,False,False
1388,CCCTCC,1.0,0.4661016949152542,1.0,0.5333333333333333,False,,,False,False,False
1389,CCCTCG,1.0,0.3706293706293706,1.0,0.3529411764705882,True,,,False,False,False
1390,CCCTCT,1.0,0.6126126126126126,1.0,0.4476190476190476,False,,,False,False,False
1391,CCCTGA,1.0,0.5043478260869565,1.0,0.6728971962616822,False,,,False,False,False
1392,CCCTGC,1.0,0.5703125,1.0,0.6434108527131783,False,,,False,False,False
1393,CCCTGG,1.0,0.4790419161676646,1.0,0.5384615384615384,False,,,False,False,False
1394,CCCTGT,1.0,0.5306122448979592,1.0,0.4918032786885246,False,,,False,False,False
1395,CCCTTA,1.0,0.4492753623188406,1.0,0.2950819672131147,False,,,False,False,False
1396,CCCTTC,1.0,0.4485294117647059,1.0,0.4862385321100917,False,,,False,False,False
1397,CCCTTG,1.0,0.5448275862068965,1.0,0.7,False,,,False,False,False
1398,CCCTTT,1.0,0.5826086956521739,1.0,0.5048543689320388,False,,,False,False,False
1399,CCGAAC,1.0,0.5172413793103449,1.0,0.5225225225225225,True,,,False,False,False
1400,CCGAAG,1.0,0.5038167938931297,1.0,0.4122807017543859,True,,,False,False,False
1401,CCGAAT,1.0,0.2936507936507936,1.0,0.4700854700854701,True,,,False,False,False
1402,CCGACA,1.0,0.6491228070175439,1.0,0.6194690265486725,True,,,False,False,False
1403,CCGACC,1.0,0.4471544715447154,1.0,0.4615384615384615,True,,,False,False,False
1404,CCGACG,1.0,0.6178861788617886,1.0,0.4563106796116505,True,,,False,False,False
1405,CCGACT,1.0,0.4962962962962963,1.0,0.6509433962264151,True,,,False,False,False
1406,CCGAGA,1.0,0.3248407643312102,1.0,0.6203703703703703,True,,,False,False,False
1407,CCGAGC,1.0,0.4039735099337748,1.0,0.6106870229007634,True,,,False,False,False
1408,CCGAGG,1.0,0.4730538922155688,1.0,0.572463768115942,True,,,False,False,False
1409,CCGAGT,1.0,0.45,1.0,0.5691056910569106,True,,,False,False,False
1410,CCGATA,1.0,0.680672268907563,1.0,0.5135135135135135,True,,,False,False,False
1411,CCGATC,1.0,0.5970149253731343,1.0,0.5396825396825397,True,,,False,False,False
1412,CCGATG,1.0,0.5144927536231884,1.0,0.875,True,,0.0320445883110466,True,False,False
1413,CCGATT,1.0,0.3846153846153846,1.0,0.6147540983606558,True,,,False,False,False
1414,CCGCAA,1.0,0.5407407407407407,1.0,0.6,True,,,False,False,False
1415,CCGCAC,1.0,0.5374149659863946,1.0,0.5035971223021583,True,,,False,False,False
1416,CCGCAG,1.0,0.4473684210526316,1.0,0.5083333333333333,True,,,False,False,False
1417,CCGCAT,1.0,0.3662790697674418,1.0,0.4044117647058823,True,,,False,False,False
1418,CCGCCA,1.0,0.5357142857142857,1.0,0.5583333333333333,True,,,False,False,False
1419,CCGCCC,1.0,0.3660130718954248,1.0,0.5909090909090909,True,,,False,False,False
1420,CCGCCG,1.0,0.3647798742138364,1.0,0.4552845528455284,True,,,False,False,False
1421,CCGCCT,1.0,0.2925170068027211,1.0,0.5213675213675214,True,,,False,False,False
1422,CCGCGA,1.0,0.552,1.0,0.6448598130841121,True,,,False,False,False
1423,CCGCGC,1.0,0.5497076023391813,1.0,0.8217054263565892,True,,0.0316511203994466,True,False,False
1424,CCGCGG,1.0,0.6136363636363636,1.0,0.5733333333333334,True,,,False,False,False
1425,CCGCGT,1.0,0.6744186046511628,1.0,0.7111111111111111,True,,,False,False,False
1426,CCGCTA,1.0,0.5641025641025641,1.0,0.7863247863247863,True,,,False,False,False
1427,CCGCTC,1.0,0.4827586206896552,1.0,0.3483870967741935,True,,,False,False,False
1428,CCGCTG,1.0,0.5063291139240507,1.0,0.6611570247933884,True,,,False,False,False
1429,CCGCTT,1.0,0.4166666666666667,1.0,0.4375,True,,,False,False,False
1430,CCGGAA,1.0,0.6265822784810127,1.0,0.5286624203821656,True,,,False,False,False
1431,CCGGAC,1.0,0.4,1.0,0.6349206349206349,True,,,False,False,False
1432,CCGGAG,1.0,0.4673913043478261,1.0,0.5985401459854015,True,,,False,False,False
1433,CCGGAT,1.0,0.4790419161676646,1.0,0.5655172413793104,True,,,False,False,False
1434,CCGGCA,1.0,0.292079207920792,1.0,0.449438202247191,True,,,False,False,False
1435,CCGGCC,1.0,0.4350282485875706,1.0,0.4304635761589404,True,,,False,False,False
1436,CCGGCG,1.0,0.4328358208955223,1.0,0.5486111111111112,True,,,False,False,False
1437,CCGGCT,1.0,0.4727272727272727,1.0,0.723404255319149,True,,,False,False,False
1438,CCGGGA,1.0,0.4367816091954023,1.0,0.4683544303797468,True,,,False,False,False
1439,CCGGGC,1.0,0.4702970297029702,1.0,0.4201183431952662,True,,,False,False,False
1440,CCGGGG,1.0,0.4696132596685083,1.0,0.335,True,,,False,False,False
1441,CCGGGT,1.0,0.4520547945205479,1.0,0.4918032786885246,True,,,False,False,False
1442,CCGGTA,1.0,0.4294478527607362,1.0,0.50920245398773,True,,,False,False,False
1443,CCGGTC,1.0,0.5086705202312138,1.0,0.5235294117647059,True,,,False,False,False
1444,CCGGTG,1.0,0.4915254237288136,1.0,0.4810126582278481,True,,,False,False,False
1445,CCGGTT,1.0,0.3979591836734694,1.0,0.7083333333333334,True,,,False,False,False
1446,CCGTAA,1.0,0.4496644295302013,1.0,0.4741379310344827,True,,,False,False,False
1447,CCGTAC,1.0,0.6371681415929203,1.0,0.5801526717557252,True,,,False,False,False
1448,CCGTAG,1.0,0.6,1.0,0.4657534246575342,True,,,False,False,False
1449,CCGTAT,1.0,0.554140127388535,1.0,0.445859872611465,True,,,False,False,False
1450,CCGTCA,1.0,0.475177304964539,1.0,0.5625,True,,,False,False,False
1451,CCGTCC,1.0,0.42,1.0,0.4758064516129032,True,,,False,False,False
1452,CCGTCG,1.0,0.5955882352941176,1.0,0.5234899328859061,True,,,False,False,False
1453,CCGTCT,1.0,0.5506329113924051,1.0,0.5746268656716418,True,,,False,False,False
1454,CCGTGA,1.0,0.3614457831325301,1.0,0.6507936507936508,True,,,False,False,False
1455,CCGTGC,1.0,0.3684210526315789,1.0,0.4967741935483871,True,,,False,False,False
1456,CCGTGG,1.0,0.5472636815920398,1.0,0.7272727272727273,True,,,False,False,False
1457,CCGTGT,1.0,0.4875,1.0,0.5165562913907285,True,,,False,False,False
1458,CCGTTA,1.0,0.496,1.0,0.808695652173913,True,,,False,False,False
1459,CCGTTC,1.0,0.6379310344827587,1.0,0.4397590361445783,True,,,False,False,False
1460,CCGTTG,1.0,0.3202247191011236,1.0,0.4482758620689655,True,,,False,False,False
1461,CCTAAA,1.0,0.3135593220338983,1.0,0.3679245283018867,False,,,False,False,False
1462,CCTAAC,1.0,0.4609375,1.0,0.5204081632653061,False,,,False,False,False
1463,CCTAAG,1.0,0.4155844155844156,1.0,0.6842105263157895,False,,,False,False,False
1464,CCTAAT,1.0,0.6320754716981132,1.0,0.5,False,,,False,False,False
1465,CCTACA,1.0,0.591304347826087,1.0,0.5102040816326531,False,,,False,False,False
1466,CCTACC,1.0,0.5157894736842106,1.0,0.4183673469387755,False,,,False,False,False
1467,CCTACG,1.0,0.460431654676259,1.0,0.5625,True,,,False,False,False
1468,CCTACT,1.0,0.4680851063829787,1.0,0.5045871559633027,False,,,False,False,False
1469,CCTAGA,1.0,0.6238532110091743,1.0,0.5700934579439252,False,,,False,False,False
1470,CCTAGC,1.0,0.5655737704918032,1.0,0.7333333333333333,False,,,False,False,False
1471,CCTAGG,1.0,0.3129770992366412,1.0,0.5460992907801419,False,,,False,False,False
1472,CCTAGT,1.0,0.4545454545454545,1.0,0.5263157894736842,False,,,False,False,False
1473,CCTATA,1.0,0.6330275229357798,1.0,0.5865384615384616,False,,,False,False,False
1474,CCTATC,1.0,0.5225225225225225,1.0,0.6122448979591837,False,,,False,False,False
1475,CCTATG,1.0,0.6074074074074074,1.0,0.6967213114754098,False,,,False,False,False
1476,CCTATT,1.0,0.3082706766917293,1.0,0.3644067796610169,False,,,False,False,False
1477,CCTCAA,1.0,0.4883720930232558,1.0,0.5858585858585859,False,,,False,False,False
1478,CCTCAC,1.0,0.4142857142857143,1.0,0.6086956521739131,False,,,False,False,False
1479,CCTCAG,1.0,0.3605442176870748,1.0,0.3225806451612903,False,,,False,False,False
1480,CCTCAT,1.0,0.4,1.0,0.5645161290322581,False,,,False,False,False
1481,CCTCCA,1.0,0.696,1.0,0.6428571428571429,False,,,False,False,False
1482,CCTCCC,1.0,0.4672897196261682,1.0,0.5698924731182796,False,,,False,False,False
1483,CCTCCG,1.0,0.3450292397660818,1.0,0.4814814814814814,True,,,False,False,False
1484,CCTCCT,1.0,0.3816793893129771,1.0,0.3461538461538461,False,,,False,False,False
1485,CCTCGA,1.0,0.366412213740458,1.0,0.33,True,,,False,False,False
1486,CCTCGC,1.0,0.3870967741935484,1.0,0.4060150375939849,True,,,False,False,False
1487,CCTCGG,1.0,0.3783783783783784,1.0,0.4931506849315068,True,,,False,False,False
1488,CCTCGT,1.0,0.55,1.0,0.5081967213114754,True,,,False,False,False
1489,CCTCTA,1.0,0.4263565891472868,1.0,0.5289256198347108,False,,,False,False,False
1490,CCTCTC,1.0,0.4589041095890411,1.0,0.5384615384615384,False,,,False,False,False
1491,CCTCTG,1.0,0.437956204379562,1.0,0.5130434782608696,False,,,False,False,False
1492,CCTCTT,1.0,0.5263157894736842,1.0,0.3283582089552239,False,,,False,False,False
1493,CCTGAA,1.0,0.5862068965517241,1.0,0.5083333333333333,False,,,False,False,False
1494,CCTGAC,1.0,0.5128205128205128,1.0,0.5043478260869565,False,,,False,False,False
1495,CCTGAG,1.0,0.4469696969696969,1.0,0.4369747899159664,False,,,False,False,False
1496,CCTGAT,1.0,0.4148148148148148,1.0,0.4049586776859504,False,,,False,False,False
1497,CCTGCA,1.0,0.44,1.0,0.5153846153846153,False,,,False,False,False
1498,CCTGCC,1.0,0.5328467153284672,1.0,0.5793650793650794,False,,,False,False,False
1499,CCTGCG,1.0,0.4807692307692308,1.0,0.6791044776119403,True,,,False,False,False
1500,CCTGCT,1.0,0.437956204379562,1.0,0.5367647058823529,False,,,False,False,False
1501,CCTGGA,1.0,0.6046511627906976,1.0,0.3701298701298701,False,,,False,False,False
1502,CCTGGC,1.0,0.5469613259668509,1.0,0.6690647482014388,False,,,False,False,False
1503,CCTGGG,1.0,0.4855491329479768,1.0,0.5722543352601156,False,,,False,False,False
1504,CCTGGT,1.0,0.3988095238095238,1.0,0.577922077922078,False,,,False,False,False
1505,CCTGTA,1.0,0.7401574803149606,1.0,0.5039370078740157,False,0.0436147178857614,,True,False,False
1506,CCTGTC,1.0,0.5176470588235295,1.0,0.3933333333333333,False,,,False,False,False
1507,CCTGTG,1.0,0.5935483870967742,1.0,0.8828125,False,,0.0061948851972859,True,False,False
1508,CCTGTT,1.0,0.5165562913907285,1.0,0.5847457627118644,False,,,False,False,False
1509,CCTTAA,1.0,0.4428571428571428,1.0,0.543859649122807,False,,,False,False,False
1510,CCTTAC,1.0,0.427536231884058,1.0,0.4245283018867924,False,,,False,False,False
1511,CCTTAG,1.0,0.4923076923076923,1.0,0.3481481481481481,False,,,False,False,False
1512,CCTTAT,1.0,0.4347826086956521,1.0,0.4696969696969697,False,,,False,False,False
1513,CCTTCA,1.0,0.3933333333333333,1.0,0.3619047619047619,False,,,False,False,False
1514,CCTTCC,1.0,0.5338345864661654,1.0,0.4513274336283185,False,,,False,False,False
1515,CCTTCG,1.0,0.4407894736842105,1.0,0.5746268656716418,True,,,False,False,False
1516,CCTTCT,1.0,0.5177304964539007,1.0,0.768,False,,,False,False,False
1517,CCTTGA,1.0,0.4137931034482758,1.0,0.6228070175438597,False,,,False,False,False
1518,CCTTGC,1.0,0.4966442953020134,1.0,0.5327868852459017,False,,,False,False,False
1519,CCTTGG,1.0,0.4655172413793103,1.0,0.4900662251655629,False,,,False,False,False
1520,CCTTGT,1.0,0.5838509316770186,1.0,0.5448275862068965,False,,,False,False,False
1521,CCTTTA,1.0,0.5333333333333333,1.0,0.5089285714285714,False,,,False,False,False
1522,CCTTTC,1.0,0.6105263157894737,1.0,0.6021505376344086,False,,,False,False,False
1523,CCTTTG,1.0,0.5283018867924528,1.0,0.5813953488372093,False,,,False,False,False
1524,CCTTTT,1.0,0.4375,1.0,0.4621848739495798,False,,,False,False,False
1525,CGAACA,1.0,0.5267857142857143,1.0,0.648854961832061,True,,,False,False,False
1526,CGAACC,1.0,0.3656716417910448,1.0,0.4705882352941176,True,,,False,False,False
1527,CGAACG,1.0,0.5508474576271186,1.0,0.3709677419354839,True,,,False,False,False
1528,CGAACT,1.0,0.5121951219512195,1.0,0.3947368421052631,True,,,False,False,False
1529,CGAAGA,1.0,0.6630434782608695,1.0,0.5,True,,,False,False,False
1530,CGAAGC,1.0,0.3532934131736527,1.0,0.5925925925925926,True,,,False,False,False
1531,CGAAGG,1.0,0.5853658536585366,1.0,0.4166666666666667,True,,,False,False,False
1532,CGAAGT,1.0,0.376,1.0,0.4793388429752066,True,,,False,False,False
1533,CGAATA,1.0,0.3821138211382114,1.0,0.723404255319149,True,,,False,False,False
1534,CGAATC,1.0,0.4365079365079365,1.0,0.6039603960396039,True,,,False,False,False
1535,CGAATG,1.0,0.4580152671755725,1.0,0.4666666666666667,True,,,False,False,False
1536,CGAATT,1.0,0.3414634146341463,1.0,0.408,True,,,False,False,False
1537,CGACAA,1.0,0.3307086614173228,1.0,0.3858267716535433,True,,,False,False,False
1538,CGACAC,1.0,0.4797297297297297,1.0,0.5423728813559322,True,,,False,False,False
1539,CGACAG,1.0,0.3289473684210526,1.0,0.6173913043478261,True,,,False,False,False
1540,CGACAT,1.0,0.536,1.0,0.4598540145985401,True,,,False,False,False
1541,CGACCA,1.0,0.46875,1.0,0.4166666666666667,True,,,False,False,False
1542,CGACCC,1.0,0.5304347826086957,1.0,0.3858267716535433,True,,,False,False,False
1543,CGACCG,1.0,0.4338235294117647,1.0,0.59375,True,,,False,False,False
1544,CGACCT,1.0,0.4869565217391304,1.0,0.3543307086614173,True,,,False,False,False
1545,CGACGA,1.0,0.5757575757575758,1.0,0.6413043478260869,True,,,False,False,False
1546,CGACGC,1.0,0.5887096774193549,1.0,0.2666666666666666,True,,,False,False,False
1547,CGACGG,1.0,0.4121621621621621,1.0,0.5447761194029851,True,,,False,False,False
1548,CGACGT,1.0,0.6758620689655173,1.0,0.7247706422018348,True,,,False,False,False
1549,CGACTA,1.0,0.4765625,1.0,0.7264150943396226,True,,,False,False,False
1550,CGACTC,1.0,0.4878048780487805,1.0,0.4830508474576271,True,,,False,False,False
1551,CGACTG,1.0,0.4423076923076923,1.0,0.7307692307692307,True,,,False,False,False
1552,CGACTT,1.0,0.5072463768115942,1.0,0.3716814159292035,True,,,False,False,False
1553,CGAGAA,1.0,0.4152542372881356,1.0,0.5446428571428571,True,,,False,False,False
1554,CGAGAC,1.0,0.3841059602649007,1.0,0.4473684210526316,True,,,False,False,False
1555,CGAGAG,1.0,0.4,1.0,0.6507936507936508,True,,,False,False,False
1556,CGAGAT,1.0,0.417910447761194,1.0,0.4336283185840708,True,,,False,False,False
1557,CGAGCA,1.0,0.4873417721518987,1.0,0.4236111111111111,True,,,False,False,False
1558,CGAGCC,1.0,0.4827586206896552,1.0,0.4253731343283582,True,,,False,False,False
1559,CGAGCG,1.0,0.6363636363636364,1.0,0.5461538461538461,True,,,False,False,False
1560,CGAGCT,1.0,0.5942028985507246,1.0,0.5736434108527132,True,,,False,False,False
1561,CGAGGA,1.0,0.5984251968503937,1.0,0.4964028776978417,True,,,False,False,False
1562,CGAGGC,1.0,0.5534591194968553,1.0,0.6136363636363636,True,,,False,False,False
1563,CGAGGG,1.0,0.435754189944134,1.0,0.4,True,,,False,False,False
1564,CGAGGT,1.0,0.6428571428571429,1.0,0.6736111111111112,True,,,False,False,False
1565,CGAGTA,1.0,0.4096385542168674,1.0,0.2592592592592592,True,,,False,False,False
1566,CGAGTC,1.0,0.496551724137931,1.0,0.6237623762376238,True,,,False,False,False
1567,CGAGTG,1.0,0.430939226519337,1.0,0.5700934579439252,True,,,False,False,False
1568,CGAGTT,1.0,0.3947368421052631,1.0,0.4832214765100671,True,,,False,False,False
1569,CGATAA,1.0,0.4918032786885246,1.0,0.4035087719298245,True,,,False,False,False
1570,CGATAC,1.0,0.3880597014925373,1.0,0.4166666666666667,True,,,False,False,False
1571,CGATAG,1.0,0.5737704918032787,1.0,0.5323741007194245,True,,,False,False,False
1572,CGATAT,1.0,0.5072463768115942,1.0,0.4919354838709677,True,,,False,False,False
1573,CGATCA,1.0,0.5454545454545454,1.0,0.4642857142857143,True,,,False,False,False
1574,CGATCC,1.0,0.4692307692307692,1.0,0.7821782178217822,True,,,False,False,False
1575,CGATCG,1.0,0.4064516129032258,1.0,0.5126050420168067,True,,,False,False,False
1576,CGATCT,1.0,0.3175675675675675,1.0,0.5163934426229508,True,,,False,False,False
1577,CGATGA,1.0,0.36,1.0,0.5701754385964912,True,,,False,False,False
1578,CGATGC,1.0,0.4388489208633093,1.0,0.4233576642335766,True,,,False,False,False
1579,CGATGG,1.0,0.3647798742138364,1.0,0.5034965034965035,True,,,False,False,False
1580,CGATGT,1.0,0.5783132530120482,1.0,0.616,True,,,False,False,False
1581,CGATTA,1.0,0.2960526315789473,1.0,0.4224137931034483,True,,,False,False,False
1582,CGATTC,1.0,0.3795180722891566,1.0,0.7980769230769231,True,,,False,False,False
1583,CGATTG,1.0,0.41875,1.0,0.5106382978723404,True,,,False,False,False
1584,CGATTT,1.0,0.4647887323943662,1.0,0.4137931034482758,True,,,False,False,False
1585,CGCAAA,1.0,0.4122137404580153,1.0,0.4375,True,,,False,False,False
1586,CGCAAC,1.0,0.3986486486486486,1.0,0.5036496350364964,True,,,False,False,False
1587,CGCAAG,1.0,0.5194805194805194,1.0,0.5934959349593496,True,,,False,False,False
1588,CGCAAT,1.0,0.4810126582278481,1.0,0.5319148936170213,True,,,False,False,False
1589,CGCACA,1.0,0.7786259541984732,1.0,0.656934306569343,True,0.0135849235006731,,True,True,True
1590,CGCACC,1.0,0.4429530201342282,1.0,0.5606060606060606,True,,,False,False,False
1591,CGCACG,1.0,0.6052631578947368,1.0,0.4963503649635036,True,,,False,False,False
1592,CGCACT,1.0,0.5375,1.0,0.55,True,,,False,False,False
1593,CGCAGA,1.0,0.4666666666666667,1.0,0.3495934959349593,True,,,False,False,False
1594,CGCAGC,1.0,0.3518518518518518,1.0,0.6608695652173913,True,,,False,False,False
1595,CGCAGG,1.0,0.54,1.0,0.5414012738853503,True,,,False,False,False
1596,CGCAGT,1.0,0.6040268456375839,1.0,0.5666666666666667,True,,,False,False,False
1597,CGCATA,1.0,0.4387096774193548,1.0,0.4015748031496063,True,,,False,False,False
1598,CGCATC,1.0,0.5086705202312138,1.0,0.5666666666666667,True,,,False,False,False
1599,CGCATG,1.0,0.4424242424242424,1.0,0.5539568345323741,True,,,False,False,False
1600,CGCATT,1.0,0.4044943820224719,1.0,0.4619883040935672,True,,,False,False,False
1601,CGCCAA,1.0,0.5303030303030303,1.0,0.4629629629629629,True,,,False,False,False
1602,CGCCAC,1.0,0.4791666666666667,1.0,0.4596774193548387,True,,,False,False,False
1603,CGCCAG,1.0,0.4725274725274725,1.0,0.703125,True,,,False,False,False
1604,CGCCAT,1.0,0.5371900826446281,1.0,0.5603448275862069,True,,,False,False,False
1605,CGCCCA,1.0,0.5821917808219178,1.0,0.6403508771929824,True,,,False,False,False
1606,CGCCCC,1.0,0.3870967741935484,1.0,0.4036697247706422,True,,,False,False,False
1607,CGCCCG,1.0,0.4166666666666667,1.0,0.6434108527131783,True,,,False,False,False
1608,CGCCCT,1.0,0.4605263157894737,1.0,0.5882352941176471,True,,,False,False,False
1609,CGCCGA,1.0,0.3576642335766423,1.0,0.4196428571428571,True,,,False,False,False
1610,CGCCGC,1.0,0.5279503105590062,1.0,0.4779411764705882,True,,,False,False,False
1611,CGCCGG,1.0,0.4347826086956521,1.0,0.7194244604316546,True,,,False,False,False
1612,CGCCGT,1.0,0.4,1.0,0.4824561403508772,True,,,False,False,False
1613,CGCCTA,1.0,0.2913385826771653,1.0,0.4954128440366973,True,,,False,False,False
1614,CGCCTC,1.0,0.3393939393939394,1.0,0.4,True,,,False,False,False
1615,CGCCTG,1.0,0.4181818181818181,1.0,0.6259541984732825,True,,,False,False,False
1616,CGCCTT,1.0,0.5,1.0,0.562962962962963,True,,,False,False,False
1617,CGCGAA,1.0,0.4909090909090909,1.0,0.7551020408163265,True,,,False,False,False
1618,CGCGAC,1.0,0.4285714285714285,1.0,0.6859504132231405,True,,,False,False,False
1619,CGCGAG,1.0,0.5298507462686567,1.0,0.5934959349593496,True,,,False,False,False
1620,CGCGAT,1.0,0.4233576642335766,1.0,0.4710144927536231,True,,,False,False,False
1621,CGCGCA,1.0,0.660377358490566,1.0,0.6510067114093959,True,,,False,False,False
1622,CGCGCC,1.0,0.4662921348314606,1.0,0.7288135593220338,True,,,False,False,False
1623,CGCGCG,1.0,0.6883116883116883,1.0,0.6013986013986014,True,,,False,False,False
1624,CGCGCT,1.0,0.5030674846625767,1.0,0.4931506849315068,True,,,False,False,False
1625,CGCGGA,1.0,0.4240506329113924,1.0,0.5461538461538461,True,,,False,False,False
1626,CGCGGC,1.0,0.5026178010471204,1.0,0.4971751412429379,True,,,False,False,False
1627,CGCGGG,1.0,0.5245901639344263,1.0,0.6802325581395349,True,,,False,False,False
1628,CGCGGT,1.0,0.5027322404371585,1.0,0.6296296296296297,True,,,False,False,False
1629,CGCGTA,1.0,0.5714285714285714,1.0,0.3389830508474576,True,,,False,False,False
1630,CGCGTC,1.0,0.6484848484848484,1.0,0.5906040268456376,True,,,False,False,False
1631,CGCGTG,1.0,0.3888888888888889,1.0,0.6556291390728477,True,,,False,False,False
1632,CGCGTT,1.0,0.5763888888888888,1.0,0.6704545454545454,True,,,False,False,False
1633,CGCTAA,1.0,0.6825396825396826,1.0,0.6434782608695652,True,,,False,False,False
1634,CGCTAC,1.0,0.8257575757575758,1.0,0.7387387387387387,True,0.0027350631747251,,True,True,True
1635,CGCTAG,1.0,0.6470588235294118,1.0,0.8292682926829268,True,,0.0319922886832882,True,False,False
1636,CGCTAT,1.0,0.6689655172413793,1.0,0.6610169491525424,True,,,False,False,False
1637,CGCTCA,1.0,0.430939226519337,1.0,0.4797297297297297,True,,,False,False,False
1638,CGCTCC,1.0,0.6397058823529411,1.0,0.3211678832116788,True,,,False,False,False
1639,CGCTCG,1.0,0.5,1.0,0.3884892086330935,True,,,False,False,False
1640,CGCTCT,1.0,0.5526315789473685,1.0,0.4634146341463415,True,,,False,False,False
1641,CGCTGA,1.0,0.4539007092198581,1.0,0.5378151260504201,True,,,False,False,False
1642,CGCTGC,1.0,0.4740740740740741,1.0,0.5592105263157895,True,,,False,False,False
1643,CGCTGG,1.0,0.3945945945945946,1.0,0.5741935483870968,True,,,False,False,False
1644,CGCTGT,1.0,0.48125,1.0,0.5378787878787878,True,,,False,False,False
1645,CGCTTA,1.0,0.5259259259259259,1.0,0.4295774647887324,True,,,False,False,False
1646,CGCTTC,1.0,0.636986301369863,1.0,0.5486111111111112,True,,,False,False,False
1647,CGCTTG,1.0,0.5384615384615384,1.0,0.4444444444444444,True,,,False,False,False
1648,CGCTTT,1.0,0.4248366013071895,1.0,0.3642857142857142,True,,,False,False,False
1649,CGGAAA,1.0,0.3684210526315789,1.0,0.4144144144144144,True,,,False,False,False
1650,CGGAAC,1.0,0.4598540145985401,1.0,0.4855072463768116,True,,,False,False,False
1651,CGGAAG,1.0,0.5487804878048781,1.0,0.7218543046357616,True,,,False,False,False
1652,CGGAAT,1.0,0.6666666666666666,1.0,0.45625,True,,,False,False,False
1653,CGGACA,1.0,0.4697986577181208,1.0,0.4871794871794871,True,,,False,False,False
1654,CGGACC,1.0,0.422077922077922,1.0,0.6971830985915493,True,,,False,False,False
1655,CGGACG,1.0,0.4166666666666667,1.0,0.6330935251798561,True,,,False,False,False
1656,CGGACT,1.0,0.6439393939393939,1.0,0.5661764705882353,True,,,False,False,False
1657,CGGAGA,1.0,0.375,1.0,0.3898305084745763,True,,,False,False,False
1658,CGGAGC,1.0,0.35,1.0,0.4285714285714285,True,,,False,False,False
1659,CGGAGG,1.0,0.4371584699453552,1.0,0.6066666666666667,True,,,False,False,False
1660,CGGAGT,1.0,0.4044943820224719,1.0,0.5231788079470199,True,,,False,False,False
1661,CGGATA,1.0,0.3788819875776397,1.0,0.5310344827586206,True,,,False,False,False
1662,CGGATC,1.0,0.3313953488372093,1.0,0.6187050359712231,True,,,False,False,False
1663,CGGATG,1.0,0.3229166666666667,1.0,0.3860759493670886,True,,,False,False,False
1664,CGGATT,1.0,0.4235294117647059,1.0,0.4026845637583892,True,,,False,False,False
1665,CGGCAA,1.0,0.3850931677018633,1.0,0.7555555555555555,True,,,False,False,False
1666,CGGCAC,1.0,0.4018691588785046,1.0,0.5217391304347826,True,,,False,False,False
1667,CGGCAG,1.0,0.503030303030303,1.0,0.3989071038251366,True,,,False,False,False
1668,CGGCAT,1.0,0.4857142857142857,1.0,0.4825581395348837,True,,,False,False,False
1669,CGGCCA,1.0,0.4166666666666667,1.0,0.5374149659863946,True,,,False,False,False
1670,CGGCCC,1.0,0.4210526315789473,1.0,0.3741935483870968,True,,,False,False,False
1671,CGGCCG,1.0,0.375,1.0,0.5384615384615384,True,,,False,False,False
1672,CGGCCT,1.0,0.4647058823529412,1.0,0.391025641025641,True,,,False,False,False
1673,CGGCGA,1.0,0.4552238805970149,1.0,0.4338235294117647,True,,,False,False,False
1674,CGGCGC,1.0,0.4574468085106383,1.0,0.5102040816326531,True,,,False,False,False
1675,CGGCGG,1.0,0.5989010989010989,1.0,0.56875,True,,,False,False,False
1676,CGGCGT,1.0,0.4055555555555555,1.0,0.6148648648648649,True,,,False,False,False
1677,CGGCTA,1.0,0.5741935483870968,1.0,0.5769230769230769,True,,,False,False,False
1678,CGGCTC,1.0,0.5120481927710844,1.0,0.7482993197278912,True,,,False,False,False
1679,CGGCTG,1.0,0.4726027397260274,1.0,0.6319444444444444,True,,,False,False,False
1680,CGGCTT,1.0,0.4725274725274725,1.0,0.5664335664335665,True,,,False,False,False
1681,CGGGAA,1.0,0.4110429447852761,1.0,0.5755395683453237,True,,,False,False,False
1682,CGGGAC,1.0,0.4776119402985074,1.0,0.4594594594594595,True,,,False,False,False
1683,CGGGAG,1.0,0.5,1.0,0.5211267605633803,True,,,False,False,False
1684,CGGGAT,1.0,0.5029239766081871,1.0,0.53125,True,,,False,False,False
1685,CGGGCA,1.0,0.3679245283018867,1.0,0.5668789808917197,True,,,False,False,False
1686,CGGGCC,1.0,0.5116279069767442,1.0,0.4867724867724867,True,,,False,False,False
1687,CGGGCG,1.0,0.5654761904761905,1.0,0.4938271604938271,True,,,False,False,False
1688,CGGGCT,1.0,0.5927835051546392,1.0,0.588957055214724,True,,,False,False,False
1689,CGGGGA,1.0,0.467065868263473,1.0,0.4513888888888889,True,,,False,False,False
1690,CGGGGC,1.0,0.6440677966101694,1.0,0.5868263473053892,True,,,False,False,False
1691,CGGGGG,1.0,0.6373626373626373,1.0,0.6748466257668712,True,,,False,False,False
1692,CGGGGT,1.0,0.4416243654822335,1.0,0.3523809523809524,True,,,False,False,False
1693,CGGGTA,1.0,0.5561224489795918,1.0,0.436046511627907,True,,,False,False,False
1694,CGGGTC,1.0,0.5025380710659898,1.0,0.5754189944134078,True,,,False,False,False
1695,CGGGTG,1.0,0.4466019417475728,1.0,0.5916230366492147,True,,,False,False,False
1696,CGGGTT,1.0,0.4416243654822335,1.0,0.5164835164835165,True,,,False,False,False
1697,CGGTAA,1.0,0.5595238095238095,1.0,0.6888888888888889,True,,,False,False,False
1698,CGGTAC,1.0,0.5375722543352601,1.0,0.5088757396449705,True,,,False,False,False
1699,CGGTAG,1.0,0.4233128834355828,1.0,0.475,True,,,False,False,False
1700,CGGTAT,1.0,0.4090909090909091,1.0,0.4,True,,,False,False,False
1701,CGGTCA,1.0,0.5625,1.0,0.6204819277108434,True,,,False,False,False
1702,CGGTCC,1.0,0.3989071038251366,1.0,0.4756097560975609,True,,,False,False,False
1703,CGGTCG,1.0,0.7218934911242604,1.0,0.5255474452554745,True,0.0227372660153788,,True,True,True
1704,CGGTCT,1.0,0.48,1.0,0.4521276595744681,True,,,False,False,False
1705,CGGTGA,1.0,0.5267175572519084,1.0,0.4654088050314465,True,,,False,False,False
1706,CGGTGC,1.0,0.5380710659898477,1.0,0.4235294117647059,True,,,False,False,False
1707,CGGTGG,1.0,0.5656565656565656,1.0,0.4576271186440678,True,,,False,False,False
1708,CGGTGT,1.0,0.365482233502538,1.0,0.4444444444444444,True,,,False,False,False
1709,CGGTTA,1.0,0.4057142857142857,1.0,0.6357142857142857,True,,,False,False,False
1710,CGGTTC,1.0,0.422680412371134,1.0,0.6459627329192547,True,,,False,False,False
1711,CGGTTG,1.0,0.4489795918367347,1.0,0.5870967741935483,True,,,False,False,False
1712,CGGTTT,1.0,0.5574712643678161,1.0,0.7032258064516129,True,,,False,False,False
1713,CGTAAA,1.0,0.3088235294117647,1.0,0.4862385321100917,True,,,False,False,False
1714,CGTAAC,1.0,0.5874125874125874,1.0,0.3587786259541984,True,,,False,False,False
1715,CGTAAG,1.0,0.6535947712418301,1.0,0.5892857142857143,True,,,False,False,False
1716,CGTAAT,1.0,0.525,1.0,0.4,True,,,False,False,False
1717,CGTACA,1.0,0.5428571428571428,1.0,0.4407894736842105,True,,,False,False,False
1718,CGTACC,1.0,0.5483870967741935,1.0,0.4242424242424242,True,,,False,False,False
1719,CGTACG,1.0,0.488235294117647,1.0,0.5298013245033113,True,,,False,False,False
1720,CGTACT,1.0,0.5474452554744526,1.0,0.2734375,True,,,False,False,False
1721,CGTAGA,1.0,0.4626865671641791,1.0,0.6581196581196581,True,,,False,False,False
1722,CGTAGC,1.0,0.5694444444444444,1.0,0.4883720930232558,True,,,False,False,False
1723,CGTAGG,1.0,0.5769230769230769,1.0,0.5426356589147286,True,,,False,False,False
1724,CGTAGT,1.0,0.2960526315789473,1.0,0.4861111111111111,True,,,False,False,False
1725,CGTATA,1.0,0.5859375,1.0,0.463768115942029,True,,,False,False,False
1726,CGTATC,1.0,0.463855421686747,1.0,0.4437086092715231,True,,,False,False,False
1727,CGTATG,1.0,0.6521739130434783,1.0,0.4335664335664335,True,,,False,False,False
1728,CGTATT,1.0,0.3971631205673759,1.0,0.4893617021276595,True,,,False,False,False
1729,CGTCAA,1.0,0.463768115942029,1.0,0.592,True,,,False,False,False
1730,CGTCAC,1.0,0.5476190476190477,1.0,0.5424836601307189,True,,,False,False,False
1731,CGTCAG,1.0,0.484472049689441,1.0,0.6575342465753424,True,,,False,False,False
1732,CGTCAT,1.0,0.6180555555555556,1.0,0.8145161290322581,True,,0.0432130601928982,True,False,False
1733,CGTCCA,1.0,0.5103448275862069,1.0,0.4306569343065693,True,,,False,False,False
1734,CGTCCC,1.0,0.5230769230769231,1.0,0.3767123287671233,True,,,False,False,False
1735,CGTCCG,1.0,0.5519125683060109,1.0,0.7012987012987013,True,,,False,False,False
1736,CGTCCT,1.0,0.3478260869565217,1.0,0.3333333333333333,True,,,False,False,False
1737,CGTCGA,1.0,0.4513888888888889,1.0,0.6507936507936508,True,,,False,False,False
1738,CGTCGC,1.0,0.5357142857142857,1.0,0.3974358974358974,True,,,False,False,False
1739,CGTCGG,1.0,0.6022727272727273,1.0,0.5345911949685535,True,,,False,False,False
1740,CGTCGT,1.0,0.7251908396946565,1.0,0.5912408759124088,True,,,False,False,False
1741,CGTCTA,1.0,0.5759493670886076,1.0,0.7131147540983607,True,,,False,False,False
1742,CGTCTC,1.0,0.5032679738562091,1.0,0.5342465753424658,True,,,False,False,False
1743,CGTCTG,1.0,0.5182926829268293,1.0,0.4384615384615384,True,,,False,False,False
1744,CGTCTT,1.0,0.6381578947368421,1.0,0.7293233082706767,True,,,False,False,False
1745,CGTGAA,1.0,0.4277108433734939,1.0,0.5190839694656488,True,,,False,False,False
1746,CGTGAC,1.0,0.4740740740740741,1.0,0.3673469387755102,True,,,False,False,False
1747,CGTGAG,1.0,0.3454545454545454,1.0,0.3257575757575757,True,,,False,False,False
1748,CGTGAT,1.0,0.5384615384615384,1.0,0.5289855072463768,True,,,False,False,False
1749,CGTGCA,1.0,0.4918918918918919,1.0,0.4971098265895953,True,,,False,False,False
1750,CGTGCC,1.0,0.5771812080536913,1.0,0.5,True,,,False,False,False
1751,CGTGCG,1.0,0.4257425742574257,1.0,0.4736842105263157,True,,,False,False,False
1752,CGTGCT,1.0,0.3804347826086957,1.0,0.5202702702702703,True,,,False,False,False
1753,CGTGGA,1.0,0.5126582278481012,1.0,0.7352941176470589,True,,,False,False,False
1754,CGTGGC,1.0,0.5771428571428572,1.0,0.7,True,,,False,False,False
1755,CGTGGG,1.0,0.5128205128205128,1.0,0.6407185628742516,True,,,False,False,False
1756,CGTGGT,1.0,0.4019138755980861,1.0,0.4876543209876543,True,,,False,False,False
1757,CGTGTA,1.0,0.5121951219512195,1.0,0.5796178343949044,True,,,False,False,False
1758,CGTGTC,1.0,0.4327485380116959,1.0,0.5371428571428571,True,,,False,False,False
1759,CGTGTG,1.0,0.5166666666666667,1.0,0.4885057471264368,True,,,False,False,False
1760,CGTGTT,1.0,0.4071856287425149,1.0,0.5151515151515151,True,,,False,False,False
1761,CGTTAA,1.0,0.6054421768707483,1.0,0.4785714285714286,True,,,False,False,False
1762,CGTTAC,1.0,0.35,1.0,0.5294117647058824,True,,,False,False,False
1763,CGTTAG,1.0,0.5393939393939394,1.0,0.6967741935483871,True,,,False,False,False
1764,CGTTAT,1.0,0.3189189189189189,1.0,0.5069444444444444,True,,,False,False,False
1765,CGTTCA,1.0,0.5949367088607594,1.0,0.7272727272727273,True,,,False,False,False
1766,CGTTCC,1.0,0.4438502673796791,1.0,0.3949044585987261,True,,,False,False,False
1767,CGTTCG,1.0,0.5945945945945946,1.0,0.3720930232558139,True,,,False,False,False
1768,CGTTCT,1.0,0.4775280898876404,1.0,0.4088050314465409,True,,,False,False,False
1769,CGTTGA,1.0,0.3375,1.0,0.4077669902912621,True,,,False,False,False
1770,CGTTGC,1.0,0.3292682926829268,1.0,0.3453237410071942,True,,,False,False,False
1771,CGTTGG,1.0,0.4615384615384615,1.0,0.4556962025316455,True,,,False,False,False
1772,CGTTGT,1.0,0.5274725274725275,1.0,0.6558441558441559,True,,,False,False,False
1773,CTAAAA,1.0,0.4369747899159664,1.0,0.5157894736842106,False,,,False,False,False
1774,CTAAAC,1.0,0.4347826086956521,1.0,0.4022988505747126,False,,,False,False,False
1775,CTAAAG,1.0,0.5905511811023622,1.0,0.5703125,False,,,False,False,False
1776,CTAAAT,1.0,0.6,1.0,0.543859649122807,False,,,False,False,False
1777,CTAACA,1.0,0.4341085271317829,1.0,0.872093023255814,False,,0.0499574913879693,True,False,False
1778,CTAACC,1.0,0.6610169491525424,1.0,0.5294117647058824,False,,,False,False,False
1779,CTAACG,1.0,0.3227848101265823,1.0,0.5454545454545454,True,,,False,False,False
1780,CTAACT,1.0,0.5675675675675675,1.0,0.7777777777777778,False,,,False,False,False
1781,CTAAGA,1.0,0.3937007874015748,1.0,0.411214953271028,False,,,False,False,False
1782,CTAAGC,1.0,0.3687943262411347,1.0,0.6074074074074074,False,,,False,False,False
1783,CTAAGG,1.0,0.4105960264900662,1.0,0.3333333333333333,False,,,False,False,False
1784,CTAAGT,1.0,0.5107913669064749,1.0,0.6120689655172413,False,,,False,False,False
1785,CTAATA,1.0,0.4876033057851239,1.0,0.5398230088495575,False,,,False,False,False
1786,CTAATC,1.0,0.4047619047619047,1.0,0.4615384615384615,False,,,False,False,False
1787,CTAATG,1.0,0.5267175572519084,1.0,0.5042016806722689,False,,,False,False,False
1788,CTAATT,1.0,0.4689655172413793,1.0,0.4736842105263157,False,,,False,False,False
1789,CTACAA,1.0,0.5634920634920635,1.0,0.4603174603174603,False,,,False,False,False
1790,CTACAC,1.0,0.6495726495726496,1.0,0.7428571428571429,False,,,False,False,False
1791,CTACAG,1.0,0.4,1.0,0.6372549019607843,False,,,False,False,False
1792,CTACAT,1.0,0.5491803278688525,1.0,0.6814159292035398,False,,,False,False,False
1793,CTACCA,1.0,0.4112903225806452,1.0,0.5353535353535354,False,,,False,False,False
1794,CTACCC,1.0,0.3893805309734513,1.0,0.4,False,,,False,False,False
1795,CTACCG,1.0,0.4836065573770491,1.0,0.4594594594594595,True,,,False,False,False
1796,CTACCT,1.0,0.6666666666666666,1.0,0.5702479338842975,False,,,False,False,False
1797,CTACGA,1.0,0.5677966101694916,1.0,0.6476190476190476,True,,,False,False,False
1798,CTACGC,1.0,0.6015625,1.0,0.6,True,,,False,False,False
1799,CTACGG,1.0,0.635036496350365,1.0,0.6424242424242425,True,,,False,False,False
1800,CTACGT,1.0,0.5886524822695035,1.0,0.465648854961832,True,,,False,False,False
1801,CTACTA,1.0,0.6436781609195402,1.0,0.4864864864864865,False,,,False,False,False
1802,CTACTC,1.0,0.6607142857142857,1.0,0.5966386554621849,False,,,False,False,False
1803,CTACTG,1.0,0.5982142857142857,1.0,0.6074074074074074,False,,,False,False,False
1804,CTACTT,1.0,0.425531914893617,1.0,0.6907216494845361,False,,,False,False,False
1805,CTAGAA,1.0,0.703125,1.0,0.9,False,,0.009631203952298,True,False,False
1806,CTAGAC,1.0,0.7387387387387387,1.0,0.888,False,,0.0061948851972859,True,False,False
1807,CTAGAG,1.0,0.4855072463768116,1.0,0.4883720930232558,False,,,False,False,False
1808,CTAGAT,1.0,1.1640625,1.0,0.8583333333333333,False,4.944544392825808e-11,0.0178340255903727,True,True,True
1809,CTAGCA,1.0,0.6384615384615384,1.0,0.883495145631068,False,,0.0197267066666681,True,False,False
1810,CTAGCC,1.0,1.269736842105263,1.0,1.6696428571428572,False,7.813352687020193e-17,9.70033732692166e-20,True,True,True
1811,CTAGCG,1.0,0.5961538461538461,1.0,0.6992481203007519,True,,,False,False,False
1812,CTAGCT,1.0,0.6118421052631579,1.0,0.8083333333333333,False,,,False,False,False
1813,CTAGGA,1.0,0.348993288590604,1.0,0.6590909090909091,False,,,False,False,False
1814,CTAGGC,1.0,0.48,1.0,0.5958904109589042,False,,,False,False,False
1815,CTAGGG,1.0,0.3806818181818182,1.0,0.6620689655172414,False,,,False,False,False
1816,CTAGGT,1.0,0.574468085106383,1.0,0.4901960784313725,False,,,False,False,False
1817,CTAGTA,1.0,0.4487179487179487,1.0,0.5135135135135135,False,,,False,False,False
1818,CTAGTC,1.0,0.4110429447852761,1.0,0.6885245901639344,False,,,False,False,False
1819,CTAGTG,1.0,0.4506172839506173,1.0,0.7007874015748031,False,,,False,False,False
1820,CTAGTT,1.0,0.4802631578947368,1.0,0.4589041095890411,False,,,False,False,False
1821,CTATAA,1.0,0.4146341463414634,1.0,0.4678899082568807,False,,,False,False,False
1822,CTATAC,1.0,0.4153846153846154,1.0,0.4375,False,,,False,False,False
1823,CTATAG,1.0,0.593103448275862,1.0,0.6532258064516129,False,,,False,False,False
1824,CTATAT,1.0,0.4305555555555556,1.0,0.5076923076923077,False,,,False,False,False
1825,CTATCA,1.0,0.552,1.0,0.448,False,,,False,False,False
1826,CTATCC,1.0,0.4566929133858268,1.0,0.7450980392156863,False,,,False,False,False
1827,CTATCG,1.0,0.3806451612903225,1.0,0.4285714285714285,True,,,False,False,False
1828,CTATCT,1.0,0.546875,1.0,0.4869565217391304,False,,,False,False,False
1829,CTATGA,1.0,0.6016260162601627,1.0,0.5833333333333334,False,,,False,False,False
1830,CTATGC,1.0,0.7299270072992701,1.0,0.7073170731707317,False,0.042966763528722,,True,False,False
1831,CTATGG,1.0,0.4152046783625731,1.0,0.5259259259259259,False,,,False,False,False
1832,CTATGT,1.0,0.5882352941176471,1.0,0.4895104895104895,False,,,False,False,False
1833,CTATTA,1.0,0.5259259259259259,1.0,0.448,False,,,False,False,False
1834,CTATTC,1.0,0.3576158940397351,1.0,0.488,False,,,False,False,False
1835,CTATTG,1.0,0.2647058823529412,1.0,0.5693430656934306,False,,,False,False,False
1836,CTATTT,1.0,0.375,1.0,0.4154929577464789,False,,,False,False,False
1837,CTCAAA,1.0,0.4615384615384615,1.0,0.3636363636363636,False,,,False,False,False
1838,CTCAAC,1.0,0.4714285714285714,1.0,0.6571428571428571,False,,,False,False,False
1839,CTCAAG,1.0,0.4295302013422818,1.0,0.4532374100719424,False,,,False,False,False
1840,CTCAAT,1.0,0.4492753623188406,1.0,0.5531914893617021,False,,,False,False,False
1841,CTCACA,1.0,0.5362318840579711,1.0,0.6732673267326733,False,,,False,False,False
1842,CTCACC,1.0,0.4132231404958678,1.0,0.5619047619047619,False,,,False,False,False
1843,CTCACG,1.0,0.477124183006536,1.0,0.4677419354838709,True,,,False,False,False
1844,CTCACT,1.0,0.303030303030303,1.0,0.6347826086956522,False,,,False,False,False
1845,CTCAGA,1.0,0.4253731343283582,1.0,0.4621848739495798,False,,,False,False,False
1846,CTCAGC,1.0,0.4201183431952662,1.0,0.4769230769230769,False,,,False,False,False
1847,CTCAGG,1.0,0.3452380952380952,1.0,0.4461538461538462,False,,,False,False,False
1848,CTCAGT,1.0,0.3666666666666666,1.0,0.3973509933774834,False,,,False,False,False
1849,CTCATA,1.0,0.5267175572519084,1.0,0.3700787401574803,False,,,False,False,False
1850,CTCATC,1.0,0.4142857142857143,1.0,0.7142857142857143,False,,,False,False,False
1851,CTCATG,1.0,0.4423076923076923,1.0,0.5076923076923077,False,,,False,False,False
1852,CTCATT,1.0,0.5546875,1.0,0.4503816793893129,False,,,False,False,False
1853,CTCCAA,1.0,0.5,1.0,0.6288659793814433,False,,,False,False,False
1854,CTCCAC,1.0,0.6722689075630253,1.0,0.73,False,,,False,False,False
1855,CTCCAG,1.0,0.5220588235294118,1.0,0.5213675213675214,False,,,False,False,False
1856,CTCCAT,1.0,0.6347826086956522,1.0,0.472,False,,,False,False,False
1857,CTCCCA,1.0,0.4272727272727272,1.0,0.5567010309278351,False,,,False,False,False
1858,CTCCCC,1.0,0.2857142857142857,1.0,0.6451612903225806,False,,,False,False,False
1859,CTCCCG,1.0,0.345679012345679,1.0,0.5867768595041323,True,,,False,False,False
1860,CTCCCT,1.0,0.4140625,1.0,0.5471698113207547,False,,,False,False,False
1861,CTCCGA,1.0,0.5042016806722689,1.0,0.625,True,,,False,False,False
1862,CTCCGC,1.0,0.7407407407407407,1.0,0.7862595419847328,True,0.034259227575766,,True,False,False
1863,CTCCGG,1.0,0.4285714285714285,1.0,0.6046511627906976,True,,,False,False,False
1864,CTCCGT,1.0,0.4533333333333333,1.0,0.3870967741935484,True,,,False,False,False
1865,CTCCTA,1.0,0.7009345794392523,1.0,0.6915887850467289,False,,,False,False,False
1866,CTCCTC,1.0,0.304,1.0,0.35,False,,,False,False,False
1867,CTCCTG,1.0,0.3793103448275862,1.0,0.5538461538461539,False,,,False,False,False
1868,CTCCTT,1.0,0.4341085271317829,1.0,0.4596774193548387,False,,,False,False,False
1869,CTCGAA,1.0,0.5445544554455446,1.0,0.2903225806451613,True,,,False,False,False
1870,CTCGAC,1.0,0.3018867924528302,1.0,0.392156862745098,True,,,False,False,False
1871,CTCGAG,1.0,0.4489795918367347,1.0,0.4322033898305085,True,,,False,False,False
1872,CTCGAT,1.0,0.4246575342465753,1.0,0.4596774193548387,True,,,False,False,False
1873,CTCGCA,1.0,0.5384615384615384,1.0,0.5401459854014599,True,,,False,False,False
1874,CTCGCC,1.0,0.4518072289156626,1.0,0.5766423357664233,True,,,False,False,False
1875,CTCGCG,1.0,0.3757575757575757,1.0,0.6078431372549019,True,,,False,False,False
1876,CTCGCT,1.0,0.7302631578947368,1.0,0.4405594405594406,True,0.0292099412758596,,True,True,True
1877,CTCGGA,1.0,0.4210526315789473,1.0,0.6486486486486487,True,,,False,False,False
1878,CTCGGC,1.0,0.5384615384615384,1.0,0.4516129032258064,True,,,False,False,False
1879,CTCGGG,1.0,0.5057471264367817,1.0,0.7530120481927711,True,,,False,False,False
1880,CTCGGT,1.0,0.5664739884393064,1.0,0.4797687861271676,True,,,False,False,False
1881,CTCGTA,1.0,0.6690140845070423,1.0,0.5701754385964912,True,,,False,False,False
1882,CTCGTC,1.0,0.5753424657534246,1.0,0.5035460992907801,True,,,False,False,False
1883,CTCGTG,1.0,0.325,1.0,0.4090909090909091,True,,,False,False,False
1884,CTCGTT,1.0,0.496,1.0,0.4814814814814814,True,,,False,False,False
1885,CTCTAA,1.0,0.3955223880597014,1.0,0.5135135135135135,False,,,False,False,False
1886,CTCTAC,1.0,0.5213675213675214,1.0,0.5346534653465347,False,,,False,False,False
1887,CTCTAG,1.0,0.3961038961038961,1.0,0.6390977443609023,False,,,False,False,False
1888,CTCTAT,1.0,0.2836879432624113,1.0,0.5271317829457365,False,,,False,False,False
1889,CTCTCA,1.0,0.5166666666666667,1.0,0.5858585858585859,False,,,False,False,False
1890,CTCTCC,1.0,0.4724409448818897,1.0,0.696969696969697,False,,,False,False,False
1891,CTCTCG,1.0,0.5590062111801242,1.0,0.6129032258064516,True,,,False,False,False
1892,CTCTCT,1.0,0.4812030075187969,1.0,0.4183673469387755,False,,,False,False,False
1893,CTCTGA,1.0,0.696,1.0,0.512396694214876,False,,,False,False,False
1894,CTCTGC,1.0,0.303030303030303,1.0,0.448,False,,,False,False,False
1895,CTCTGG,1.0,0.5272727272727272,1.0,0.5266666666666666,False,,,False,False,False
1896,CTCTGT,1.0,0.4382716049382716,1.0,0.3146853146853147,False,,,False,False,False
1897,CTCTTA,1.0,0.5661764705882353,1.0,0.3984962406015037,False,,,False,False,False
1898,CTCTTC,1.0,0.5259259259259259,1.0,0.5849056603773585,False,,,False,False,False
1899,CTCTTG,1.0,0.363013698630137,1.0,0.5466666666666666,False,,,False,False,False
1900,CTCTTT,1.0,0.6180555555555556,1.0,0.3098591549295774,False,,,False,False,False
1901,CTGAAA,1.0,0.5504587155963303,1.0,0.4215686274509804,False,,,False,False,False
1902,CTGAAC,1.0,0.475,1.0,0.6078431372549019,False,,,False,False,False
1903,CTGAAG,1.0,0.352,1.0,0.4375,False,,,False,False,False
1904,CTGAAT,1.0,0.5434782608695652,1.0,0.4701492537313433,False,,,False,False,False
1905,CTGACA,1.0,0.5206611570247934,1.0,0.4095238095238095,False,,,False,False,False
1906,CTGACC,1.0,0.5968992248062015,1.0,0.801980198019802,False,,,False,False,False
1907,CTGACG,1.0,0.576271186440678,1.0,0.4666666666666667,True,,,False,False,False
1908,CTGACT,1.0,0.3111111111111111,1.0,0.5748031496062992,False,,,False,False,False
1909,CTGAGA,1.0,0.4387096774193548,1.0,0.3529411764705882,False,,,False,False,False
1910,CTGAGC,1.0,0.4748201438848921,1.0,0.69,False,,,False,False,False
1911,CTGAGG,1.0,0.5266666666666666,1.0,0.4863013698630137,False,,,False,False,False
1912,CTGAGT,1.0,0.6614173228346457,1.0,0.5755395683453237,False,,,False,False,False
1913,CTGATA,1.0,0.3355704697986577,1.0,0.3267326732673267,False,,,False,False,False
1914,CTGATC,1.0,0.4577464788732394,1.0,0.6153846153846154,False,,,False,False,False
1915,CTGATG,1.0,0.4802631578947368,1.0,0.4769230769230769,False,,,False,False,False
1916,CTGATT,1.0,0.4121621621621621,1.0,0.5847457627118644,False,,,False,False,False
1917,CTGCAA,1.0,0.422077922077922,1.0,0.3571428571428571,False,,,False,False,False
1918,CTGCAC,1.0,0.4740740740740741,1.0,0.4393939393939394,False,,,False,False,False
1919,CTGCAG,1.0,0.5725190839694656,1.0,0.4645669291338583,False,,,False,False,False
1920,CTGCAT,1.0,0.4566473988439306,1.0,0.5241379310344828,False,,,False,False,False
1921,CTGCCA,1.0,0.4923076923076923,1.0,0.5307692307692308,False,,,False,False,False
1922,CTGCCC,1.0,0.5323741007194245,1.0,0.8404255319148937,False,,,False,False,False
1923,CTGCCG,1.0,0.463768115942029,1.0,0.5227272727272727,True,,,False,False,False
1924,CTGCCT,1.0,0.4087591240875912,1.0,0.552,False,,,False,False,False
1925,CTGCGA,1.0,0.6048387096774194,1.0,0.6283185840707964,True,,,False,False,False
1926,CTGCGC,1.0,0.4468085106382978,1.0,0.6528925619834711,True,,,False,False,False
1927,CTGCGG,1.0,0.5625,1.0,0.4934210526315789,True,,,False,False,False
1928,CTGCGT,1.0,0.3956043956043956,1.0,0.5102040816326531,True,,,False,False,False
1929,CTGCTA,1.0,0.6530612244897959,1.0,0.5798319327731093,False,,,False,False,False
1930,CTGCTC,1.0,0.5227272727272727,1.0,0.4964539007092198,False,,,False,False,False
1931,CTGCTG,1.0,0.4538461538461538,1.0,0.7272727272727273,False,,,False,False,False
1932,CTGCTT,1.0,0.4276315789473684,1.0,0.6323529411764706,False,,,False,False,False
1933,CTGGAA,1.0,0.8814814814814815,1.0,0.4503311258278146,False,0.0001609461010521,,True,True,True
1934,CTGGAC,1.0,0.5266666666666666,1.0,0.5428571428571428,False,,,False,False,False
1935,CTGGAG,1.0,0.4817518248175182,1.0,0.7062937062937062,False,,,False,False,False
1936,CTGGAT,1.0,0.6524390243902439,1.0,0.3831168831168831,False,,,False,False,False
1937,CTGGCA,1.0,0.4545454545454545,1.0,0.6038961038961039,False,,,False,False,False
1938,CTGGCC,1.0,0.5276073619631901,1.0,0.5608108108108109,False,,,False,False,False
1939,CTGGCG,1.0,0.4903225806451612,1.0,0.5454545454545454,True,,,False,False,False
1940,CTGGCT,1.0,0.5217391304347826,1.0,0.4615384615384615,False,,,False,False,False
1941,CTGGGA,1.0,0.3734939759036144,1.0,0.3464052287581699,False,,,False,False,False
1942,CTGGGC,1.0,0.576530612244898,1.0,0.6306818181818182,False,,,False,False,False
1943,CTGGGG,1.0,0.4375,1.0,0.5182926829268293,False,,,False,False,False
1944,CTGGGT,1.0,0.2857142857142857,1.0,0.4829545454545454,False,,,False,False,False
1945,CTGGTA,1.0,0.6622516556291391,1.0,0.5845070422535211,False,,,False,False,False
1946,CTGGTC,1.0,0.5084745762711864,1.0,0.4634146341463415,False,,,False,False,False
1947,CTGGTG,1.0,0.5,1.0,0.6928104575163399,False,,,False,False,False
1948,CTGGTT,1.0,0.359375,1.0,0.4037267080745341,False,,,False,False,False
1949,CTGTAA,1.0,0.4296296296296296,1.0,0.4488188976377952,False,,,False,False,False
1950,CTGTAC,1.0,0.5590551181102362,1.0,0.4191176470588235,False,,,False,False,False
1951,CTGTAG,1.0,0.4516129032258064,1.0,0.4206896551724138,False,,,False,False,False
1952,CTGTAT,1.0,0.5286624203821656,1.0,0.4428571428571428,False,,,False,False,False
1953,CTGTCA,1.0,0.4127906976744186,1.0,0.4039735099337748,False,,,False,False,False
1954,CTGTCC,1.0,0.3269230769230769,1.0,0.556390977443609,False,,,False,False,False
1955,CTGTCG,1.0,0.4110429447852761,1.0,0.6,True,,,False,False,False
1956,CTGTCT,1.0,0.5149700598802395,1.0,0.4137931034482758,False,,,False,False,False
1957,CTGTGA,1.0,0.3949044585987261,1.0,0.5352112676056338,False,,,False,False,False
1958,CTGTGC,1.0,0.6129032258064516,1.0,0.6258992805755396,False,,,False,False,False
1959,CTGTGG,1.0,0.4973262032085561,1.0,0.5975609756097561,False,,,False,False,False
1960,CTGTGT,1.0,0.4170854271356783,1.0,0.5476190476190477,False,,,False,False,False
1961,CTGTTA,1.0,0.6444444444444445,1.0,0.5068493150684932,False,,,False,False,False
1962,CTGTTC,1.0,0.4055944055944055,1.0,0.6230769230769231,False,,,False,False,False
1963,CTGTTG,1.0,0.4685714285714286,1.0,0.5031446540880503,False,,,False,False,False
1964,CTGTTT,1.0,0.4248366013071895,1.0,0.7131147540983607,False,,,False,False,False
1965,CTTAAA,1.0,0.3410852713178294,1.0,0.5,False,,,False,False,False
1966,CTTAAC,1.0,0.472,1.0,0.638095238095238,False,,,False,False,False
1967,CTTAAG,1.0,0.4892086330935252,1.0,0.5606060606060606,False,,,False,False,False
1968,CTTAAT,1.0,0.4729729729729729,1.0,0.5555555555555556,False,,,False,False,False
1969,CTTACA,1.0,0.6538461538461539,1.0,0.408,False,,,False,False,False
1970,CTTACC,1.0,0.4015748031496063,1.0,0.419047619047619,False,,,False,False,False
1971,CTTACG,1.0,0.4404761904761904,1.0,0.67,True,,,False,False,False
1972,CTTACT,1.0,0.544,1.0,0.4545454545454545,False,,,False,False,False
1973,CTTAGA,1.0,0.4525547445255474,1.0,0.3565891472868217,False,,,False,False,False
1974,CTTAGC,1.0,0.4621212121212121,1.0,0.3458646616541353,False,,,False,False,False
1975,CTTAGG,1.0,0.3684210526315789,1.0,0.4337349397590361,False,,,False,False,False
1976,CTTAGT,1.0,0.6554054054054054,1.0,0.5467625899280576,False,,,False,False,False
1977,CTTATA,1.0,0.5041322314049587,1.0,0.3333333333333333,False,,,False,False,False
1978,CTTATC,1.0,0.4859154929577465,1.0,0.4789915966386555,False,,,False,False,False
1979,CTTATG,1.0,0.4166666666666667,1.0,0.3717948717948718,False,,,False,False,False
1980,CTTATT,1.0,0.3850931677018633,1.0,0.5142857142857142,False,,,False,False,False
1981,CTTCAA,1.0,0.4264705882352941,1.0,0.3384615384615385,False,,,False,False,False
1982,CTTCAC,1.0,0.360759493670886,1.0,0.5882352941176471,False,,,False,False,False
1983,CTTCAG,1.0,0.4934210526315789,1.0,0.5461538461538461,False,,,False,False,False
1984,CTTCAT,1.0,0.4846625766871165,1.0,0.3892617449664429,False,,,False,False,False
1985,CTTCCA,1.0,0.6240601503759399,1.0,0.5144927536231884,False,,,False,False,False
1986,CTTCCC,1.0,0.6044776119402985,1.0,0.3968253968253968,False,,,False,False,False
1987,CTTCCG,1.0,0.3375,1.0,0.5507246376811594,True,,,False,False,False
1988,CTTCCT,1.0,0.4409448818897638,1.0,0.6565656565656566,False,,,False,False,False
1989,CTTCGA,1.0,0.411214953271028,1.0,0.5959595959595959,True,,,False,False,False
1990,CTTCGC,1.0,0.4615384615384615,1.0,0.4887218045112781,True,,,False,False,False
1991,CTTCGG,1.0,0.4829268292682926,1.0,0.5397727272727273,True,,,False,False,False
1992,CTTCGT,1.0,0.543046357615894,1.0,0.3985507246376811,True,,,False,False,False
1993,CTTCTA,1.0,0.7761194029850746,1.0,0.8918918918918919,False,0.0129685557855864,0.010907129587285,True,True,True
1994,CTTCTC,1.0,0.3970588235294117,1.0,0.7207207207207207,False,,,False,False,False
1995,CTTCTG,1.0,0.6642335766423357,1.0,0.4154929577464789,False,,,False,False,False
1996,CTTCTT,1.0,0.3167701863354037,1.0,0.5491803278688525,False,,,False,False,False
1997,CTTGAA,1.0,0.5338983050847458,1.0,0.5675675675675675,False,,,False,False,False
1998,CTTGAC,1.0,0.3776223776223776,1.0,0.4056603773584906,False,,,False,False,False
1999,CTTGAG,1.0,0.3885350318471338,1.0,0.5666666666666667,False,,,False,False,False
2000,CTTGAT,1.0,0.3809523809523809,1.0,0.4893617021276595,False,,,False,False,False
2001,CTTGCA,1.0,0.435064935064935,1.0,0.4732824427480916,False,,,False,False,False
2002,CTTGCC,1.0,0.4437086092715231,1.0,0.48,False,,,False,False,False
2003,CTTGCG,1.0,0.4368421052631579,1.0,0.5,True,,,False,False,False
2004,CTTGCT,1.0,0.5534591194968553,1.0,0.5373134328358209,False,,,False,False,False
2005,CTTGGA,1.0,0.3144654088050314,1.0,0.6444444444444445,False,,,False,False,False
2006,CTTGGC,1.0,0.4388888888888889,1.0,0.4493670886075949,False,,,False,False,False
2007,CTTGGG,1.0,0.4,1.0,0.5454545454545454,False,,,False,False,False
2008,CTTGGT,1.0,0.6130952380952381,1.0,0.6387096774193548,False,,,False,False,False
2009,CTTGTA,1.0,0.6496815286624203,1.0,0.7933884297520661,False,,,False,False,False
2010,CTTGTC,1.0,0.5180722891566265,1.0,0.5944055944055944,False,,,False,False,False
2011,CTTGTG,1.0,0.4402173913043478,1.0,0.4733333333333333,False,,,False,False,False
2012,CTTGTT,1.0,0.5465116279069767,1.0,0.5548387096774193,False,,,False,False,False
2013,CTTTAA,1.0,0.3949044585987261,1.0,0.5428571428571428,False,,,False,False,False
2014,CTTTAC,1.0,0.5531914893617021,1.0,0.3958333333333333,False,,,False,False,False
2015,CTTTAG,1.0,0.5159235668789809,1.0,0.5645161290322581,False,,,False,False,False
2016,CTTTAT,1.0,0.5061728395061729,1.0,0.4861111111111111,False,,,False,False,False
2017,CTTTCA,1.0,0.4899328859060403,1.0,0.5761589403973509,False,,,False,False,False
2018,CTTTCC,1.0,0.5035971223021583,1.0,0.5,False,,,False,False,False
2019,CTTTCT,1.0,0.4217687074829932,1.0,0.4057971014492754,False,,,False,False,False
2020,CTTTGA,1.0,0.48125,1.0,0.5362318840579711,False,,,False,False,False
2021,CTTTGC,1.0,0.5675675675675675,1.0,0.546875,False,,,False,False,False
2022,CTTTGG,1.0,0.4761904761904761,1.0,0.4629629629629629,False,,,False,False,False
2023,CTTTGT,1.0,0.3121693121693121,1.0,0.4525139664804469,False,,,False,False,False
2024,CTTTTA,1.0,0.5100671140939598,1.0,0.4326241134751773,False,,,False,False,False
2025,CTTTTC,1.0,0.4196428571428571,1.0,0.59,False,,,False,False,False
2026,CTTTTG,1.0,0.484472049689441,1.0,0.425531914893617,False,,,False,False,False
2027,CTTTTT,1.0,0.4867724867724867,1.0,0.375886524822695,False,,,False,False,False
2028,GAAAAA,1.0,0.3163265306122449,1.0,0.5375,False,,,False,False,False
2029,GAAAAC,1.0,0.4516129032258064,1.0,0.5409836065573771,False,,,False,False,False
2030,GAAAAG,1.0,0.5363636363636364,1.0,0.5098039215686274,False,,,False,False,False
2031,GAAAAT,1.0,0.4247787610619469,1.0,0.3333333333333333,False,,,False,False,False
2032,GAAACA,1.0,0.4242424242424242,1.0,0.3854166666666667,False,,,False,False,False
2033,GAAACC,1.0,0.7066666666666667,1.0,0.3947368421052631,False,,,False,False,False
2034,GAAACT,1.0,0.48,1.0,0.4020618556701031,False,,,False,False,False
2035,GAAAGA,1.0,0.3333333333333333,1.0,0.4166666666666667,False,,,False,False,False
2036,GAAAGC,1.0,0.41,1.0,0.5048543689320388,False,,,False,False,False
2037,GAAAGG,1.0,0.3909774436090225,1.0,0.3307692307692307,False,,,False,False,False
2038,GAAAGT,1.0,0.5486725663716814,1.0,0.6601941747572816,False,,,False,False,False
2039,GAAATA,1.0,0.5283018867924528,1.0,0.2307692307692307,False,,,False,False,False
2040,GAAATC,1.0,0.411214953271028,1.0,0.3645833333333333,False,,,False,False,False
2041,GAAATG,1.0,0.5403225806451613,1.0,0.4069767441860465,False,,,False,False,False
2042,GAAATT,1.0,0.4247787610619469,1.0,0.5164835164835165,False,,,False,False,False
2043,GAACAA,1.0,0.4144144144144144,1.0,0.3555555555555555,False,,,False,False,False
2044,GAACAC,1.0,0.5797101449275363,1.0,0.6697247706422018,False,,,False,False,False
2045,GAACAG,1.0,0.5474452554744526,1.0,0.6356589147286822,False,,,False,False,False
2046,GAACAT,1.0,0.4761904761904761,1.0,0.4929577464788732,False,,,False,False,False
2047,GAACCA,1.0,0.6106194690265486,1.0,0.6542056074766355,False,,,False,False,False
2048,GAACCC,1.0,0.3458646616541353,1.0,0.4661016949152542,False,,,False,False,False
2049,GAACCG,1.0,0.5319148936170213,1.0,0.5245901639344263,True,,,False,False,False
2050,GAACCT,1.0,0.4104477611940298,1.0,0.4646464646464646,False,,,False,False,False
2051,GAACGA,1.0,0.5979381443298969,1.0,0.4273504273504273,True,,,False,False,False
2052,GAACGC,1.0,0.3164556962025316,1.0,0.4672131147540984,True,,,False,False,False
2053,GAACGG,1.0,0.5034013605442177,1.0,0.4545454545454545,True,,,False,False,False
2054,GAACGT,1.0,0.5703125,1.0,0.5901639344262295,True,,,False,False,False
2055,GAACTA,1.0,0.4912280701754385,1.0,0.5855855855855856,False,,,False,False,False
2056,GAACTC,1.0,0.488,1.0,0.5526315789473685,False,,,False,False,False
2057,GAACTG,1.0,0.4148148148148148,1.0,0.5233644859813084,False,,,False,False,False
2058,GAACTT,1.0,0.4885496183206106,1.0,0.3161764705882353,False,,,False,False,False
2059,GAAGAA,1.0,0.5045871559633027,1.0,0.5304347826086957,False,,,False,False,False
2060,GAAGAC,1.0,0.6410256410256411,1.0,0.8421052631578947,False,,0.0320445883110466,True,False,False
2061,GAAGAG,1.0,0.52,1.0,0.6116504854368932,False,,,False,False,False
2062,GAAGAT,1.0,0.6,1.0,0.5555555555555556,False,,,False,False,False
2063,GAAGCA,1.0,0.644927536231884,1.0,0.3858267716535433,False,,,False,False,False
2064,GAAGCC,1.0,0.4,1.0,0.6956521739130435,False,,,False,False,False
2065,GAAGCG,1.0,0.2802547770700637,1.0,0.4477611940298507,True,,,False,False,False
2066,GAAGCT,1.0,0.5029940119760479,1.0,0.7631578947368421,False,,,False,False,False
2067,GAAGGA,1.0,0.3576642335766423,1.0,0.3203125,False,,,False,False,False
2068,GAAGGC,1.0,0.4716981132075472,1.0,0.4285714285714285,False,,,False,False,False
2069,GAAGGG,1.0,0.5806451612903226,1.0,0.5714285714285714,False,,,False,False,False
2070,GAAGGT,1.0,0.5723684210526315,1.0,0.3734177215189873,False,,,False,False,False
2071,GAAGTA,1.0,0.4146341463414634,1.0,0.5433070866141733,False,,,False,False,False
2072,GAAGTC,1.0,0.6159420289855072,1.0,0.7266187050359713,False,,,False,False,False
2073,GAAGTG,1.0,0.3511904761904761,1.0,0.5352112676056338,False,,,False,False,False
2074,GAAGTT,1.0,0.5289855072463768,1.0,0.5302013422818792,False,,,False,False,False
2075,GAATAA,1.0,0.4583333333333333,1.0,0.5641025641025641,False,,,False,False,False
2076,GAATAC,1.0,0.4871794871794871,1.0,0.6551724137931034,False,,,False,False,False
2077,GAATAG,1.0,0.5602836879432624,1.0,0.6607142857142857,False,,,False,False,False
2078,GAATAT,1.0,0.4370860927152318,1.0,0.4375,False,,,False,False,False
2079,GAATCA,1.0,0.5833333333333334,1.0,0.5038759689922481,False,,,False,False,False
2080,GAATCC,1.0,0.5714285714285714,1.0,0.4545454545454545,False,,,False,False,False
2081,GAATCG,1.0,0.4683544303797468,1.0,0.4836065573770491,True,,,False,False,False
2082,GAATCT,1.0,0.3533834586466165,1.0,0.6097560975609756,False,,,False,False,False
2083,GAATGA,1.0,0.4491525423728814,1.0,0.532258064516129,False,,,False,False,False
2084,GAATGC,1.0,0.4240506329113924,1.0,0.7264957264957265,False,,,False,False,False
2085,GAATGG,1.0,0.3892617449664429,1.0,0.3218390804597701,False,,,False,False,False
2086,GAATGT,1.0,0.461038961038961,1.0,0.5223880597014925,False,,,False,False,False
2087,GAATTA,1.0,0.578125,1.0,0.5238095238095238,False,,,False,False,False
2088,GAATTC,1.0,0.4671532846715328,1.0,0.68,False,,,False,False,False
2089,GAATTG,1.0,0.4121212121212121,1.0,0.4768211920529801,False,,,False,False,False
2090,GAATTT,1.0,0.3087248322147651,1.0,0.427536231884058,False,,,False,False,False
2091,GACAAA,1.0,0.453781512605042,1.0,0.5490196078431373,False,,,False,False,False
2092,GACAAC,1.0,0.4132231404958678,1.0,0.3243243243243243,False,,,False,False,False
2093,GACAAG,1.0,0.3090909090909091,1.0,0.4662162162162162,False,,,False,False,False
2094,GACAAT,1.0,0.492063492063492,1.0,0.4083333333333333,False,,,False,False,False
2095,GACACA,1.0,0.3161764705882353,1.0,0.3739837398373983,False,,,False,False,False
2096,GACACC,1.0,0.5957446808510638,1.0,0.5431034482758621,False,,,False,False,False
2097,GACACG,1.0,0.4680851063829787,1.0,0.4344262295081967,True,,,False,False,False
2098,GACACT,1.0,0.4557823129251701,1.0,0.5855855855855856,False,,,False,False,False
2099,GACAGA,1.0,0.2789115646258503,1.0,0.4416666666666666,False,,,False,False,False
2100,GACAGC,1.0,0.427536231884058,1.0,0.4812030075187969,False,,,False,False,False
2101,GACAGG,1.0,0.4528301886792453,1.0,0.5179856115107914,False,,,False,False,False
2102,GACAGT,1.0,0.3734177215189873,1.0,0.4761904761904761,False,,,False,False,False
2103,GACATA,1.0,0.5555555555555556,1.0,0.4913793103448275,False,,,False,False,False
2104,GACATC,1.0,0.6258503401360545,1.0,0.6033057851239669,False,,,False,False,False
2105,GACATG,1.0,0.4676258992805755,1.0,0.6433566433566433,False,,,False,False,False
2106,GACATT,1.0,0.4375,1.0,0.3576642335766423,False,,,False,False,False
2107,GACCAA,1.0,0.4074074074074074,1.0,0.6746987951807228,False,,,False,False,False
2108,GACCAC,1.0,0.3511450381679389,1.0,0.4918032786885246,False,,,False,False,False
2109,GACCAG,1.0,0.5634920634920635,1.0,0.5614035087719298,False,,,False,False,False
2110,GACCAT,1.0,0.6160714285714286,1.0,0.5462962962962963,False,,,False,False,False
2111,GACCCA,1.0,0.5251798561151079,1.0,0.4230769230769231,False,,,False,False,False
2112,GACCCC,1.0,0.6101694915254238,1.0,0.4196428571428571,False,,,False,False,False
2113,GACCCG,1.0,0.5,1.0,0.6050420168067226,True,,,False,False,False
2114,GACCCT,1.0,0.3828125,1.0,0.415929203539823,False,,,False,False,False
2115,GACCGA,1.0,0.4186046511627907,1.0,0.4403669724770642,True,,,False,False,False
2116,GACCGC,1.0,0.4407894736842105,1.0,0.8532110091743119,True,,0.0302374701427487,True,False,False
2117,GACCGG,1.0,0.358695652173913,1.0,0.4852941176470588,True,,,False,False,False
2118,GACCGT,1.0,0.4012738853503185,1.0,0.4921875,True,,,False,False,False
2119,GACCTA,1.0,0.6161616161616161,1.0,0.6521739130434783,False,,,False,False,False
2120,GACCTC,1.0,0.3656716417910448,1.0,0.3103448275862069,False,,,False,False,False
2121,GACCTG,1.0,0.6,1.0,0.4779874213836478,False,,,False,False,False
2122,GACCTT,1.0,0.4,1.0,0.3458646616541353,False,,,False,False,False
2123,GACGAA,1.0,0.5222222222222223,1.0,0.5955056179775281,True,,,False,False,False
2124,GACGAC,1.0,0.5517241379310345,1.0,0.4608695652173913,True,,,False,False,False
2125,GACGAG,1.0,0.6173913043478261,1.0,0.4806201550387597,True,,,False,False,False
2126,GACGAT,1.0,0.4202898550724637,1.0,0.5740740740740741,True,,,False,False,False
2127,GACGCA,1.0,0.4585987261146497,1.0,0.3846153846153846,True,,,False,False,False
2128,GACGCC,1.0,0.4620689655172413,1.0,0.5135135135135135,True,,,False,False,False
2129,GACGCG,1.0,0.5476190476190477,1.0,0.5275590551181102,True,,,False,False,False
2130,GACGCT,1.0,0.436241610738255,1.0,0.8571428571428571,True,,0.0240611148622769,True,False,False
2131,GACGGA,1.0,0.3496503496503496,1.0,0.609271523178808,True,,,False,False,False
2132,GACGGC,1.0,0.4855491329479768,1.0,0.5073529411764706,True,,,False,False,False
2133,GACGGG,1.0,0.4596273291925465,1.0,0.5031446540880503,True,,,False,False,False
2134,GACGGT,1.0,0.5555555555555556,1.0,0.6089743589743589,True,,,False,False,False
2135,GACGTA,1.0,0.5354330708661418,1.0,0.3643410852713178,True,,,False,False,False
2136,GACGTC,1.0,0.5345911949685535,1.0,0.7202797202797203,True,,,False,False,False
2137,GACGTG,1.0,0.4880952380952381,1.0,0.4696969696969697,True,,,False,False,False
2138,GACGTT,1.0,0.3963963963963964,1.0,0.5051546391752577,True,,,False,False,False
2139,GACTAA,1.0,0.5327868852459017,1.0,0.7027027027027027,False,,,False,False,False
2140,GACTAC,1.0,0.3474576271186441,1.0,0.8791208791208791,False,,0.0354403493019294,True,False,False
2141,GACTAG,1.0,0.5681818181818182,1.0,0.5590551181102362,False,,,False,False,False
2142,GACTAT,1.0,0.5032258064516129,1.0,0.4793388429752066,False,,,False,False,False
2143,GACTCA,1.0,0.362962962962963,1.0,0.3587786259541984,False,,,False,False,False
2144,GACTCC,1.0,0.5517241379310345,1.0,0.5476190476190477,False,,,False,False,False
2145,GACTCG,1.0,0.6641221374045801,1.0,0.4895104895104895,True,,,False,False,False
2146,GACTCT,1.0,0.4962406015037593,1.0,0.4885496183206106,False,,,False,False,False
2147,GACTGA,1.0,0.3471074380165289,1.0,0.6837606837606838,False,,,False,False,False
2148,GACTGC,1.0,0.573170731707317,1.0,0.5984848484848485,False,,,False,False,False
2149,GACTGG,1.0,0.4939024390243902,1.0,0.5960264900662252,False,,,False,False,False
2150,GACTGT,1.0,0.4294871794871794,1.0,0.4539007092198581,False,,,False,False,False
2151,GACTTA,1.0,0.5579710144927537,1.0,0.4,False,,,False,False,False
2152,GACTTC,1.0,0.4625,1.0,0.4523809523809524,False,,,False,False,False
2153,GACTTG,1.0,0.4904458598726114,1.0,0.4044117647058823,False,,,False,False,False
2154,GACTTT,1.0,0.3923076923076923,1.0,0.3503649635036496,False,,,False,False,False
2155,GAGAAA,1.0,0.2672413793103448,1.0,0.5227272727272727,False,,,False,False,False
2156,GAGAAC,1.0,0.5801526717557252,1.0,0.5392156862745098,False,,,False,False,False
2157,GAGAAG,1.0,0.456,1.0,0.4453781512605042,False,,,False,False,False
2158,GAGAAT,1.0,0.5076923076923077,1.0,0.6076923076923076,False,,,False,False,False
2159,GAGACA,1.0,0.3586206896551724,1.0,0.4299065420560747,False,,,False,False,False
2160,GAGACC,1.0,0.390728476821192,1.0,0.4732824427480916,False,,,False,False,False
2161,GAGACG,1.0,0.4379084967320261,1.0,0.7663551401869159,True,,,False,False,False
2162,GAGACT,1.0,0.4469696969696969,1.0,0.3508771929824561,False,,,False,False,False
2163,GAGAGA,1.0,0.3933333333333333,1.0,0.5289256198347108,False,,,False,False,False
2164,GAGAGC,1.0,0.2737430167597765,1.0,0.4736842105263157,False,,,False,False,False
2165,GAGAGG,1.0,0.3503184713375796,1.0,0.5126050420168067,False,,,False,False,False
2166,GAGAGT,1.0,0.4489795918367347,1.0,0.4117647058823529,False,,,False,False,False
2167,GAGATA,1.0,0.3884892086330935,1.0,0.5263157894736842,False,,,False,False,False
2168,GAGATC,1.0,0.3397435897435897,1.0,0.5748031496062992,False,,,False,False,False
2169,GAGATG,1.0,0.6397058823529411,1.0,0.4146341463414634,False,,,False,False,False
2170,GAGATT,1.0,0.4459459459459459,1.0,0.3880597014925373,False,,,False,False,False
2171,GAGCAA,1.0,0.4242424242424242,1.0,0.5,False,,,False,False,False
2172,GAGCAC,1.0,0.4387096774193548,1.0,0.3821138211382114,False,,,False,False,False
2173,GAGCAG,1.0,0.320754716981132,1.0,0.4930555555555556,False,,,False,False,False
2174,GAGCAT,1.0,0.4110429447852761,1.0,0.4097222222222222,False,,,False,False,False
2175,GAGCCA,1.0,0.4054054054054054,1.0,0.4014598540145985,False,,,False,False,False
2176,GAGCCC,1.0,0.5845070422535211,1.0,0.3357664233576642,False,,,False,False,False
2177,GAGCCG,1.0,0.4285714285714285,1.0,0.6538461538461539,True,,,False,False,False
2178,GAGCCT,1.0,0.55625,1.0,0.574468085106383,False,,,False,False,False
2179,GAGCGA,1.0,0.4583333333333333,1.0,0.4285714285714285,True,,,False,False,False
2180,GAGCGC,1.0,0.5900621118012422,1.0,0.5,True,,,False,False,False
2181,GAGCGG,1.0,0.3646408839779005,1.0,0.5208333333333334,True,,,False,False,False
2182,GAGCGT,1.0,0.4013605442176871,1.0,0.4415584415584415,True,,,False,False,False
2183,GAGCTA,1.0,0.6885245901639344,1.0,0.680327868852459,False,,,False,False,False
2184,GAGCTC,1.0,0.3743016759776536,1.0,0.4444444444444444,False,,,False,False,False
2185,GAGCTG,1.0,0.4503816793893129,1.0,0.5630252100840336,False,,,False,False,False
2186,GAGCTT,1.0,0.460431654676259,1.0,0.4528301886792453,False,,,False,False,False
2187,GAGGAA,1.0,0.5211267605633803,1.0,0.5663716814159292,False,,,False,False,False
2188,GAGGAC,1.0,0.5703125,1.0,0.4832214765100671,False,,,False,False,False
2189,GAGGAG,1.0,0.5503875968992248,1.0,0.4601769911504424,False,,,False,False,False
2190,GAGGAT,1.0,0.3099415204678362,1.0,0.3421052631578947,False,,,False,False,False
2191,GAGGCA,1.0,0.5031055900621118,1.0,0.5185185185185185,False,,,False,False,False
2192,GAGGCC,1.0,0.5642458100558659,1.0,0.6351351351351351,False,,,False,False,False
2193,GAGGCG,1.0,0.3646408839779005,1.0,0.6335877862595419,True,,,False,False,False
2194,GAGGCT,1.0,0.5714285714285714,1.0,0.7986111111111112,False,,0.0350553181333975,True,False,False
2195,GAGGGA,1.0,0.5757575757575758,1.0,0.4484848484848485,False,,,False,False,False
2196,GAGGGC,1.0,0.6772151898734177,1.0,0.5135135135135135,False,,,False,False,False
2197,GAGGGG,1.0,0.4033149171270718,1.0,0.497005988023952,False,,,False,False,False
2198,GAGGGT,1.0,0.4910179640718562,1.0,0.4166666666666667,False,,,False,False,False
2199,GAGGTA,1.0,0.4055555555555555,1.0,0.8166666666666667,False,,0.0450788242450652,True,False,False
2200,GAGGTC,1.0,0.3064516129032258,1.0,0.4823529411764706,False,,,False,False,False
2201,GAGGTG,1.0,0.54375,1.0,0.7210884353741497,False,,,False,False,False
2202,GAGGTT,1.0,0.5089820359281437,1.0,0.474025974025974,False,,,False,False,False
2203,GAGTAA,1.0,0.3034482758620689,1.0,0.4206896551724138,False,,,False,False,False
2204,GAGTAC,1.0,0.4929577464788732,1.0,0.6460176991150443,False,,,False,False,False
2205,GAGTAG,1.0,0.4899328859060403,1.0,0.4318181818181818,False,,,False,False,False
2206,GAGTAT,1.0,0.3101604278074866,1.0,0.4,False,,,False,False,False
2207,GAGTCA,1.0,0.5398773006134969,1.0,0.4071428571428571,False,,,False,False,False
2208,GAGTCC,1.0,0.5225806451612903,1.0,0.5639097744360902,False,,,False,False,False
2209,GAGTCG,1.0,0.2873563218390804,1.0,0.5321100917431193,True,,,False,False,False
2210,GAGTCT,1.0,0.4685714285714286,1.0,0.7086614173228346,False,,,False,False,False
2211,GAGTGA,1.0,0.4960629921259842,1.0,0.5333333333333333,False,,,False,False,False
2212,GAGTGC,1.0,0.506578947368421,1.0,0.3496932515337423,False,,,False,False,False
2213,GAGTGG,1.0,0.4489795918367347,1.0,0.5496688741721855,False,,,False,False,False
2214,GAGTGT,1.0,0.422360248447205,1.0,0.4366197183098591,False,,,False,False,False
2215,GAGTTA,1.0,0.3691275167785235,1.0,0.4025157232704403,False,,,False,False,False
2216,GAGTTC,1.0,0.4768211920529801,1.0,0.4,False,,,False,False,False
2217,GAGTTG,1.0,0.4326241134751773,1.0,0.423841059602649,False,,,False,False,False
2218,GAGTTT,1.0,0.392156862745098,1.0,0.4967320261437908,False,,,False,False,False
2219,GATAAA,1.0,0.3308270676691729,1.0,0.5959595959595959,False,,,False,False,False
2220,GATAAC,1.0,0.6727272727272727,1.0,0.4962962962962963,False,,,False,False,False
2221,GATAAG,1.0,0.3377483443708609,1.0,0.5961538461538461,False,,,False,False,False
2222,GATAAT,1.0,0.5524475524475524,1.0,0.4596774193548387,False,,,False,False,False
2223,GATACA,1.0,0.3706293706293706,1.0,0.4573643410852713,False,,,False,False,False
2224,GATACC,1.0,0.5478260869565217,1.0,0.4912280701754385,False,,,False,False,False
2225,GATACG,1.0,0.3947368421052631,1.0,0.488,True,,,False,False,False
2226,GATACT,1.0,0.6833333333333333,1.0,0.5327868852459017,False,,,False,False,False
2227,GATAGA,1.0,0.6742424242424242,1.0,0.5703125,False,,,False,False,False
2228,GATAGC,1.0,0.5035971223021583,1.0,0.5394736842105263,False,,,False,False,False
2229,GATAGG,1.0,0.4327485380116959,1.0,0.4594594594594595,False,,,False,False,False
2230,GATAGT,1.0,0.3481012658227848,1.0,0.5266666666666666,False,,,False,False,False
2231,GATATA,1.0,0.4736842105263157,1.0,0.4464285714285714,False,,,False,False,False
2232,GATATC,1.0,0.503448275862069,1.0,0.5801526717557252,False,,,False,False,False
2233,GATATG,1.0,0.4794520547945205,1.0,0.4558823529411764,False,,,False,False,False
2234,GATATT,1.0,0.3465909090909091,1.0,0.4609929078014184,False,,,False,False,False
2235,GATCAA,1.0,0.4172661870503597,1.0,0.4789915966386555,False,,,False,False,False
2236,GATCAC,1.0,0.5352112676056338,1.0,0.456,False,,,False,False,False
2237,GATCAG,1.0,0.4469273743016759,1.0,0.5454545454545454,False,,,False,False,False
2238,GATCAT,1.0,0.5064935064935064,1.0,0.376068376068376,False,,,False,False,False
2239,GATCCA,1.0,0.4679487179487179,1.0,0.7578125,False,,,False,False,False
2240,GATCCC,1.0,0.4065040650406504,1.0,0.5495495495495496,False,,,False,False,False
2241,GATCCG,1.0,0.5379746835443038,1.0,0.7832167832167832,True,,,False,False,False
2242,GATCCT,1.0,0.4263565891472868,1.0,0.5378787878787878,False,,,False,False,False
2243,GATCGA,1.0,0.3985507246376811,1.0,0.55,True,,,False,False,False
2244,GATCGC,1.0,0.4935064935064935,1.0,0.3987730061349693,True,,,False,False,False
2245,GATCGG,1.0,0.3430232558139535,1.0,0.4342857142857143,True,,,False,False,False
2246,GATCGT,1.0,0.3793103448275862,1.0,0.4647887323943662,True,,,False,False,False
2247,GATCTA,1.0,0.39568345323741,1.0,0.5172413793103449,False,,,False,False,False
2248,GATCTC,1.0,0.4184397163120567,1.0,0.5948275862068966,False,,,False,False,False
2249,GATCTG,1.0,0.267515923566879,1.0,0.3407407407407407,False,,,False,False,False
2250,GATCTT,1.0,0.3773584905660377,1.0,0.7570093457943925,False,,,False,False,False
2251,GATGAA,1.0,0.3851851851851852,1.0,0.3416666666666667,False,,,False,False,False
2252,GATGAC,1.0,0.5789473684210527,1.0,0.5035460992907801,False,,,False,False,False
2253,GATGAG,1.0,0.310126582278481,1.0,0.5116279069767442,False,,,False,False,False
2254,GATGAT,1.0,0.5407407407407407,1.0,0.7017543859649122,False,,,False,False,False
2255,GATGCA,1.0,0.5569620253164557,1.0,0.5068493150684932,False,,,False,False,False
2256,GATGCC,1.0,0.5342465753424658,1.0,0.4503311258278146,False,,,False,False,False
2257,GATGCG,1.0,0.5466666666666666,1.0,0.8220338983050848,True,,0.0436147178857614,True,False,False
2258,GATGCT,1.0,0.671875,1.0,0.5531914893617021,False,,,False,False,False
2259,GATGGA,1.0,0.3741496598639456,1.0,0.3597122302158273,False,,,False,False,False
2260,GATGGC,1.0,0.455,1.0,0.5234899328859061,False,,,False,False,False
2261,GATGGG,1.0,0.3548387096774194,1.0,0.4130434782608695,False,,,False,False,False
2262,GATGGT,1.0,0.3502824858757062,1.0,0.3333333333333333,False,,,False,False,False
2263,GATGTA,1.0,0.5230769230769231,1.0,0.4427480916030534,False,,,False,False,False
2264,GATGTC,1.0,0.6733333333333333,1.0,0.5032258064516129,False,,,False,False,False
2265,GATGTG,1.0,0.6064516129032258,1.0,0.4430379746835443,False,,,False,False,False
2266,GATGTT,1.0,0.6206896551724138,1.0,0.7542372881355932,False,,,False,False,False
2267,GATTAA,1.0,0.3885350318471338,1.0,0.5967741935483871,False,,,False,False,False
2268,GATTAC,1.0,0.4342105263157895,1.0,0.5304347826086957,False,,,False,False,False
2269,GATTAG,1.0,0.4827586206896552,1.0,0.4375,False,,,False,False,False
2270,GATTAT,1.0,0.3270440251572327,1.0,0.5037593984962406,False,,,False,False,False
2271,GATTCA,1.0,0.3392857142857143,1.0,0.4142857142857143,False,,,False,False,False
2272,GATTCC,1.0,0.3108108108108108,1.0,0.3653846153846153,False,,,False,False,False
2273,GATTCG,1.0,0.3396226415094339,1.0,0.4545454545454545,True,,,False,False,False
2274,GATTCT,1.0,0.4230769230769231,1.0,0.5859375,False,,,False,False,False
2275,GATTGA,1.0,0.5196850393700787,1.0,0.603448275862069,False,,,False,False,False
2276,GATTGC,1.0,0.367816091954023,1.0,0.6510067114093959,False,,,False,False,False
2277,GATTGG,1.0,0.4464285714285714,1.0,0.6308724832214765,False,,,False,False,False
2278,GATTGT,1.0,0.691358024691358,1.0,0.4683544303797468,False,,,False,False,False
2279,GATTTA,1.0,0.6642335766423357,1.0,0.43125,False,,,False,False,False
2280,GATTTC,1.0,0.4414414414414414,1.0,0.5555555555555556,False,,,False,False,False
2281,GATTTG,1.0,0.345679012345679,1.0,0.5899280575539568,False,,,False,False,False
2282,GATTTT,1.0,0.367816091954023,1.0,0.4802631578947368,False,,,False,False,False
2283,GCAAAA,1.0,0.3475177304964539,1.0,0.4607843137254901,False,,,False,False,False
2284,GCAAAC,1.0,0.4566929133858268,1.0,0.7402597402597403,False,,,False,False,False
2285,GCAAAG,1.0,0.4113924050632911,1.0,0.4929577464788732,False,,,False,False,False
2286,GCAAAT,1.0,0.4512195121951219,1.0,0.3975903614457831,False,,,False,False,False
2287,GCAACA,1.0,0.2849162011173184,1.0,0.5655737704918032,False,,,False,False,False
2288,GCAACC,1.0,0.4740740740740741,1.0,0.6212121212121212,False,,,False,False,False
2289,GCAACG,1.0,0.5126582278481012,1.0,0.4651162790697674,True,,,False,False,False
2290,GCAACT,1.0,0.4736842105263157,1.0,0.4133333333333333,False,,,False,False,False
2291,GCAAGA,1.0,0.6323529411764706,1.0,0.5609756097560976,False,,,False,False,False
2292,GCAAGC,1.0,0.5547945205479452,1.0,0.6131386861313869,False,,,False,False,False
2293,GCAAGG,1.0,0.2974358974358974,1.0,0.5266272189349113,False,,,False,False,False
2294,GCAAGT,1.0,0.5144508670520231,1.0,0.6747967479674797,False,,,False,False,False
2295,GCAATA,1.0,0.4420289855072464,1.0,0.5107913669064749,False,,,False,False,False
2296,GCAATC,1.0,0.2685714285714285,1.0,0.3941605839416058,False,,,False,False,False
2297,GCAATG,1.0,0.5061728395061729,1.0,0.6083916083916084,False,,,False,False,False
2298,GCAATT,1.0,0.4910179640718562,1.0,0.4733333333333333,False,,,False,False,False
2299,GCACAA,1.0,0.5616438356164384,1.0,0.5202702702702703,False,,,False,False,False
2300,GCACAC,1.0,0.453416149068323,1.0,0.4705882352941176,False,,,False,False,False
2301,GCACAG,1.0,0.5637583892617449,1.0,0.5548780487804879,False,,,False,False,False
2302,GCACAT,1.0,0.6058394160583942,1.0,0.7279411764705882,False,,,False,False,False
2303,GCACCA,1.0,0.4594594594594595,1.0,0.4769230769230769,False,,,False,False,False
2304,GCACCC,1.0,0.4482758620689655,1.0,0.631578947368421,False,,,False,False,False
2305,GCACCG,1.0,0.5657142857142857,1.0,0.6530612244897959,True,,,False,False,False
2306,GCACCT,1.0,0.4417177914110429,1.0,0.6640625,False,,,False,False,False
2307,GCACGA,1.0,0.4838709677419355,1.0,0.5488721804511278,True,,,False,False,False
2308,GCACGC,1.0,0.4620253164556962,1.0,0.4452054794520548,True,,,False,False,False
2309,GCACGG,1.0,0.4864864864864865,1.0,0.419753086419753,True,,,False,False,False
2310,GCACGT,1.0,0.5625,1.0,0.5923566878980892,True,,,False,False,False
2311,GCACTA,1.0,0.5267175572519084,1.0,0.6742424242424242,False,,,False,False,False
2312,GCACTC,1.0,0.382716049382716,1.0,0.4042553191489361,False,,,False,False,False
2313,GCACTG,1.0,0.4853801169590643,1.0,0.3121019108280254,False,,,False,False,False
2314,GCACTT,1.0,0.4787878787878787,1.0,0.6746031746031746,False,,,False,False,False
2315,GCAGAA,1.0,0.3900709219858156,1.0,0.6407766990291263,False,,,False,False,False
2316,GCAGAC,1.0,0.3291925465838509,1.0,0.4274809160305343,False,,,False,False,False
2317,GCAGAG,1.0,0.5172413793103449,1.0,0.4210526315789473,False,,,False,False,False
2318,GCAGAT,1.0,0.4338235294117647,1.0,0.4029850746268656,False,,,False,False,False
2319,GCAGCA,1.0,0.5273972602739726,1.0,0.5902777777777778,False,,,False,False,False
2320,GCAGCC,1.0,0.7014925373134329,1.0,0.5724137931034483,False,,,False,False,False
2321,GCAGCG,1.0,0.512987012987013,1.0,0.6441717791411042,True,,,False,False,False
2322,GCAGCT,1.0,0.48,1.0,0.4592592592592592,False,,,False,False,False
2323,GCAGGA,1.0,0.4397163120567376,1.0,0.5895522388059702,False,,,False,False,False
2324,GCAGGC,1.0,0.5388888888888889,1.0,0.6287425149700598,False,,,False,False,False
2325,GCAGGG,1.0,0.489010989010989,1.0,0.5786163522012578,False,,,False,False,False
2326,GCAGGT,1.0,0.4715909090909091,1.0,0.435754189944134,False,,,False,False,False
2327,GCAGTA,1.0,0.3333333333333333,1.0,0.4305555555555556,False,,,False,False,False
2328,GCAGTC,1.0,0.620253164556962,1.0,0.5428571428571428,False,,,False,False,False
2329,GCAGTG,1.0,0.4601226993865031,1.0,0.4113924050632911,False,,,False,False,False
2330,GCAGTT,1.0,0.3674698795180723,1.0,0.5202702702702703,False,,,False,False,False
2331,GCATAA,1.0,0.4338235294117647,1.0,0.4772727272727273,False,,,False,False,False
2332,GCATAC,1.0,0.3801169590643274,1.0,0.5671641791044776,False,,,False,False,False
2333,GCATAG,1.0,0.5238095238095238,1.0,0.53125,False,,,False,False,False
2334,GCATAT,1.0,0.3804347826086957,1.0,0.410958904109589,False,,,False,False,False
2335,GCATCA,1.0,0.4935064935064935,1.0,0.6581196581196581,False,,,False,False,False
2336,GCATCC,1.0,0.4463276836158192,1.0,0.6363636363636364,False,,,False,False,False
2337,GCATCG,1.0,0.5297619047619048,1.0,0.4705882352941176,True,,,False,False,False
2338,GCATCT,1.0,0.6666666666666666,1.0,0.5985915492957746,False,,,False,False,False
2339,GCATGA,1.0,0.4629629629629629,1.0,0.7559055118110236,False,,,False,False,False
2340,GCATGC,1.0,0.6208791208791209,1.0,0.5705521472392638,False,,,False,False,False
2341,GCATGG,1.0,0.5489130434782609,1.0,0.6181818181818182,False,,,False,False,False
2342,GCATGT,1.0,0.5027027027027027,1.0,0.5960264900662252,False,,,False,False,False
2343,GCATTA,1.0,0.3705882352941176,1.0,0.464,False,,,False,False,False
2344,GCATTC,1.0,0.4149659863945578,1.0,0.4927536231884058,False,,,False,False,False
2345,GCATTG,1.0,0.4293785310734463,1.0,0.4666666666666667,False,,,False,False,False
2346,GCATTT,1.0,0.3072916666666667,1.0,0.391304347826087,False,,,False,False,False
2347,GCCAAA,1.0,0.2945736434108527,1.0,0.48,False,,,False,False,False
2348,GCCAAC,1.0,0.5798319327731093,1.0,0.4260869565217391,False,,,False,False,False
2349,GCCAAG,1.0,0.6086956521739131,1.0,0.5597014925373134,False,,,False,False,False
2350,GCCAAT,1.0,0.4088050314465409,1.0,0.6111111111111112,False,,,False,False,False
2351,GCCACA,1.0,0.3943661971830985,1.0,0.664179104477612,False,,,False,False,False
2352,GCCACC,1.0,0.4866666666666667,1.0,0.6752136752136753,False,,,False,False,False
2353,GCCACG,1.0,0.4969325153374233,1.0,0.4822695035460992,True,,,False,False,False
2354,GCCACT,1.0,0.3788819875776397,1.0,0.3870967741935484,False,,,False,False,False
2355,GCCAGA,1.0,0.4583333333333333,1.0,0.4661654135338345,False,,,False,False,False
2356,GCCAGC,1.0,0.3485714285714286,1.0,0.3809523809523809,False,,,False,False,False
2357,GCCAGG,1.0,0.6338797814207651,1.0,0.5363128491620112,False,,,False,False,False
2358,GCCAGT,1.0,0.43646408839779,1.0,0.6308724832214765,False,,,False,False,False
2359,GCCATA,1.0,0.3773584905660377,1.0,0.4883720930232558,False,,,False,False,False
2360,GCCATC,1.0,0.3758389261744966,1.0,0.672,False,,,False,False,False
2361,GCCATG,1.0,0.4203821656050955,1.0,0.5984848484848485,False,,,False,False,False
2362,GCCATT,1.0,0.5328947368421053,1.0,0.5634920634920635,False,,,False,False,False
2363,GCCCAA,1.0,0.6074074074074074,1.0,0.6701030927835051,False,,,False,False,False
2364,GCCCAC,1.0,0.4913294797687861,1.0,0.6904761904761905,False,,,False,False,False
2365,GCCCAG,1.0,0.4903225806451612,1.0,0.5359477124183006,False,,,False,False,False
2366,GCCCAT,1.0,0.5314685314685315,1.0,0.591304347826087,False,,,False,False,False
2367,GCCCCA,1.0,0.5194805194805194,1.0,0.652542372881356,False,,,False,False,False
2368,GCCCCC,1.0,0.4740740740740741,1.0,0.89,False,,0.0197267066666681,True,False,False
2369,GCCCCG,1.0,0.5821917808219178,1.0,0.3987730061349693,True,,,False,False,False
2370,GCCCCT,1.0,0.6737588652482269,1.0,0.5169491525423728,False,,,False,False,False
2371,GCCCGA,1.0,0.4489795918367347,1.0,0.5508474576271186,True,,,False,False,False
2372,GCCCGC,1.0,0.445054945054945,1.0,0.5190839694656488,True,,,False,False,False
2373,GCCCGG,1.0,0.5968586387434555,1.0,0.4555555555555555,True,,,False,False,False
2374,GCCCGT,1.0,0.5421052631578948,1.0,0.689873417721519,True,,,False,False,False
2375,GCCCTA,1.0,0.4935897435897436,1.0,0.7142857142857143,False,,,False,False,False
2376,GCCCTC,1.0,0.5170068027210885,1.0,0.4634146341463415,False,,,False,False,False
2377,GCCCTG,1.0,0.5163398692810458,1.0,0.559748427672956,False,,,False,False,False
2378,GCCCTT,1.0,0.445859872611465,1.0,0.4782608695652174,False,,,False,False,False
2379,GCCGAA,1.0,0.3181818181818182,1.0,0.5,True,,,False,False,False
2380,GCCGAC,1.0,0.6060606060606061,1.0,0.6548672566371682,True,,,False,False,False
2381,GCCGAG,1.0,0.3945578231292517,1.0,0.5701754385964912,True,,,False,False,False
2382,GCCGAT,1.0,0.5407407407407407,1.0,0.6548672566371682,True,,,False,False,False
2383,GCCGCA,1.0,0.4722222222222222,1.0,0.4318181818181818,True,,,False,False,False
2384,GCCGCC,1.0,0.3493975903614458,1.0,0.6666666666666666,True,,,False,False,False
2385,GCCGCG,1.0,0.6023391812865497,1.0,0.5481481481481482,True,,,False,False,False
2386,GCCGCT,1.0,0.5310344827586206,1.0,0.5422535211267606,True,,,False,False,False
2387,GCCGGA,1.0,0.3467336683417085,1.0,0.425531914893617,True,,,False,False,False
2388,GCCGGC,1.0,0.3517587939698492,1.0,0.5849056603773585,True,,,False,False,False
2389,GCCGGG,1.0,0.5252525252525253,1.0,0.3855421686746988,True,,,False,False,False
2390,GCCGGT,1.0,0.4126984126984127,1.0,0.5521472392638037,True,,,False,False,False
2391,GCCGTA,1.0,0.5955882352941176,1.0,0.564625850340136,True,,,False,False,False
2392,GCCGTC,1.0,0.50920245398773,1.0,0.6766917293233082,True,,,False,False,False
2393,GCCGTG,1.0,0.3434343434343434,1.0,0.4900662251655629,True,,,False,False,False
2394,GCCGTT,1.0,0.4137931034482758,1.0,0.4695652173913043,True,,,False,False,False
2395,GCCTAA,1.0,0.4429530201342282,1.0,0.5528455284552846,False,,,False,False,False
2396,GCCTAC,1.0,0.4869565217391304,1.0,0.456,False,,,False,False,False
2397,GCCTAG,1.0,0.3571428571428571,1.0,0.525,False,,,False,False,False
2398,GCCTAT,1.0,0.4744525547445255,1.0,0.6518518518518519,False,,,False,False,False
2399,GCCTCA,1.0,0.4938271604938271,1.0,0.6403508771929824,False,,,False,False,False
2400,GCCTCC,1.0,0.541095890410959,1.0,0.6290322580645161,False,,,False,False,False
2401,GCCTCG,1.0,0.4911242603550296,1.0,0.6028368794326241,True,,,False,False,False
2402,GCCTCT,1.0,0.4698795180722891,1.0,0.4042553191489361,False,,,False,False,False
2403,GCCTGA,1.0,0.5220588235294118,1.0,0.424,False,,,False,False,False
2404,GCCTGC,1.0,0.5084745762711864,1.0,0.7007299270072993,False,,,False,False,False
2405,GCCTGG,1.0,0.4235294117647059,1.0,0.5,False,,,False,False,False
2406,GCCTGT,1.0,0.6845238095238095,1.0,0.726027397260274,False,,,False,False,False
2407,GCCTTA,1.0,0.4761904761904761,1.0,0.7049180327868853,False,,,False,False,False
2408,GCCTTC,1.0,0.5534591194968553,1.0,0.54421768707483,False,,,False,False,False
2409,GCCTTG,1.0,0.5485714285714286,1.0,0.4736842105263157,False,,,False,False,False
2410,GCCTTT,1.0,0.6081081081081081,1.0,0.6171875,False,,,False,False,False
2411,GCGAAC,1.0,0.5833333333333334,1.0,0.592,True,,,False,False,False
2412,GCGAAG,1.0,0.4184397163120567,1.0,0.5846153846153846,True,,,False,False,False
2413,GCGAAT,1.0,0.4822695035460992,1.0,0.492063492063492,True,,,False,False,False
2414,GCGACA,1.0,0.4113924050632911,1.0,0.5777777777777777,True,,,False,False,False
2415,GCGACC,1.0,0.5703703703703704,1.0,0.4745762711864407,True,,,False,False,False
2416,GCGACG,1.0,0.6046511627906976,1.0,0.3941605839416058,True,,,False,False,False
2417,GCGACT,1.0,0.4178082191780822,1.0,0.6612903225806451,True,,,False,False,False
2418,GCGAGA,1.0,0.430379746835443,1.0,0.4307692307692308,True,,,False,False,False
2419,GCGAGC,1.0,0.6308724832214765,1.0,0.4217687074829932,True,,,False,False,False
2420,GCGAGG,1.0,0.5900621118012422,1.0,0.5844155844155844,True,,,False,False,False
2421,GCGAGT,1.0,0.4022988505747126,1.0,0.5080645161290323,True,,,False,False,False
2422,GCGATA,1.0,0.3933333333333333,1.0,0.5259259259259259,True,,,False,False,False
2423,GCGATC,1.0,0.3976608187134502,1.0,0.6545454545454545,True,,,False,False,False
2424,GCGATG,1.0,0.3851351351351351,1.0,0.4036144578313253,True,,,False,False,False
2425,GCGATT,1.0,0.4367816091954023,1.0,0.6376811594202898,True,,,False,False,False
2426,GCGCAA,1.0,0.5379746835443038,1.0,0.4736842105263157,True,,,False,False,False
2427,GCGCAC,1.0,0.7701863354037267,1.0,0.7409638554216867,True,0.0058267511023425,,True,True,True
2428,GCGCAG,1.0,0.5,1.0,0.673469387755102,True,,,False,False,False
2429,GCGCAT,1.0,0.5966850828729282,1.0,0.6140350877192983,True,,,False,False,False
2430,GCGCCA,1.0,0.5359477124183006,1.0,0.5833333333333334,True,,,False,False,False
2431,GCGCCC,1.0,0.5645161290322581,1.0,0.6923076923076923,True,,,False,False,False
2432,GCGCCG,1.0,0.5706214689265536,1.0,0.5285714285714286,True,,,False,False,False
2433,GCGCCT,1.0,0.3459459459459459,1.0,0.5324675324675324,True,,,False,False,False
2434,GCGCGA,1.0,0.5214723926380368,1.0,0.8823529411764706,True,,0.0097103614544106,True,False,False
2435,GCGCGC,1.0,0.6067415730337079,1.0,0.5503355704697986,True,,,False,False,False
2436,GCGCGG,1.0,0.5536723163841808,1.0,0.6845238095238095,True,,,False,False,False
2437,GCGCGT,1.0,0.5555555555555556,1.0,0.6694214876033058,True,,,False,False,False
2438,GCGCTA,1.0,1.049645390070922,1.0,0.8632478632478633,True,5.997334487362691e-09,0.0178340255903727,True,True,True
2439,GCGCTC,1.0,0.5524861878453039,1.0,0.4755244755244755,True,,,False,False,False
2440,GCGCTG,1.0,0.5,1.0,0.4736842105263157,True,,,False,False,False
2441,GCGCTT,1.0,0.697986577181208,1.0,0.4671052631578947,True,,,False,False,False
2442,GCGGAA,1.0,0.4529411764705882,1.0,0.4758064516129032,True,,,False,False,False
2443,GCGGAC,1.0,0.5,1.0,0.5100671140939598,True,,,False,False,False
2444,GCGGAG,1.0,0.375,1.0,0.4693877551020408,True,,,False,False,False
2445,GCGGAT,1.0,0.2121212121212121,1.0,0.4074074074074074,True,,,False,False,False
2446,GCGGCA,1.0,0.4696969696969697,1.0,0.6242774566473989,True,,,False,False,False
2447,GCGGCC,1.0,0.4632768361581921,1.0,0.4797687861271676,True,,,False,False,False
2448,GCGGCG,1.0,0.4764397905759162,1.0,0.6419753086419753,True,,,False,False,False
2449,GCGGCT,1.0,0.5562130177514792,1.0,0.5,True,,,False,False,False
2450,GCGGGA,1.0,0.5672514619883041,1.0,0.5987654320987654,True,,,False,False,False
2451,GCGGGC,1.0,0.5885416666666666,1.0,0.5714285714285714,True,,,False,False,False
2452,GCGGGG,1.0,0.6190476190476191,1.0,0.4909090909090909,True,,,False,False,False
2453,GCGGGT,1.0,0.5693069306930693,1.0,0.5666666666666667,True,,,False,False,False
2454,GCGGTA,1.0,0.5294117647058824,1.0,0.816793893129771,True,,0.0329188611479795,True,False,False
2455,GCGGTC,1.0,0.6055555555555555,1.0,0.5487804878048781,True,,,False,False,False
2456,GCGGTG,1.0,0.46524064171123,1.0,0.4294117647058823,True,,,False,False,False
2457,GCGGTT,1.0,0.4123711340206185,1.0,0.6687898089171974,True,,,False,False,False
2458,GCGTAA,1.0,0.4117647058823529,1.0,0.4424242424242424,True,,,False,False,False
2459,GCGTAC,1.0,0.5310734463276836,1.0,0.3488372093023256,True,,,False,False,False
2460,GCGTAG,1.0,0.4325842696629213,1.0,0.5072463768115942,True,,,False,False,False
2461,GCGTAT,1.0,0.5226130653266332,1.0,0.5684931506849316,True,,,False,False,False
2462,GCGTCA,1.0,0.5284090909090909,1.0,0.7285714285714285,True,,,False,False,False
2463,GCGTCC,1.0,0.5852272727272727,1.0,0.4076086956521739,True,,,False,False,False
2464,GCGTCG,1.0,0.4310344827586206,1.0,0.4591194968553459,True,,,False,False,False
2465,GCGTCT,1.0,0.6095890410958904,1.0,0.6089743589743589,True,,,False,False,False
2466,GCGTGA,1.0,0.4320987654320987,1.0,0.457516339869281,True,,,False,False,False
2467,GCGTGC,1.0,0.5728155339805825,1.0,0.6583850931677019,True,,,False,False,False
2468,GCGTGG,1.0,0.4712041884816754,1.0,0.6022727272727273,True,,,False,False,False
2469,GCGTGT,1.0,0.4519230769230769,1.0,0.6236559139784946,True,,,False,False,False
2470,GCGTTA,1.0,0.5142857142857142,1.0,0.4693877551020408,True,,,False,False,False
2471,GCGTTC,1.0,0.3726415094339622,1.0,0.408284023668639,True,,,False,False,False
2472,GCGTTG,1.0,0.398876404494382,1.0,0.6015625,True,,,False,False,False
2473,GCTAAA,1.0,0.5508474576271186,1.0,0.7878787878787878,False,,,False,False,False
2474,GCTAAC,1.0,0.6,1.0,0.8256880733944955,False,,,False,False,False
2475,GCTAAG,1.0,0.4551282051282051,1.0,0.5107913669064749,False,,,False,False,False
2476,GCTAAT,1.0,0.4647887323943662,1.0,0.4705882352941176,False,,,False,False,False
2477,GCTACA,1.0,0.7651006711409396,1.0,0.7142857142857143,False,0.0104437322705072,,True,True,True
2478,GCTACC,1.0,0.5851851851851851,1.0,0.5378151260504201,False,,,False,False,False
2479,GCTACG,1.0,0.6708074534161491,1.0,0.5923566878980892,True,,,False,False,False
2480,GCTACT,1.0,0.6171875,1.0,0.6461538461538462,False,,,False,False,False
2481,GCTAGA,1.0,1.3021582733812949,1.0,1.3507462686567164,False,1.8779204597544879e-16,4.6114666630976426e-14,True,True,True
2482,GCTAGC,1.0,1.0140845070422535,1.0,0.992,False,5.080991944728045e-08,0.0001013829770073,True,True,True
2483,GCTAGG,1.0,0.6407185628742516,1.0,0.6143790849673203,False,,,False,False,False
2484,GCTAGT,1.0,0.445054945054945,1.0,0.6388888888888888,False,,,False,False,False
2485,GCTATA,1.0,0.5584415584415584,1.0,0.553030303030303,False,,,False,False,False
2486,GCTATC,1.0,0.5405405405405406,1.0,0.5181818181818182,False,,,False,False,False
2487,GCTATG,1.0,0.7169811320754716,1.0,0.5486111111111112,False,0.034259227575766,,True,False,False
2488,GCTATT,1.0,0.4333333333333333,1.0,0.5902777777777778,False,,,False,False,False
2489,GCTCAA,1.0,0.4583333333333333,1.0,0.4253731343283582,False,,,False,False,False
2490,GCTCAC,1.0,0.4516129032258064,1.0,0.608,False,,,False,False,False
2491,GCTCAG,1.0,0.3155339805825243,1.0,0.5259259259259259,False,,,False,False,False
2492,GCTCAT,1.0,0.4444444444444444,1.0,0.5441176470588235,False,,,False,False,False
2493,GCTCCA,1.0,0.6885245901639344,1.0,0.4488188976377952,False,,,False,False,False
2494,GCTCCC,1.0,0.460431654676259,1.0,0.6115702479338843,False,,,False,False,False
2495,GCTCCG,1.0,0.5542168674698795,1.0,0.6580645161290323,True,,,False,False,False
2496,GCTCCT,1.0,0.4388489208633093,1.0,0.6721311475409836,False,,,False,False,False
2497,GCTCGA,1.0,0.3352941176470588,1.0,0.3333333333333333,True,,,False,False,False
2498,GCTCGC,1.0,0.5416666666666666,1.0,0.5217391304347826,True,,,False,False,False
2499,GCTCGG,1.0,0.5698924731182796,1.0,0.7017543859649122,True,,,False,False,False
2500,GCTCGT,1.0,0.5414012738853503,1.0,0.424,True,,,False,False,False
2501,GCTCTA,1.0,0.3496932515337423,1.0,0.6428571428571429,False,,,False,False,False
2502,GCTCTC,1.0,0.4276315789473684,1.0,0.5378151260504201,False,,,False,False,False
2503,GCTCTG,1.0,0.593939393939394,1.0,0.6268656716417911,False,,,False,False,False
2504,GCTCTT,1.0,0.5064102564102564,1.0,0.6444444444444445,False,,,False,False,False
2505,GCTGAA,1.0,0.3458646616541353,1.0,0.4396551724137931,False,,,False,False,False
2506,GCTGAC,1.0,0.4842767295597484,1.0,0.5652173913043478,False,,,False,False,False
2507,GCTGAG,1.0,0.6434108527131783,1.0,0.712,False,,,False,False,False
2508,GCTGAT,1.0,0.5477707006369427,1.0,0.6,False,,,False,False,False
2509,GCTGCA,1.0,0.5522388059701493,1.0,0.5068493150684932,False,,,False,False,False
2510,GCTGCC,1.0,0.4,1.0,0.7094017094017094,False,,,False,False,False
2511,GCTGCG,1.0,0.5352941176470588,1.0,0.5424836601307189,True,,,False,False,False
2512,GCTGCT,1.0,0.6638655462184874,1.0,0.7480916030534351,False,,,False,False,False
2513,GCTGGA,1.0,0.9548872180451128,1.0,0.7692307692307693,False,4.726492494646878e-06,,True,True,True
2514,GCTGGC,1.0,0.406060606060606,1.0,0.4936708860759494,False,,,False,False,False
2515,GCTGGG,1.0,0.4387755102040816,1.0,0.4914285714285714,False,,,False,False,False
2516,GCTGGT,1.0,0.4416243654822335,1.0,0.5960264900662252,False,,,False,False,False
2517,GCTGTA,1.0,0.425,1.0,0.5070422535211268,False,,,False,False,False
2518,GCTGTC,1.0,0.453416149068323,1.0,0.6068965517241379,False,,,False,False,False
2519,GCTGTG,1.0,0.336734693877551,1.0,0.474025974025974,False,,,False,False,False
2520,GCTGTT,1.0,0.4411764705882353,1.0,0.5874125874125874,False,,,False,False,False
2521,GCTTAA,1.0,0.5103448275862069,1.0,0.4817518248175182,False,,,False,False,False
2522,GCTTAC,1.0,0.5833333333333334,1.0,0.6052631578947368,False,,,False,False,False
2523,GCTTAG,1.0,0.384180790960452,1.0,0.44,False,,,False,False,False
2524,GCTTAT,1.0,0.525,1.0,0.3795620437956204,False,,,False,False,False
2525,GCTTCA,1.0,0.3954802259887006,1.0,0.4277108433734939,False,,,False,False,False
2526,GCTTCC,1.0,0.4102564102564102,1.0,0.382716049382716,False,,,False,False,False
2527,GCTTCG,1.0,0.5348837209302325,1.0,0.53125,True,,,False,False,False
2528,GCTTCT,1.0,0.5584415584415584,1.0,0.6013513513513513,False,,,False,False,False
2529,GCTTGA,1.0,0.4409937888198758,1.0,0.5483870967741935,False,,,False,False,False
2530,GCTTGC,1.0,0.3988439306358382,1.0,0.430379746835443,False,,,False,False,False
2531,GCTTGG,1.0,0.4842767295597484,1.0,0.525974025974026,False,,,False,False,False
2532,GCTTGT,1.0,0.7167630057803468,1.0,0.8444444444444444,False,0.0240611148622769,0.0139738859468548,True,True,True
2533,GCTTTA,1.0,0.4827586206896552,1.0,0.4779874213836478,False,,,False,False,False
2534,GCTTTC,1.0,0.391304347826087,1.0,0.4297520661157025,False,,,False,False,False
2535,GCTTTG,1.0,0.4070351758793969,1.0,0.4294478527607362,False,,,False,False,False
2536,GCTTTT,1.0,0.5859872611464968,1.0,0.5584415584415584,False,,,False,False,False
2537,GGAAAA,1.0,0.5099337748344371,1.0,0.375,False,,,False,False,False
2538,GGAAAC,1.0,0.4653465346534653,1.0,0.5490196078431373,False,,,False,False,False
2539,GGAAAG,1.0,0.4,1.0,0.4469696969696969,False,,,False,False,False
2540,GGAAAT,1.0,0.5594405594405595,1.0,0.3235294117647059,False,,,False,False,False
2541,GGAACA,1.0,0.5167785234899329,1.0,0.4779411764705882,False,,,False,False,False
2542,GGAACC,1.0,0.4932432432432432,1.0,0.5984251968503937,False,,,False,False,False
2543,GGAACG,1.0,0.3758389261744966,1.0,0.5033557046979866,True,,,False,False,False
2544,GGAACT,1.0,0.4436090225563909,1.0,0.4328358208955223,False,,,False,False,False
2545,GGAAGA,1.0,0.5581395348837209,1.0,0.7459016393442623,False,,,False,False,False
2546,GGAAGC,1.0,0.6153846153846154,1.0,0.5367647058823529,False,,,False,False,False
2547,GGAAGG,1.0,0.4086021505376344,1.0,0.4081632653061224,False,,,False,False,False
2548,GGAAGT,1.0,0.480225988700565,1.0,0.6602564102564102,False,,,False,False,False
2549,GGAATA,1.0,0.4654088050314465,1.0,0.464968152866242,False,,,False,False,False
2550,GGAATC,1.0,0.48,1.0,0.3908045977011494,False,,,False,False,False
2551,GGAATG,1.0,0.551948051948052,1.0,0.4895104895104895,False,,,False,False,False
2552,GGAATT,1.0,0.5584415584415584,1.0,0.5517241379310345,False,,,False,False,False
2553,GGACAA,1.0,0.4013605442176871,1.0,0.4887218045112781,False,,,False,False,False
2554,GGACAC,1.0,0.3099415204678362,1.0,0.42,False,,,False,False,False
2555,GGACAG,1.0,0.5769230769230769,1.0,0.5157232704402516,False,,,False,False,False
2556,GGACAT,1.0,0.4276729559748428,1.0,0.4935897435897436,False,,,False,False,False
2557,GGACCA,1.0,0.4233576642335766,1.0,0.6198347107438017,False,,,False,False,False
2558,GGACCC,1.0,0.5714285714285714,1.0,0.4453125,False,,,False,False,False
2559,GGACCG,1.0,0.4277777777777777,1.0,0.5441176470588235,True,,,False,False,False
2560,GGACCT,1.0,0.4383561643835616,1.0,0.5486111111111112,False,,,False,False,False
2561,GGACGA,1.0,0.3459119496855345,1.0,0.3503649635036496,True,,,False,False,False
2562,GGACGC,1.0,0.4347826086956521,1.0,0.6830985915492958,True,,,False,False,False
2563,GGACGG,1.0,0.4450261780104712,1.0,0.52,True,,,False,False,False
2564,GGACGT,1.0,0.3636363636363636,1.0,0.4081632653061224,True,,,False,False,False
2565,GGACTA,1.0,0.475,1.0,0.6212121212121212,False,,,False,False,False
2566,GGACTC,1.0,0.5882352941176471,1.0,0.4276315789473684,False,,,False,False,False
2567,GGACTG,1.0,0.5960264900662252,1.0,0.5569620253164557,False,,,False,False,False
2568,GGACTT,1.0,0.4566473988439306,1.0,0.5177304964539007,False,,,False,False,False
2569,GGAGAA,1.0,0.5223880597014925,1.0,0.5304347826086957,False,,,False,False,False
2570,GGAGAC,1.0,0.3624161073825503,1.0,0.5267857142857143,False,,,False,False,False
2571,GGAGAG,1.0,0.2981366459627329,1.0,0.448,False,,,False,False,False
2572,GGAGAT,1.0,0.3333333333333333,1.0,0.5259259259259259,False,,,False,False,False
2573,GGAGCA,1.0,0.4472049689440994,1.0,0.5354330708661418,False,,,False,False,False
2574,GGAGCC,1.0,0.4729729729729729,1.0,0.5954198473282443,False,,,False,False,False
2575,GGAGCG,1.0,0.2947976878612717,1.0,0.4024390243902439,True,,,False,False,False
2576,GGAGCT,1.0,0.582089552238806,1.0,0.5797101449275363,False,,,False,False,False
2577,GGAGGA,1.0,0.4149659863945578,1.0,0.5547445255474452,False,,,False,False,False
2578,GGAGGC,1.0,0.5738636363636364,1.0,0.535483870967742,False,,,False,False,False
2579,GGAGGG,1.0,0.6917808219178082,1.0,0.5526315789473685,False,,,False,False,False
2580,GGAGGT,1.0,0.4044943820224719,1.0,0.5120481927710844,False,,,False,False,False
2581,GGAGTA,1.0,0.3225806451612903,1.0,0.5833333333333334,False,,,False,False,False
2582,GGAGTC,1.0,0.3351955307262569,1.0,0.4267515923566879,False,,,False,False,False
2583,GGAGTG,1.0,0.4172661870503597,1.0,0.392156862745098,False,,,False,False,False
2584,GGAGTT,1.0,0.5151515151515151,1.0,0.3959731543624161,False,,,False,False,False
2585,GGATAA,1.0,0.4923076923076923,1.0,0.6466165413533834,False,,,False,False,False
2586,GGATAC,1.0,0.4311377245508982,1.0,0.4206896551724138,False,,,False,False,False
2587,GGATAG,1.0,0.4406779661016949,1.0,0.5028571428571429,False,,,False,False,False
2588,GGATAT,1.0,0.4767441860465116,1.0,0.6793893129770993,False,,,False,False,False
2589,GGATCA,1.0,0.4685714285714286,1.0,0.6,False,,,False,False,False
2590,GGATCC,1.0,0.3850931677018633,1.0,0.5276073619631901,False,,,False,False,False
2591,GGATCG,1.0,0.4345238095238095,1.0,0.4913294797687861,True,,,False,False,False
2592,GGATCT,1.0,0.3389830508474576,1.0,0.4155844155844156,False,,,False,False,False
2593,GGATGA,1.0,0.5064935064935064,1.0,0.4246575342465753,False,,,False,False,False
2594,GGATGC,1.0,0.475,1.0,0.6462585034013606,False,,,False,False,False
2595,GGATGG,1.0,0.4010989010989011,1.0,0.3214285714285714,False,,,False,False,False
2596,GGATGT,1.0,0.5269461077844312,1.0,0.3870967741935484,False,,,False,False,False
2597,GGATTA,1.0,0.3944444444444444,1.0,0.539568345323741,False,,,False,False,False
2598,GGATTC,1.0,0.2569832402234637,1.0,0.2830188679245283,False,,,False,False,False
2599,GGATTG,1.0,0.5529411764705883,1.0,0.50920245398773,False,,,False,False,False
2600,GGATTT,1.0,0.4743589743589743,1.0,0.4829931972789115,False,,,False,False,False
2601,GGCAAA,1.0,0.3612903225806451,1.0,0.4586466165413533,False,,,False,False,False
2602,GGCAAC,1.0,0.4751381215469613,1.0,0.5975609756097561,False,,,False,False,False
2603,GGCAAG,1.0,0.4086538461538461,1.0,0.5095541401273885,False,,,False,False,False
2604,GGCAAT,1.0,0.3216374269005848,1.0,0.5279503105590062,False,,,False,False,False
2605,GGCACA,1.0,0.4316939890710382,1.0,0.4909090909090909,False,,,False,False,False
2606,GGCACC,1.0,0.4646464646464646,1.0,0.7285714285714285,False,,,False,False,False
2607,GGCACG,1.0,0.345,1.0,0.5141242937853108,True,,,False,False,False
2608,GGCACT,1.0,0.3597883597883597,1.0,0.4900662251655629,False,,,False,False,False
2609,GGCAGA,1.0,0.4743589743589743,1.0,0.4589041095890411,False,,,False,False,False
2610,GGCAGC,1.0,0.6050955414012739,1.0,0.5666666666666667,False,,,False,False,False
2611,GGCAGG,1.0,0.5268817204301075,1.0,0.472636815920398,False,,,False,False,False
2612,GGCAGT,1.0,0.3085714285714285,1.0,0.4011627906976744,False,,,False,False,False
2613,GGCATA,1.0,0.436046511627907,1.0,0.4121212121212121,False,,,False,False,False
2614,GGCATC,1.0,0.5074626865671642,1.0,0.4733727810650887,False,,,False,False,False
2615,GGCATG,1.0,0.509009009009009,1.0,0.6848484848484848,False,,,False,False,False
2616,GGCATT,1.0,0.408284023668639,1.0,0.6573426573426573,False,,,False,False,False
2617,GGCCAA,1.0,0.4666666666666667,1.0,0.6891891891891891,False,,,False,False,False
2618,GGCCAC,1.0,0.3448275862068966,1.0,0.543046357615894,False,,,False,False,False
2619,GGCCAG,1.0,0.5157894736842106,1.0,0.48,False,,,False,False,False
2620,GGCCAT,1.0,0.3934426229508196,1.0,0.524822695035461,False,,,False,False,False
2621,GGCCCA,1.0,0.4733727810650887,1.0,0.4705882352941176,False,,,False,False,False
2622,GGCCCC,1.0,0.5568862275449101,1.0,0.43125,False,,,False,False,False
2623,GGCCCG,1.0,0.5205479452054794,1.0,0.4918032786885246,True,,,False,False,False
2624,GGCCCT,1.0,0.4235294117647059,1.0,0.4161849710982659,False,,,False,False,False
2625,GGCCGA,1.0,0.5944055944055944,1.0,0.5833333333333334,True,,,False,False,False
2626,GGCCGC,1.0,0.425414364640884,1.0,0.5540540540540541,True,,,False,False,False
2627,GGCCGG,1.0,0.4278350515463917,1.0,0.3567251461988304,True,,,False,False,False
2628,GGCCGT,1.0,0.5838509316770186,1.0,0.6083916083916084,True,,,False,False,False
2629,GGCCTA,1.0,0.3563218390804598,1.0,0.4430379746835443,False,,,False,False,False
2630,GGCCTC,1.0,0.574585635359116,1.0,0.4935064935064935,False,,,False,False,False
2631,GGCCTG,1.0,0.5027624309392266,1.0,0.5056179775280899,False,,,False,False,False
2632,GGCCTT,1.0,0.4673913043478261,1.0,0.4573170731707317,False,,,False,False,False
2633,GGCGAA,1.0,0.6595744680851063,1.0,0.5047619047619047,True,,,False,False,False
2634,GGCGAC,1.0,0.4774193548387097,1.0,0.3866666666666666,True,,,False,False,False
2635,GGCGAG,1.0,0.4355828220858895,1.0,0.4459459459459459,True,,,False,False,False
2636,GGCGAT,1.0,0.4204545454545454,1.0,0.3486842105263157,True,,,False,False,False
2637,GGCGCA,1.0,0.5175879396984925,1.0,0.7440476190476191,True,,,False,False,False
2638,GGCGCC,1.0,0.5465116279069767,1.0,0.5838926174496645,True,,,False,False,False
2639,GGCGCG,1.0,0.3601895734597156,1.0,0.8027210884353742,True,,0.0299175578224629,True,False,False
2640,GGCGCT,1.0,0.6234567901234568,1.0,0.4417177914110429,True,,,False,False,False
2641,GGCGGA,1.0,0.4345238095238095,1.0,0.4131736526946107,True,,,False,False,False
2642,GGCGGC,1.0,0.559322033898305,1.0,0.6473988439306358,True,,,False,False,False
2643,GGCGGG,1.0,0.5245098039215687,1.0,0.5568862275449101,True,,,False,False,False
2644,GGCGGT,1.0,0.4723618090452261,1.0,0.5503355704697986,True,,,False,False,False
2645,GGCGTA,1.0,0.453551912568306,1.0,0.5789473684210527,True,,,False,False,False
2646,GGCGTC,1.0,0.4302325581395348,1.0,0.5,True,,,False,False,False
2647,GGCGTG,1.0,0.4801980198019802,1.0,0.6683417085427136,True,,,False,False,False
2648,GGCGTT,1.0,0.3391812865497076,1.0,0.3955223880597014,True,,,False,False,False
2649,GGCTAA,1.0,0.5146198830409356,1.0,0.7862068965517242,False,,0.0456190840891704,True,False,False
2650,GGCTAC,1.0,0.7289156626506024,1.0,0.6623376623376623,False,0.0197267066666681,,True,True,True
2651,GGCTAG,1.0,1.4620689655172414,1.0,1.382165605095541,False,1.8018005127739288e-22,1.3394521452636277e-17,True,True,True
2652,GGCTAT,1.0,0.5449438202247191,1.0,0.4556213017751479,False,,,False,False,False
2653,GGCTCA,1.0,0.3915343915343915,1.0,0.5135135135135135,False,,,False,False,False
2654,GGCTCC,1.0,0.4838709677419355,1.0,0.5547945205479452,False,,,False,False,False
2655,GGCTCG,1.0,0.5025125628140703,1.0,0.4970760233918128,True,,,False,False,False
2656,GGCTCT,1.0,0.5625,1.0,0.6554054054054054,False,,,False,False,False
2657,GGCTGA,1.0,0.5483870967741935,1.0,0.5080645161290323,False,,,False,False,False
2658,GGCTGC,1.0,0.4968152866242038,1.0,0.5542168674698795,False,,,False,False,False
2659,GGCTGG,1.0,0.6939890710382514,1.0,0.5739644970414202,False,0.0387155474230879,,True,False,False
2660,GGCTGT,1.0,0.5521472392638037,1.0,0.6352201257861635,False,,,False,False,False
2661,GGCTTA,1.0,0.4647058823529412,1.0,0.4516129032258064,False,,,False,False,False
2662,GGCTTC,1.0,0.4439024390243902,1.0,0.6538461538461539,False,,,False,False,False
2663,GGCTTG,1.0,0.5729166666666666,1.0,0.6993006993006993,False,,,False,False,False
2664,GGCTTT,1.0,0.5085714285714286,1.0,0.5864197530864198,False,,,False,False,False
2665,GGGAAA,1.0,0.3741935483870968,1.0,0.4013605442176871,False,,,False,False,False
2666,GGGAAC,1.0,0.3926380368098159,1.0,0.58125,False,,,False,False,False
2667,GGGAAG,1.0,0.2906976744186046,1.0,0.4539007092198581,False,,,False,False,False
2668,GGGAAT,1.0,0.5146198830409356,1.0,0.5290322580645161,False,,,False,False,False
2669,GGGACA,1.0,0.3626943005181347,1.0,0.4746835443037974,False,,,False,False,False
2670,GGGACC,1.0,0.5365853658536586,1.0,0.3246753246753247,False,,,False,False,False
2671,GGGACG,1.0,0.4566473988439306,1.0,0.4207317073170731,True,,,False,False,False
2672,GGGACT,1.0,0.44,1.0,0.4133333333333333,False,,,False,False,False
2673,GGGAGA,1.0,0.3129251700680272,1.0,0.5625,False,,,False,False,False
2674,GGGAGC,1.0,0.5096774193548387,1.0,0.4852071005917159,False,,,False,False,False
2675,GGGAGG,1.0,0.5,1.0,0.3597560975609756,False,,,False,False,False
2676,GGGAGT,1.0,0.3880597014925373,1.0,0.4341085271317829,False,,,False,False,False
2677,GGGATA,1.0,0.4666666666666667,1.0,0.4539877300613497,False,,,False,False,False
2678,GGGATC,1.0,0.4569892473118279,1.0,0.4382716049382716,False,,,False,False,False
2679,GGGATG,1.0,0.5389221556886228,1.0,0.4078212290502793,False,,,False,False,False
2680,GGGATT,1.0,0.3953488372093023,1.0,0.4451612903225806,False,,,False,False,False
2681,GGGCAA,1.0,0.4279279279279279,1.0,0.4157303370786517,False,,,False,False,False
2682,GGGCAC,1.0,0.4084507042253521,1.0,0.5847953216374269,False,,,False,False,False
2683,GGGCAG,1.0,0.4396135265700483,1.0,0.4558823529411764,False,,,False,False,False
2684,GGGCAT,1.0,0.5663265306122449,1.0,0.5529411764705883,False,,,False,False,False
2685,GGGCCA,1.0,0.4611398963730569,1.0,0.6153846153846154,False,,,False,False,False
2686,GGGCCC,1.0,0.6363636363636364,1.0,0.4929577464788732,False,,,False,False,False
2687,GGGCCG,1.0,0.4705882352941176,1.0,0.467065868263473,True,,,False,False,False
2688,GGGCCT,1.0,0.4688995215311005,1.0,0.5266272189349113,False,,,False,False,False
2689,GGGCGA,1.0,0.4266666666666667,1.0,0.3529411764705882,True,,,False,False,False
2690,GGGCGC,1.0,0.6628571428571428,1.0,0.543010752688172,True,,,False,False,False
2691,GGGCGG,1.0,0.4427083333333333,1.0,0.4913294797687861,True,,,False,False,False
2692,GGGCGT,1.0,0.4088669950738916,1.0,0.5060975609756098,True,,,False,False,False
2693,GGGCTA,1.0,1.0327868852459017,1.0,1.1533742331288344,False,4.286398038268504e-11,8.398261201844168e-11,True,True,True
2694,GGGCTC,1.0,0.5163043478260869,1.0,0.4753086419753086,False,,,False,False,False
2695,GGGCTG,1.0,0.5934065934065934,1.0,0.5470588235294118,False,,,False,False,False
2696,GGGCTT,1.0,0.5053763440860215,1.0,0.6627218934911243,False,,,False,False,False
2697,GGGGAA,1.0,0.3160919540229885,1.0,0.4964539007092198,False,,,False,False,False
2698,GGGGAC,1.0,0.3333333333333333,1.0,0.4503311258278146,False,,,False,False,False
2699,GGGGAG,1.0,0.4674556213017751,1.0,0.484472049689441,False,,,False,False,False
2700,GGGGAT,1.0,0.5080213903743316,1.0,0.4580645161290322,False,,,False,False,False
2701,GGGGCA,1.0,0.5631067961165048,1.0,0.4739583333333333,False,,,False,False,False
2702,GGGGCC,1.0,0.6089385474860335,1.0,0.5277777777777778,False,,,False,False,False
2703,GGGGCG,1.0,0.4753086419753086,1.0,0.5605095541401274,True,,,False,False,False
2704,GGGGCT,1.0,0.6855670103092784,1.0,0.9202453987730062,False,0.0410689631276999,0.0001301464184366,True,False,False
2705,GGGGGA,1.0,0.4906832298136646,1.0,0.5436241610738255,False,,,False,False,False
2706,GGGGGC,1.0,0.6593406593406593,1.0,0.8157894736842105,False,,0.0180946362583,True,False,False
2707,GGGGGG,1.0,0.4580645161290322,1.0,0.6434782608695652,False,,,False,False,False
2708,GGGGGT,1.0,0.484375,1.0,0.4388888888888889,False,,,False,False,False
2709,GGGGTA,1.0,0.4875621890547263,1.0,0.5586592178770949,False,,,False,False,False
2710,GGGGTC,1.0,0.3282051282051282,1.0,0.4973544973544973,False,,,False,False,False
2711,GGGGTG,1.0,0.5549738219895288,1.0,0.5444444444444444,False,,,False,False,False
2712,GGGGTT,1.0,0.5555555555555556,1.0,0.5,False,,,False,False,False
2713,GGGTAA,1.0,0.4772727272727273,1.0,0.455026455026455,False,,,False,False,False
2714,GGGTAC,1.0,0.2755555555555555,1.0,0.5602409638554217,False,,,False,False,False
2715,GGGTAG,1.0,0.582089552238806,1.0,0.4482758620689655,False,,,False,False,False
2716,GGGTAT,1.0,0.6277777777777778,1.0,0.3526011560693641,False,,,False,False,False
2717,GGGTCA,1.0,0.5026455026455027,1.0,0.4809523809523809,False,,,False,False,False
2718,GGGTCC,1.0,0.6228571428571429,1.0,0.5876288659793815,False,,,False,False,False
2719,GGGTCG,1.0,0.387434554973822,1.0,0.4797687861271676,True,,,False,False,False
2720,GGGTCT,1.0,0.4438775510204081,1.0,0.725,False,,,False,False,False
2721,GGGTGA,1.0,0.4385026737967914,1.0,0.6524390243902439,False,,,False,False,False
2722,GGGTGC,1.0,0.3476394849785407,1.0,0.5642458100558659,False,,,False,False,False
2723,GGGTGG,1.0,0.5935828877005348,1.0,0.6470588235294118,False,,,False,False,False
2724,GGGTGT,1.0,0.5306122448979592,1.0,0.4793814432989691,False,,,False,False,False
2725,GGGTTA,1.0,0.5714285714285714,1.0,0.5274725274725275,False,,,False,False,False
2726,GGGTTC,1.0,0.2914798206278027,1.0,0.5572916666666666,False,,,False,False,False
2727,GGGTTG,1.0,0.4656862745098039,1.0,0.5895953757225434,False,,,False,False,False
2728,GGGTTT,1.0,0.3316326530612244,1.0,0.5029239766081871,False,,,False,False,False
2729,GGTAAA,1.0,0.5804195804195804,1.0,0.4156626506024096,False,,,False,False,False
2730,GGTAAC,1.0,0.5026178010471204,1.0,0.5,False,,,False,False,False
2731,GGTAAG,1.0,0.3687150837988827,1.0,0.5284090909090909,False,,,False,False,False
2732,GGTAAT,1.0,0.43646408839779,1.0,0.3636363636363636,False,,,False,False,False
2733,GGTACA,1.0,0.427027027027027,1.0,0.5096774193548387,False,,,False,False,False
2734,GGTACC,1.0,0.4382022471910112,1.0,0.5785714285714286,False,,,False,False,False
2735,GGTACG,1.0,0.521978021978022,1.0,0.5454545454545454,True,,,False,False,False
2736,GGTACT,1.0,0.3775510204081632,1.0,0.5808383233532934,False,,,False,False,False
2737,GGTAGA,1.0,0.3375,1.0,0.3541666666666667,False,,,False,False,False
2738,GGTAGC,1.0,0.5977011494252874,1.0,0.494047619047619,False,,,False,False,False
2739,GGTAGG,1.0,0.5081967213114754,1.0,0.4365482233502538,False,,,False,False,False
2740,GGTAGT,1.0,0.4775280898876404,1.0,0.5375,False,,,False,False,False
2741,GGTATA,1.0,0.5535714285714286,1.0,0.4268292682926829,False,,,False,False,False
2742,GGTATC,1.0,0.4632768361581921,1.0,0.5789473684210527,False,,,False,False,False
2743,GGTATG,1.0,0.4577114427860697,1.0,0.4078947368421052,False,,,False,False,False
2744,GGTATT,1.0,0.466321243523316,1.0,0.4260355029585799,False,,,False,False,False
2745,GGTCAA,1.0,0.5647058823529412,1.0,0.45,False,,,False,False,False
2746,GGTCAC,1.0,0.4545454545454545,1.0,0.5401069518716578,False,,,False,False,False
2747,GGTCAG,1.0,0.4619565217391304,1.0,0.5279503105590062,False,,,False,False,False
2748,GGTCAT,1.0,0.6333333333333333,1.0,0.5843373493975904,False,,,False,False,False
2749,GGTCCA,1.0,0.5163043478260869,1.0,0.4545454545454545,False,,,False,False,False
2750,GGTCCC,1.0,0.6666666666666666,1.0,0.5028571428571429,False,,,False,False,False
2751,GGTCCG,1.0,0.3990610328638497,1.0,0.5294117647058824,True,,,False,False,False
2752,GGTCCT,1.0,0.4411764705882353,1.0,0.6227544910179641,False,,,False,False,False
2753,GGTCGA,1.0,0.5,1.0,0.5460992907801419,True,,,False,False,False
2754,GGTCGC,1.0,0.4098360655737705,1.0,0.3928571428571428,True,,,False,False,False
2755,GGTCGG,1.0,0.492063492063492,1.0,0.4423076923076923,True,,,False,False,False
2756,GGTCGT,1.0,0.478494623655914,1.0,0.52,True,,,False,False,False
2757,GGTCTA,1.0,0.3684210526315789,1.0,0.4423076923076923,False,,,False,False,False
2758,GGTCTC,1.0,0.3785310734463277,1.0,0.4276729559748428,False,,,False,False,False
2759,GGTCTG,1.0,0.4047619047619047,1.0,0.4719101123595505,False,,,False,False,False
2760,GGTCTT,1.0,0.4196891191709844,1.0,0.5423728813559322,False,,,False,False,False
2761,GGTGAA,1.0,0.4347826086956521,1.0,0.5735294117647058,False,,,False,False,False
2762,GGTGAC,1.0,0.4319526627218935,1.0,0.5447761194029851,False,,,False,False,False
2763,GGTGAG,1.0,0.4968944099378882,1.0,0.5764705882352941,False,,,False,False,False
2764,GGTGAT,1.0,0.461038961038961,1.0,0.6137931034482759,False,,,False,False,False
2765,GGTGCA,1.0,0.4210526315789473,1.0,0.6709677419354839,False,,,False,False,False
2766,GGTGCC,1.0,0.455026455026455,1.0,0.5031446540880503,False,,,False,False,False
2767,GGTGCG,1.0,0.5358851674641149,1.0,0.5760869565217391,True,,,False,False,False
2768,GGTGCT,1.0,0.3316582914572864,1.0,0.3452380952380952,False,,,False,False,False
2769,GGTGGA,1.0,0.5548780487804879,1.0,0.5987654320987654,False,,,False,False,False
2770,GGTGGC,1.0,0.5842696629213483,1.0,0.4406779661016949,False,,,False,False,False
2771,GGTGGG,1.0,0.5358851674641149,1.0,0.572972972972973,False,,,False,False,False
2772,GGTGGT,1.0,0.4973544973544973,1.0,0.4141414141414141,False,,,False,False,False
2773,GGTGTA,1.0,0.4285714285714285,1.0,0.5414012738853503,False,,,False,False,False
2774,GGTGTC,1.0,0.4375,1.0,0.5157894736842106,False,,,False,False,False
2775,GGTGTG,1.0,0.5073170731707317,1.0,0.4052631578947368,False,,,False,False,False
2776,GGTGTT,1.0,0.3826530612244898,1.0,0.6067415730337079,False,,,False,False,False
2777,GGTTAA,1.0,0.5384615384615384,1.0,0.3829787234042553,False,,,False,False,False
2778,GGTTAC,1.0,0.4095744680851064,1.0,0.5064935064935064,False,,,False,False,False
2779,GGTTAG,1.0,0.4974619289340101,1.0,0.6257668711656442,False,,,False,False,False
2780,GGTTAT,1.0,0.5102040816326531,1.0,0.4431137724550898,False,,,False,False,False
2781,GGTTCA,1.0,0.3989361702127659,1.0,0.8413793103448276,False,,0.0104437322705072,True,False,False
2782,GGTTCC,1.0,0.3181818181818182,1.0,0.532051282051282,False,,,False,False,False
2783,GGTTCG,1.0,0.4386792452830189,1.0,0.4191919191919191,True,,,False,False,False
2784,GGTTCT,1.0,0.3779904306220095,1.0,0.4561403508771929,False,,,False,False,False
2785,GGTTGA,1.0,0.4310344827586206,1.0,0.4037267080745341,False,,,False,False,False
2786,GGTTGC,1.0,0.5460122699386503,1.0,0.6170212765957447,False,,,False,False,False
2787,GGTTGG,1.0,0.4031413612565445,1.0,0.5478723404255319,False,,,False,False,False
2788,GGTTGT,1.0,0.4101382488479262,1.0,0.6646706586826348,False,,,False,False,False
2789,GGTTTA,1.0,0.4641148325358851,1.0,0.5542857142857143,False,,,False,False,False
2790,GGTTTC,1.0,0.34375,1.0,0.4418604651162791,False,,,False,False,False
2791,GGTTTG,1.0,0.3708920187793427,1.0,0.6242424242424243,False,,,False,False,False
2792,GGTTTT,1.0,0.3476190476190476,1.0,0.5033112582781457,False,,,False,False,False
2793,GTAAAA,1.0,0.5,1.0,0.6581196581196581,False,,,False,False,False
2794,GTAAAC,1.0,0.673469387755102,1.0,0.4257425742574257,False,,,False,False,False
2795,GTAAAG,1.0,0.4150943396226415,1.0,0.4154929577464789,False,,,False,False,False
2796,GTAAAT,1.0,0.3624161073825503,1.0,0.4337349397590361,False,,,False,False,False
2797,GTAACA,1.0,0.6556291390728477,1.0,0.6413793103448275,False,,,False,False,False
2798,GTAACC,1.0,0.6307692307692307,1.0,0.2318840579710145,False,,,False,False,False
2799,GTAACG,1.0,0.4488636363636363,1.0,0.4580152671755725,True,,,False,False,False
2800,GTAACT,1.0,0.3647798742138364,1.0,0.6456692913385826,False,,,False,False,False
2801,GTAAGA,1.0,0.4496644295302013,1.0,0.5608108108108109,False,,,False,False,False
2802,GTAAGC,1.0,0.4344827586206896,1.0,0.5060975609756098,False,,,False,False,False
2803,GTAAGG,1.0,0.4835164835164835,1.0,0.5903614457831325,False,,,False,False,False
2804,GTAAGT,1.0,0.3869047619047619,1.0,0.52046783625731,False,,,False,False,False
2805,GTAATA,1.0,0.5405405405405406,1.0,0.4850746268656716,False,,,False,False,False
2806,GTAATC,1.0,0.4276729559748428,1.0,0.352112676056338,False,,,False,False,False
2807,GTAATG,1.0,0.4512195121951219,1.0,0.4202898550724637,False,,,False,False,False
2808,GTAATT,1.0,0.3857142857142857,1.0,0.4855072463768116,False,,,False,False,False
2809,GTACAA,1.0,0.6014492753623188,1.0,0.6984126984126984,False,,,False,False,False
2810,GTACAC,1.0,0.4666666666666667,1.0,0.4786324786324786,False,,,False,False,False
2811,GTACAG,1.0,0.5082872928176796,1.0,0.524390243902439,False,,,False,False,False
2812,GTACAT,1.0,0.5061728395061729,1.0,0.36875,False,,,False,False,False
2813,GTACCA,1.0,0.3969465648854962,1.0,0.5,False,,,False,False,False
2814,GTACCC,1.0,0.4054054054054054,1.0,0.6018518518518519,False,,,False,False,False
2815,GTACCG,1.0,0.4230769230769231,1.0,0.4743589743589743,True,,,False,False,False
2816,GTACCT,1.0,0.4330708661417323,1.0,0.4365079365079365,False,,,False,False,False
2817,GTACGA,1.0,0.5076923076923077,1.0,0.5448275862068965,True,,,False,False,False
2818,GTACGC,1.0,0.5182926829268293,1.0,0.5569620253164557,True,,,False,False,False
2819,GTACGG,1.0,0.5,1.0,0.5886075949367089,True,,,False,False,False
2820,GTACGT,1.0,0.4525139664804469,1.0,0.3597560975609756,True,,,False,False,False
2821,GTACTA,1.0,0.436241610738255,1.0,0.465648854961832,False,,,False,False,False
2822,GTACTC,1.0,0.4025157232704403,1.0,0.5526315789473685,False,,,False,False,False
2823,GTACTG,1.0,0.5584415584415584,1.0,0.4768211920529801,False,,,False,False,False
2824,GTACTT,1.0,0.3793103448275862,1.0,0.53125,False,,,False,False,False
2825,GTAGAA,1.0,0.5447154471544715,1.0,0.52,False,,,False,False,False
2826,GTAGAC,1.0,0.4634146341463415,1.0,0.4132231404958678,False,,,False,False,False
2827,GTAGAG,1.0,0.3526011560693641,1.0,0.6,False,,,False,False,False
2828,GTAGAT,1.0,0.4177215189873418,1.0,0.4652777777777778,False,,,False,False,False
2829,GTAGCA,1.0,0.5033557046979866,1.0,0.4097222222222222,False,,,False,False,False
2830,GTAGCC,1.0,0.5652173913043478,1.0,0.7746478873239436,False,,,False,False,False
2831,GTAGCG,1.0,0.6686746987951807,1.0,0.4149659863945578,True,,,False,False,False
2832,GTAGCT,1.0,0.422680412371134,1.0,0.5925925925925926,False,,,False,False,False
2833,GTAGGA,1.0,0.4437086092715231,1.0,0.3831168831168831,False,,,False,False,False
2834,GTAGGC,1.0,0.6551724137931034,1.0,0.8611111111111112,False,,0.0061034895512331,True,False,False
2835,GTAGGG,1.0,0.5617977528089888,1.0,0.3622448979591837,False,,,False,False,False
2836,GTAGGT,1.0,0.4971751412429379,1.0,0.4725274725274725,False,,,False,False,False
2837,GTAGTA,1.0,0.4161073825503356,1.0,0.4354838709677419,False,,,False,False,False
2838,GTAGTC,1.0,0.4210526315789473,1.0,0.5777777777777777,False,,,False,False,False
2839,GTAGTG,1.0,0.2736318407960199,1.0,0.5306122448979592,False,,,False,False,False
2840,GTAGTT,1.0,0.5029239766081871,1.0,0.4482758620689655,False,,,False,False,False
2841,GTATAA,1.0,0.5578231292517006,1.0,0.5041322314049587,False,,,False,False,False
2842,GTATAC,1.0,0.4088050314465409,1.0,0.3958333333333333,False,,,False,False,False
2843,GTATAG,1.0,0.48,1.0,0.4657534246575342,False,,,False,False,False
2844,GTATAT,1.0,0.4807692307692308,1.0,0.4387096774193548,False,,,False,False,False
2845,GTATCA,1.0,0.3092105263157895,1.0,0.5076923076923077,False,,,False,False,False
2846,GTATCC,1.0,0.4588235294117647,1.0,0.6929133858267716,False,,,False,False,False
2847,GTATCG,1.0,0.448051948051948,1.0,0.4382716049382716,True,,,False,False,False
2848,GTATCT,1.0,0.7248322147651006,1.0,0.4897959183673469,False,0.0350553181333975,,True,False,False
2849,GTATGA,1.0,0.6904761904761905,1.0,0.5220588235294118,False,,,False,False,False
2850,GTATGC,1.0,0.569060773480663,1.0,0.4522292993630573,False,,,False,False,False
2851,GTATGG,1.0,0.504950495049505,1.0,0.4516129032258064,False,,,False,False,False
2852,GTATGT,1.0,0.3073170731707317,1.0,0.3169398907103825,False,,,False,False,False
2853,GTATTA,1.0,0.4013157894736842,1.0,0.4696969696969697,False,,,False,False,False
2854,GTATTC,1.0,0.3905325443786982,1.0,0.5138888888888888,False,,,False,False,False
2855,GTATTG,1.0,0.4712041884816754,1.0,0.4817073170731707,False,,,False,False,False
2856,GTATTT,1.0,0.4450867052023121,1.0,0.4451612903225806,False,,,False,False,False
2857,GTCAAA,1.0,0.5072463768115942,1.0,0.5241379310344828,False,,,False,False,False
2858,GTCAAC,1.0,0.5802469135802469,1.0,0.4934210526315789,False,,,False,False,False
2859,GTCAAG,1.0,0.4578313253012048,1.0,0.5962732919254659,False,,,False,False,False
2860,GTCAAT,1.0,0.3641618497109826,1.0,0.3947368421052631,False,,,False,False,False
2861,GTCACA,1.0,0.4444444444444444,1.0,0.6168831168831169,False,,,False,False,False
2862,GTCACC,1.0,0.5949367088607594,1.0,0.4630872483221476,False,,,False,False,False
2863,GTCACG,1.0,0.5023255813953489,1.0,0.65625,True,,,False,False,False
2864,GTCACT,1.0,0.3459119496855345,1.0,0.3625,False,,,False,False,False
2865,GTCAGA,1.0,0.5033112582781457,1.0,0.4736842105263157,False,,,False,False,False
2866,GTCAGC,1.0,0.4411764705882353,1.0,0.3846153846153846,False,,,False,False,False
2867,GTCAGG,1.0,0.4731182795698925,1.0,0.759493670886076,False,,,False,False,False
2868,GTCAGT,1.0,0.3768844221105528,1.0,0.4900662251655629,False,,,False,False,False
2869,GTCATA,1.0,0.5030674846625767,1.0,0.4714285714285714,False,,,False,False,False
2870,GTCATC,1.0,0.6645569620253164,1.0,0.7333333333333333,False,,,False,False,False
2871,GTCATG,1.0,0.53125,1.0,0.5882352941176471,False,,,False,False,False
2872,GTCATT,1.0,0.6686746987951807,1.0,0.6058394160583942,False,,,False,False,False
2873,GTCCAA,1.0,0.5106382978723404,1.0,0.5177304964539007,False,,,False,False,False
2874,GTCCAC,1.0,0.4903225806451612,1.0,0.4963503649635036,False,,,False,False,False
2875,GTCCAG,1.0,0.4402173913043478,1.0,0.5586206896551724,False,,,False,False,False
2876,GTCCAT,1.0,0.5859872611464968,1.0,0.5921052631578947,False,,,False,False,False
2877,GTCCCA,1.0,0.4550898203592814,1.0,0.436241610738255,False,,,False,False,False
2878,GTCCCC,1.0,0.584,1.0,0.4692307692307692,False,,,False,False,False
2879,GTCCCG,1.0,0.68125,1.0,0.350253807106599,True,,,False,False,False
2880,GTCCCT,1.0,0.4696969696969697,1.0,0.5294117647058824,False,,,False,False,False
2881,GTCCGA,1.0,0.5,1.0,0.6756756756756757,True,,,False,False,False
2882,GTCCGC,1.0,0.4327485380116959,1.0,0.5064935064935064,True,,,False,False,False
2883,GTCCGG,1.0,0.3939393939393939,1.0,0.5345622119815668,True,,,False,False,False
2884,GTCCGT,1.0,0.5025380710659898,1.0,0.6751592356687898,True,,,False,False,False
2885,GTCCTA,1.0,0.460431654676259,1.0,0.4961240310077519,False,,,False,False,False
2886,GTCCTC,1.0,0.378698224852071,1.0,0.5578231292517006,False,,,False,False,False
2887,GTCCTG,1.0,0.4941176470588235,1.0,0.4516129032258064,False,,,False,False,False
2888,GTCCTT,1.0,0.3689839572192513,1.0,0.5772357723577236,False,,,False,False,False
2889,GTCGAA,1.0,0.5046728971962616,1.0,0.4857142857142857,True,,,False,False,False
2890,GTCGAC,1.0,0.5563380281690141,1.0,0.6074074074074074,True,,,False,False,False
2891,GTCGAG,1.0,0.3954802259887006,1.0,0.4693877551020408,True,,,False,False,False
2892,GTCGAT,1.0,0.4620689655172413,1.0,0.4316546762589928,True,,,False,False,False
2893,GTCGCA,1.0,0.5763888888888888,1.0,0.5263157894736842,True,,,False,False,False
2894,GTCGCC,1.0,0.3441558441558441,1.0,0.5208333333333334,True,,,False,False,False
2895,GTCGCG,1.0,0.3785310734463277,1.0,0.4344827586206896,True,,,False,False,False
2896,GTCGCT,1.0,0.4484848484848485,1.0,0.4100719424460431,True,,,False,False,False
2897,GTCGGA,1.0,0.6339869281045751,1.0,0.536144578313253,True,,,False,False,False
2898,GTCGGC,1.0,0.5625,1.0,0.563953488372093,True,,,False,False,False
2899,GTCGGG,1.0,0.4383561643835616,1.0,0.519774011299435,True,,,False,False,False
2900,GTCGGT,1.0,0.5935828877005348,1.0,0.4790419161676646,True,,,False,False,False
2901,GTCGTA,1.0,0.4679487179487179,1.0,0.6328125,True,,,False,False,False
2902,GTCGTC,1.0,0.591715976331361,1.0,0.6692913385826772,True,,,False,False,False
2903,GTCGTG,1.0,0.4606060606060606,1.0,0.5337837837837838,True,,,False,False,False
2904,GTCGTT,1.0,0.546875,1.0,0.5447154471544715,True,,,False,False,False
2905,GTCTAA,1.0,0.5144927536231884,1.0,0.4233576642335766,False,,,False,False,False
2906,GTCTAC,1.0,0.4338235294117647,1.0,0.6470588235294118,False,,,False,False,False
2907,GTCTAG,1.0,0.4943820224719101,1.0,0.6973684210526315,False,,,False,False,False
2908,GTCTAT,1.0,0.3333333333333333,1.0,0.448051948051948,False,,,False,False,False
2909,GTCTCA,1.0,0.6143790849673203,1.0,0.4435483870967742,False,,,False,False,False
2910,GTCTCC,1.0,0.3962264150943396,1.0,0.5797101449275363,False,,,False,False,False
2911,GTCTCG,1.0,0.388235294117647,1.0,0.4716981132075472,True,,,False,False,False
2912,GTCTCT,1.0,0.4244186046511627,1.0,0.6402877697841727,False,,,False,False,False
2913,GTCTGA,1.0,0.6142857142857143,1.0,0.4962406015037593,False,,,False,False,False
2914,GTCTGC,1.0,0.3417085427135678,1.0,0.2857142857142857,False,,,False,False,False
2915,GTCTGG,1.0,0.5728643216080402,1.0,0.5058823529411764,False,,,False,False,False
2916,GTCTGT,1.0,0.425531914893617,1.0,0.5389221556886228,False,,,False,False,False
2917,GTCTTA,1.0,0.3766233766233766,1.0,0.3973509933774834,False,,,False,False,False
2918,GTCTTC,1.0,0.608433734939759,1.0,0.6870748299319728,False,,,False,False,False
2919,GTCTTG,1.0,0.4603960396039604,1.0,0.6395348837209303,False,,,False,False,False
2920,GTCTTT,1.0,0.4968152866242038,1.0,0.6304347826086957,False,,,False,False,False
2921,GTGAAA,1.0,0.5276073619631901,1.0,0.5343511450381679,False,,,False,False,False
2922,GTGAAC,1.0,0.4102564102564102,1.0,0.6504065040650406,False,,,False,False,False
2923,GTGAAG,1.0,0.4879518072289157,1.0,0.5231788079470199,False,,,False,False,False
2924,GTGAAT,1.0,0.375796178343949,1.0,0.5107913669064749,False,,,False,False,False
2925,GTGACA,1.0,0.4285714285714285,1.0,0.3834586466165413,False,,,False,False,False
2926,GTGACC,1.0,0.421875,1.0,0.6412213740458015,False,,,False,False,False
2927,GTGACG,1.0,0.3469387755102041,1.0,0.4785714285714286,True,,,False,False,False
2928,GTGACT,1.0,0.4444444444444444,1.0,0.4331210191082802,False,,,False,False,False
2929,GTGAGA,1.0,0.3976608187134502,1.0,0.3897058823529412,False,,,False,False,False
2930,GTGAGC,1.0,0.4551282051282051,1.0,0.5273972602739726,False,,,False,False,False
2931,GTGAGG,1.0,0.5508982035928144,1.0,0.5789473684210527,False,,,False,False,False
2932,GTGAGT,1.0,0.47953216374269,1.0,0.56,False,,,False,False,False
2933,GTGATA,1.0,0.4183006535947712,1.0,0.4758064516129032,False,,,False,False,False
2934,GTGATC,1.0,0.364963503649635,1.0,0.6984126984126984,False,,,False,False,False
2935,GTGATG,1.0,0.4277108433734939,1.0,0.5664335664335665,False,,,False,False,False
2936,GTGATT,1.0,0.4666666666666667,1.0,0.6056338028169014,False,,,False,False,False
2937,GTGCAA,1.0,0.4347826086956521,1.0,0.6992481203007519,False,,,False,False,False
2938,GTGCAC,1.0,0.4761904761904761,1.0,0.5234899328859061,False,,,False,False,False
2939,GTGCAG,1.0,0.5670731707317073,1.0,0.4969325153374233,False,,,False,False,False
2940,GTGCAT,1.0,0.3523809523809524,1.0,0.475,False,,,False,False,False
2941,GTGCCA,1.0,0.3559322033898305,1.0,0.6923076923076923,False,,,False,False,False
2942,GTGCCC,1.0,0.436046511627907,1.0,0.4577464788732394,False,,,False,False,False
2943,GTGCCG,1.0,0.5792682926829268,1.0,0.5441176470588235,True,,,False,False,False
2944,GTGCCT,1.0,0.5333333333333333,1.0,0.5906040268456376,False,,,False,False,False
2945,GTGCGA,1.0,0.5032258064516129,1.0,0.48125,True,,,False,False,False
2946,GTGCGC,1.0,0.907103825136612,1.0,0.5333333333333333,True,4.647481302959604e-07,,True,True,True
2947,GTGCGG,1.0,0.3406113537117904,1.0,0.4742268041237113,True,,,False,False,False
2948,GTGCGT,1.0,0.4635416666666667,1.0,0.6352941176470588,True,,,False,False,False
2949,GTGCTA,1.0,0.5161290322580645,1.0,0.5135135135135135,False,,,False,False,False
2950,GTGCTC,1.0,0.2347417840375587,1.0,0.5608108108108109,False,,,False,False,False
2951,GTGCTG,1.0,0.4529411764705882,1.0,0.5,False,,,False,False,False
2952,GTGCTT,1.0,0.5238095238095238,1.0,0.4010989010989011,False,,,False,False,False
2953,GTGGAA,1.0,0.4939024390243902,1.0,0.546875,False,,,False,False,False
2954,GTGGAC,1.0,0.5310344827586206,1.0,0.5850340136054422,False,,,False,False,False
2955,GTGGAG,1.0,0.3885714285714285,1.0,0.6710526315789473,False,,,False,False,False
2956,GTGGAT,1.0,0.5243243243243243,1.0,0.4825581395348837,False,,,False,False,False
2957,GTGGCA,1.0,0.3920454545454545,1.0,0.5548780487804879,False,,,False,False,False
2958,GTGGCC,1.0,0.4918032786885246,1.0,0.391304347826087,False,,,False,False,False
2959,GTGGCG,1.0,0.5,1.0,0.569620253164557,True,,,False,False,False
2960,GTGGCT,1.0,0.703030303030303,1.0,0.6419753086419753,False,0.0438317961622946,,True,False,False
2961,GTGGGA,1.0,0.4184782608695652,1.0,0.4824120603015075,False,,,False,False,False
2962,GTGGGC,1.0,0.5925925925925926,1.0,0.6569767441860465,False,,,False,False,False
2963,GTGGGG,1.0,0.5618556701030928,1.0,0.5585106382978723,False,,,False,False,False
2964,GTGGGT,1.0,0.3909090909090909,1.0,0.5722543352601156,False,,,False,False,False
2965,GTGGTA,1.0,0.3560975609756097,1.0,0.4424242424242424,False,,,False,False,False
2966,GTGGTC,1.0,0.4858757062146893,1.0,0.4610778443113772,False,,,False,False,False
2967,GTGGTG,1.0,0.4623115577889447,1.0,0.4139784946236559,False,,,False,False,False
2968,GTGGTT,1.0,0.3284313725490196,1.0,0.4484848484848485,False,,,False,False,False
2969,GTGTAA,1.0,0.4601226993865031,1.0,0.3353293413173652,False,,,False,False,False
2970,GTGTAC,1.0,0.4046242774566474,1.0,0.4044943820224719,False,,,False,False,False
2971,GTGTAG,1.0,0.5,1.0,0.575,False,,,False,False,False
2972,GTGTAT,1.0,0.3567567567567568,1.0,0.4968944099378882,False,,,False,False,False
2973,GTGTCA,1.0,0.5029585798816568,1.0,0.5773809523809523,False,,,False,False,False
2974,GTGTCC,1.0,0.3920454545454545,1.0,0.4514285714285714,False,,,False,False,False
2975,GTGTCG,1.0,0.4318181818181818,1.0,0.7062937062937062,True,,,False,False,False
2976,GTGTCT,1.0,0.3978494623655914,1.0,0.4432989690721649,False,,,False,False,False
2977,GTGTGA,1.0,0.5052083333333334,1.0,0.5197368421052632,False,,,False,False,False
2978,GTGTGC,1.0,0.4039408866995074,1.0,0.6038961038961039,False,,,False,False,False
2979,GTGTGG,1.0,0.4397905759162304,1.0,0.4648648648648649,False,,,False,False,False
2980,GTGTGT,1.0,0.4038461538461538,1.0,0.4866310160427807,False,,,False,False,False
2981,GTGTTA,1.0,0.5329341317365269,1.0,0.7898550724637681,False,,,False,False,False
2982,GTGTTC,1.0,0.3943661971830985,1.0,0.5542857142857143,False,,,False,False,False
2983,GTGTTG,1.0,0.4923857868020304,1.0,0.6107784431137725,False,,,False,False,False
2984,GTGTTT,1.0,0.3246073298429319,1.0,0.535031847133758,False,,,False,False,False
2985,GTTAAA,1.0,0.616,1.0,0.4357142857142857,False,,,False,False,False
2986,GTTAAC,1.0,0.82,1.0,0.8613138686131386,False,0.0011292770046752,0.0080274036324178,True,True,True
2987,GTTAAG,1.0,0.5139664804469274,1.0,0.3833333333333333,False,,,False,False,False
2988,GTTAAT,1.0,0.4152046783625731,1.0,0.5136986301369864,False,,,False,False,False
2989,GTTACA,1.0,0.6025641025641025,1.0,0.8095238095238095,False,,0.0441359782549465,True,False,False
2990,GTTACC,1.0,0.484472049689441,1.0,0.3471074380165289,False,,,False,False,False
2991,GTTACG,1.0,0.3240223463687151,1.0,0.3533333333333333,True,,,False,False,False
2992,GTTACT,1.0,0.593103448275862,1.0,0.703125,False,,,False,False,False
2993,GTTAGA,1.0,0.6180555555555556,1.0,0.4753086419753086,False,,,False,False,False
2994,GTTAGC,1.0,0.5063291139240507,1.0,0.5679012345679012,False,,,False,False,False
2995,GTTAGG,1.0,0.4921465968586387,1.0,0.4855491329479768,False,,,False,False,False
2996,GTTAGT,1.0,0.4388888888888889,1.0,0.6795580110497238,False,,,False,False,False
2997,GTTATA,1.0,0.4,1.0,0.3806818181818182,False,,,False,False,False
2998,GTTATC,1.0,0.3641618497109826,1.0,0.4387096774193548,False,,,False,False,False
2999,GTTATG,1.0,0.4316939890710382,1.0,0.3986928104575163,False,,,False,False,False
3000,GTTATT,1.0,0.3612565445026178,1.0,0.453416149068323,False,,,False,False,False
3001,GTTCAA,1.0,0.301775147928994,1.0,0.5973154362416108,False,,,False,False,False
3002,GTTCAC,1.0,0.5647058823529412,1.0,0.7058823529411765,False,,,False,False,False
3003,GTTCAG,1.0,0.456043956043956,1.0,0.6222222222222222,False,,,False,False,False
3004,GTTCAT,1.0,0.5531914893617021,1.0,0.6627906976744186,False,,,False,False,False
3005,GTTCCA,1.0,0.5443037974683544,1.0,0.6312056737588653,False,,,False,False,False
3006,GTTCCC,1.0,0.3947368421052631,1.0,0.4509803921568627,False,,,False,False,False
3007,GTTCCG,1.0,0.3114754098360656,1.0,0.5316455696202531,True,,,False,False,False
3008,GTTCCT,1.0,0.4601226993865031,1.0,0.4126984126984127,False,,,False,False,False
3009,GTTCGA,1.0,0.6201550387596899,1.0,0.4035087719298245,True,,,False,False,False
3010,GTTCGC,1.0,0.4615384615384615,1.0,0.5057471264367817,True,,,False,False,False
3011,GTTCGG,1.0,0.3691588785046729,1.0,0.4507042253521127,True,,,False,False,False
3012,GTTCGT,1.0,0.526595744680851,1.0,0.3956043956043956,True,,,False,False,False
3013,GTTCTA,1.0,0.4228571428571429,1.0,0.4693877551020408,False,,,False,False,False
3014,GTTCTC,1.0,0.4619883040935672,1.0,0.5472972972972973,False,,,False,False,False
3015,GTTCTG,1.0,0.4473684210526316,1.0,0.5220125786163522,False,,,False,False,False
3016,GTTCTT,1.0,0.4232804232804232,1.0,0.4342857142857143,False,,,False,False,False
3017,GTTGAA,1.0,0.3174603174603174,1.0,0.4015151515151515,False,,,False,False,False
3018,GTTGAC,1.0,0.3473053892215569,1.0,0.2781954887218045,False,,,False,False,False
3019,GTTGAG,1.0,0.4108108108108108,1.0,0.358974358974359,False,,,False,False,False
3020,GTTGAT,1.0,0.42,1.0,0.4295302013422818,False,,,False,False,False
3021,GTTGCA,1.0,0.4152046783625731,1.0,0.664179104477612,False,,,False,False,False
3022,GTTGCC,1.0,0.3764705882352941,1.0,0.5284552845528455,False,,,False,False,False
3023,GTTGCG,1.0,0.4736842105263157,1.0,0.3933333333333333,True,,,False,False,False
3024,GTTGCT,1.0,0.4099378881987577,1.0,0.4050632911392405,False,,,False,False,False
3025,GTTGGA,1.0,0.4465408805031446,1.0,0.5205479452054794,False,,,False,False,False
3026,GTTGGC,1.0,0.416243654822335,1.0,0.547945205479452,False,,,False,False,False
3027,GTTGGG,1.0,0.4322916666666667,1.0,0.4859813084112149,False,,,False,False,False
3028,GTTGGT,1.0,0.4699453551912568,1.0,0.4644808743169399,False,,,False,False,False
3029,GTTGTA,1.0,0.5879120879120879,1.0,0.6689655172413793,False,,,False,False,False
3030,GTTGTC,1.0,0.5030674846625767,1.0,0.5886524822695035,False,,,False,False,False
3031,GTTGTG,1.0,0.391304347826087,1.0,0.8064516129032258,False,,0.0213267569769414,True,False,False
3032,GTTGTT,1.0,0.4258373205741627,1.0,0.5279187817258884,False,,,False,False,False
3033,GTTTAA,1.0,0.4651162790697674,1.0,0.6470588235294118,False,,,False,False,False
3034,GTTTAC,1.0,0.4791666666666667,1.0,0.6875,False,,,False,False,False
3035,GTTTAG,1.0,0.6271186440677966,1.0,0.6974789915966386,False,,,False,False,False
3036,GTTTAT,1.0,0.4693877551020408,1.0,0.4964028776978417,False,,,False,False,False
3037,GTTTCA,1.0,0.4100719424460431,1.0,0.4489795918367347,False,,,False,False,False
3038,GTTTCC,1.0,0.3238095238095238,1.0,0.4434782608695652,False,,,False,False,False
3039,GTTTCT,1.0,0.2589928057553957,1.0,0.6504854368932039,False,,,False,False,False
3040,GTTTGA,1.0,0.2937062937062937,1.0,0.5206611570247934,False,,,False,False,False
3041,GTTTGC,1.0,0.5590551181102362,1.0,0.56,False,,,False,False,False
3042,GTTTGG,1.0,0.4736842105263157,1.0,0.8,False,,0.0436524505660668,True,False,False
3043,GTTTGT,1.0,0.4,1.0,0.7903225806451613,False,,,False,False,False
3044,GTTTTA,1.0,0.4710144927536231,1.0,0.5739130434782609,False,,,False,False,False
3045,GTTTTC,1.0,0.4907407407407407,1.0,0.5,False,,,False,False,False
3046,GTTTTG,1.0,0.3391812865497076,1.0,0.4848484848484848,False,,,False,False,False
3047,GTTTTT,1.0,0.3780487804878049,1.0,0.4189189189189189,False,,,False,False,False
3048,TAAAAA,1.0,0.4409448818897638,1.0,0.5702479338842975,False,,,False,False,False
3049,TAAAAC,1.0,0.4659090909090909,1.0,0.369047619047619,False,,,False,False,False
3050,TAAAAG,1.0,0.5290322580645161,1.0,0.6142857142857143,False,,,False,False,False
3051,TAAAAT,1.0,0.4274809160305343,1.0,0.4122807017543859,False,,,False,False,False
3052,TAAACA,1.0,0.5196850393700787,1.0,0.4789915966386555,False,,,False,False,False
3053,TAAACC,1.0,0.5526315789473685,1.0,0.5698924731182796,False,,,False,False,False
3054,TAAACT,1.0,0.539568345323741,1.0,0.328125,False,,,False,False,False
3055,TAAAGA,1.0,0.464,1.0,0.5470085470085471,False,,,False,False,False
3056,TAAAGC,1.0,0.4405594405594406,1.0,0.576,False,,,False,False,False
3057,TAAAGG,1.0,0.3710691823899371,1.0,0.38,False,,,False,False,False
3058,TAAAGT,1.0,0.5068493150684932,1.0,0.825,False,,0.0377674435112376,True,False,False
3059,TAAATA,1.0,0.5066666666666667,1.0,0.4724409448818897,False,,,False,False,False
3060,TAAATC,1.0,0.2923076923076923,1.0,0.472,False,,,False,False,False
3061,TAAATG,1.0,0.2670454545454545,1.0,0.4066666666666667,False,,,False,False,False
3062,TAAATT,1.0,0.6870229007633588,1.0,0.4929577464788732,False,,,False,False,False
3063,TAACAA,1.0,0.5517241379310345,1.0,0.6929824561403509,False,,,False,False,False
3064,TAACAC,1.0,0.5369127516778524,1.0,0.8,False,,,False,False,False
3065,TAACAG,1.0,0.5648854961832062,1.0,0.6833333333333333,False,,,False,False,False
3066,TAACAT,1.0,0.5658914728682171,1.0,0.4680851063829787,False,,,False,False,False
3067,TAACCA,1.0,0.7843137254901961,1.0,0.6153846153846154,False,0.0352959926030212,,True,False,False
3068,TAACCC,1.0,0.5775862068965517,1.0,0.3786407766990291,False,,,False,False,False
3069,TAACCG,1.0,0.5562913907284768,1.0,0.5178571428571429,True,,,False,False,False
3070,TAACCT,1.0,0.6692307692307692,1.0,0.4962406015037593,False,,,False,False,False
3071,TAACGA,1.0,0.3311688311688311,1.0,0.7708333333333334,True,,,False,False,False
3072,TAACGC,1.0,0.5194805194805194,1.0,0.4461538461538462,True,,,False,False,False
3073,TAACGG,1.0,0.3567567567567568,1.0,0.5547945205479452,True,,,False,False,False
3074,TAACGT,1.0,0.4545454545454545,1.0,0.4140625,True,,,False,False,False
3075,TAACTA,1.0,0.6048387096774194,1.0,0.7052631578947368,False,,,False,False,False
3076,TAACTC,1.0,0.4666666666666667,1.0,0.59,False,,,False,False,False
3077,TAACTG,1.0,0.5185185185185185,1.0,0.5467625899280576,False,,,False,False,False
3078,TAACTT,1.0,0.360759493670886,1.0,0.5193798449612403,False,,,False,False,False
3079,TAAGAA,1.0,0.44,1.0,0.3739837398373983,False,,,False,False,False
3080,TAAGAC,1.0,0.5229357798165137,1.0,0.4074074074074074,False,,,False,False,False
3081,TAAGAG,1.0,0.3532934131736527,1.0,0.6230769230769231,False,,,False,False,False
3082,TAAGAT,1.0,0.4503816793893129,1.0,0.7207207207207207,False,,,False,False,False
3083,TAAGCA,1.0,0.3286713286713286,1.0,0.4701986754966887,False,,,False,False,False
3084,TAAGCC,1.0,0.4592592592592592,1.0,0.4244604316546763,False,,,False,False,False
3085,TAAGCG,1.0,0.3924050632911392,1.0,0.4296296296296296,True,,,False,False,False
3086,TAAGCT,1.0,0.5289855072463768,1.0,0.6304347826086957,False,,,False,False,False
3087,TAAGGA,1.0,0.5,1.0,0.3986013986013986,False,,,False,False,False
3088,TAAGGC,1.0,0.5421686746987951,1.0,0.4493670886075949,False,,,False,False,False
3089,TAAGGG,1.0,0.4226190476190476,1.0,0.6335403726708074,False,,,False,False,False
3090,TAAGGT,1.0,0.3313253012048193,1.0,0.391025641025641,False,,,False,False,False
3091,TAAGTA,1.0,0.3310344827586207,1.0,0.6260162601626016,False,,,False,False,False
3092,TAAGTC,1.0,0.5362318840579711,1.0,0.5071428571428571,False,,,False,False,False
3093,TAAGTG,1.0,0.4444444444444444,1.0,0.5878378378378378,False,,,False,False,False
3094,TAAGTT,1.0,0.4610778443113772,1.0,0.6050955414012739,False,,,False,False,False
3095,TAATAA,1.0,0.4093959731543624,1.0,0.5419847328244275,False,,,False,False,False
3096,TAATAC,1.0,0.4074074074074074,1.0,0.52,False,,,False,False,False
3097,TAATAG,1.0,0.5103448275862069,1.0,0.4173228346456692,False,,,False,False,False
3098,TAATAT,1.0,0.5611510791366906,1.0,0.4824561403508772,False,,,False,False,False
3099,TAATCA,1.0,0.4148148148148148,1.0,0.3893129770992366,False,,,False,False,False
3100,TAATCC,1.0,0.4347826086956521,1.0,0.48,False,,,False,False,False
3101,TAATCG,1.0,0.4248366013071895,1.0,0.4776119402985074,True,,,False,False,False
3102,TAATCT,1.0,0.5675675675675675,1.0,0.5,False,,,False,False,False
3103,TAATGA,1.0,0.4027777777777778,1.0,0.4122807017543859,False,,,False,False,False
3104,TAATGC,1.0,0.4552238805970149,1.0,0.5572519083969466,False,,,False,False,False
3105,TAATGG,1.0,0.3262032085561497,1.0,0.6239316239316239,False,,,False,False,False
3106,TAATGT,1.0,0.6716417910447762,1.0,0.4097222222222222,False,,,False,False,False
3107,TAATTA,1.0,0.4496644295302013,1.0,0.3829787234042553,False,,,False,False,False
3108,TAATTC,1.0,0.3455882352941176,1.0,0.3402777777777778,False,,,False,False,False
3109,TAATTG,1.0,0.4146341463414634,1.0,0.437037037037037,False,,,False,False,False
3110,TAATTT,1.0,0.4516129032258064,1.0,0.6953125,False,,,False,False,False
3111,TACAAA,1.0,0.4453781512605042,1.0,0.6764705882352942,False,,,False,False,False
3112,TACAAC,1.0,0.4033613445378151,1.0,0.5436893203883495,False,,,False,False,False
3113,TACAAG,1.0,0.5164835164835165,1.0,0.5284552845528455,False,,,False,False,False
3114,TACAAT,1.0,0.4384615384615384,1.0,0.5538461538461539,False,,,False,False,False
3115,TACACA,1.0,0.5970149253731343,1.0,0.4954954954954955,False,,,False,False,False
3116,TACACC,1.0,0.584,1.0,0.6730769230769231,False,,,False,False,False
3117,TACACG,1.0,0.467065868263473,1.0,0.6666666666666666,True,,,False,False,False
3118,TACACT,1.0,0.4887218045112781,1.0,0.4390243902439024,False,,,False,False,False
3119,TACAGA,1.0,0.624,1.0,0.6942148760330579,False,,,False,False,False
3120,TACAGC,1.0,0.4652777777777778,1.0,0.4029850746268656,False,,,False,False,False
3121,TACAGG,1.0,0.435754189944134,1.0,0.5,False,,,False,False,False
3122,TACAGT,1.0,0.5515151515151515,1.0,0.5384615384615384,False,,,False,False,False
3123,TACATA,1.0,0.352112676056338,1.0,0.5,False,,,False,False,False
3124,TACATC,1.0,0.5606060606060606,1.0,0.5245901639344263,False,,,False,False,False
3125,TACATG,1.0,0.4893617021276595,1.0,0.4895104895104895,False,,,False,False,False
3126,TACATT,1.0,0.5093167701863354,1.0,0.5625,False,,,False,False,False
3127,TACCAA,1.0,0.3565217391304348,1.0,0.4795918367346938,False,,,False,False,False
3128,TACCAC,1.0,0.4818181818181818,1.0,0.7526881720430108,False,,,False,False,False
3129,TACCAG,1.0,0.4071428571428571,1.0,0.3937007874015748,False,,,False,False,False
3130,TACCAT,1.0,0.4413793103448276,1.0,0.5384615384615384,False,,,False,False,False
3131,TACCCA,1.0,0.3333333333333333,1.0,0.5543478260869565,False,,,False,False,False
3132,TACCCC,1.0,0.4645669291338583,1.0,0.6785714285714286,False,,,False,False,False
3133,TACCCG,1.0,0.4248366013071895,1.0,0.5775862068965517,True,,,False,False,False
3134,TACCCT,1.0,0.4454545454545454,1.0,0.2752293577981651,False,,,False,False,False
3135,TACCGA,1.0,0.4047619047619047,1.0,0.5660377358490566,True,,,False,False,False
3136,TACCGC,1.0,0.7398373983739838,1.0,0.4850746268656716,True,0.0485999068052449,,True,False,False
3137,TACCGG,1.0,0.4709677419354838,1.0,0.4305555555555556,True,,,False,False,False
3138,TACCGT,1.0,0.5041322314049587,1.0,0.5080645161290323,True,,,False,False,False
3139,TACCTA,1.0,0.6228070175438597,1.0,0.2735849056603773,False,,,False,False,False
3140,TACCTC,1.0,0.3787878787878788,1.0,0.3615384615384615,False,,,False,False,False
3141,TACCTG,1.0,0.5321100917431193,1.0,0.5121951219512195,False,,,False,False,False
3142,TACCTT,1.0,0.4305555555555556,1.0,0.5403225806451613,False,,,False,False,False
3143,TACGAA,1.0,0.3181818181818182,1.0,0.4772727272727273,True,,,False,False,False
3144,TACGAC,1.0,0.4887218045112781,1.0,0.4677419354838709,True,,,False,False,False
3145,TACGAG,1.0,0.8,1.0,0.6875,True,0.0112606473143535,,True,True,True
3146,TACGAT,1.0,0.4796747967479675,1.0,0.4881889763779528,True,,,False,False,False
3147,TACGCA,1.0,0.4939759036144578,1.0,0.3278688524590163,True,,,False,False,False
3148,TACGCC,1.0,0.3197278911564626,1.0,0.660377358490566,True,,,False,False,False
3149,TACGCG,1.0,0.5031446540880503,1.0,0.6209150326797386,True,,,False,False,False
3150,TACGCT,1.0,0.5394736842105263,1.0,0.477124183006536,True,,,False,False,False
3151,TACGGA,1.0,0.5359477124183006,1.0,0.5034965034965035,True,,,False,False,False
3152,TACGGC,1.0,0.419753086419753,1.0,0.7046979865771812,True,,,False,False,False
3153,TACGGG,1.0,0.4285714285714285,1.0,0.5875,True,,,False,False,False
3154,TACGGT,1.0,0.5542857142857143,1.0,0.514792899408284,True,,,False,False,False
3155,TACGTA,1.0,0.5,1.0,0.3623188405797101,True,,,False,False,False
3156,TACGTC,1.0,0.4969696969696969,1.0,0.6578947368421053,True,,,False,False,False
3157,TACGTG,1.0,0.4402173913043478,1.0,0.4678362573099415,True,,,False,False,False
3158,TACGTT,1.0,0.5039370078740157,1.0,0.4122137404580153,True,,,False,False,False
3159,TACTAA,1.0,0.4051724137931034,1.0,0.3211009174311927,False,,,False,False,False
3160,TACTAC,1.0,0.5740740740740741,1.0,0.5655737704918032,False,,,False,False,False
3161,TACTAG,1.0,0.5573770491803278,1.0,0.6115702479338843,False,,,False,False,False
3162,TACTAT,1.0,0.5409836065573771,1.0,0.4318181818181818,False,,,False,False,False
3163,TACTCA,1.0,0.4214285714285714,1.0,0.3703703703703703,False,,,False,False,False
3164,TACTCC,1.0,0.5208333333333334,1.0,0.5365853658536586,False,,,False,False,False
3165,TACTCG,1.0,0.54421768707483,1.0,0.5736434108527132,True,,,False,False,False
3166,TACTCT,1.0,0.4888888888888889,1.0,0.5225225225225225,False,,,False,False,False
3167,TACTGA,1.0,0.5819672131147541,1.0,0.56,False,,,False,False,False
3168,TACTGC,1.0,0.5428571428571428,1.0,0.4923076923076923,False,,,False,False,False
3169,TACTGG,1.0,0.6153846153846154,1.0,0.4758620689655172,False,,,False,False,False
3170,TACTGT,1.0,0.5,1.0,0.6466165413533834,False,,,False,False,False
3171,TACTTA,1.0,0.464,1.0,0.5961538461538461,False,,,False,False,False
3172,TACTTC,1.0,0.3759398496240601,1.0,0.4130434782608695,False,,,False,False,False
3173,TACTTG,1.0,0.4193548387096774,1.0,0.5078125,False,,,False,False,False
3174,TACTTT,1.0,0.3625730994152046,1.0,0.3893129770992366,False,,,False,False,False
3175,TAGAAA,1.0,0.4827586206896552,1.0,0.4128440366972477,False,,,False,False,False
3176,TAGAAC,1.0,0.5701754385964912,1.0,0.488,False,,,False,False,False
3177,TAGAAG,1.0,0.7086614173228346,1.0,0.8560606060606061,False,,0.0111133113596027,True,False,False
3178,TAGAAT,1.0,0.4863013698630137,1.0,0.4786324786324786,False,,,False,False,False
3179,TAGACA,1.0,0.5203252032520326,1.0,0.3813559322033898,False,,,False,False,False
3180,TAGACC,1.0,0.5625,1.0,0.4830508474576271,False,,,False,False,False
3181,TAGACG,1.0,0.4511278195488721,1.0,0.5833333333333334,True,,,False,False,False
3182,TAGACT,1.0,0.484375,1.0,0.5203252032520326,False,,,False,False,False
3183,TAGAGA,1.0,0.4626865671641791,1.0,0.5583333333333333,False,,,False,False,False
3184,TAGAGC,1.0,0.5294117647058824,1.0,0.4384615384615384,False,,,False,False,False
3185,TAGAGG,1.0,0.4404761904761904,1.0,0.6971830985915493,False,,,False,False,False
3186,TAGAGT,1.0,0.5398773006134969,1.0,0.5401459854014599,False,,,False,False,False
3187,TAGATA,1.0,0.8571428571428571,1.0,0.5234375,False,0.0030407176932841,,True,True,True
3188,TAGATC,1.0,0.4925373134328358,1.0,0.4552238805970149,False,,,False,False,False
3189,TAGATG,1.0,0.7358490566037735,1.0,0.7894736842105263,False,0.0197267066666681,,True,True,True
3190,TAGATT,1.0,0.4935064935064935,1.0,0.4338235294117647,False,,,False,False,False
3191,TAGCAA,1.0,0.6124031007751938,1.0,0.5669291338582677,False,,,False,False,False
3192,TAGCAC,1.0,0.549618320610687,1.0,0.5704225352112676,False,,,False,False,False
3193,TAGCAG,1.0,0.4857142857142857,1.0,0.504,False,,,False,False,False
3194,TAGCAT,1.0,0.4149659863945578,1.0,0.4754098360655737,False,,,False,False,False
3195,TAGCCA,1.0,0.5345911949685535,1.0,0.6992481203007519,False,,,False,False,False
3196,TAGCCC,1.0,1.0909090909090908,1.0,1.2432432432432432,False,3.067972492287558e-10,4.3469076157529925e-09,True,True,True
3197,TAGCCG,1.0,0.3959731543624161,1.0,0.5655737704918032,True,,,False,False,False
3198,TAGCCT,1.0,0.9779411764705882,1.0,1.0427350427350428,False,8.699487813943809e-07,2.612508641248767e-05,True,True,True
3199,TAGCGA,1.0,0.5703703703703704,1.0,0.5223880597014925,True,,,False,False,False
3200,TAGCGC,1.0,0.7908496732026143,1.0,0.6834532374100719,True,0.0035024789099147,,True,True,True
3201,TAGCGG,1.0,0.6521739130434783,1.0,0.4469273743016759,True,,,False,False,False
3202,TAGCGT,1.0,0.5517241379310345,1.0,0.524822695035461,True,,,False,False,False
3203,TAGCTA,1.0,0.5225806451612903,1.0,0.5703703703703704,False,,,False,False,False
3204,TAGCTC,1.0,0.5068493150684932,1.0,0.65625,False,,,False,False,False
3205,TAGCTG,1.0,0.5167785234899329,1.0,0.584,False,,,False,False,False
3206,TAGCTT,1.0,0.5585106382978723,1.0,0.5365853658536586,False,,,False,False,False
3207,TAGGAA,1.0,0.5,1.0,0.5303030303030303,False,,,False,False,False
3208,TAGGAC,1.0,0.4039735099337748,1.0,0.503448275862069,False,,,False,False,False
3209,TAGGAG,1.0,0.4962962962962963,1.0,0.3935483870967742,False,,,False,False,False
3210,TAGGAT,1.0,0.3235294117647059,1.0,0.7388059701492538,False,,,False,False,False
3211,TAGGCA,1.0,0.5348837209302325,1.0,0.7074829931972789,False,,,False,False,False
3212,TAGGCC,1.0,0.4725274725274725,1.0,0.5231788079470199,False,,,False,False,False
3213,TAGGCG,1.0,0.5094339622641509,1.0,0.58,True,,,False,False,False
3214,TAGGCT,1.0,0.4974358974358974,1.0,0.5298013245033113,False,,,False,False,False
3215,TAGGGA,1.0,0.5133333333333333,1.0,0.3652694610778443,False,,,False,False,False
3216,TAGGGC,1.0,0.3886255924170616,1.0,0.3430232558139535,False,,,False,False,False
3217,TAGGGG,1.0,0.4540229885057471,1.0,0.5443037974683544,False,,,False,False,False
3218,TAGGGT,1.0,0.3441860465116279,1.0,0.5617977528089888,False,,,False,False,False
3219,TAGGTA,1.0,0.5515151515151515,1.0,0.4556213017751479,False,,,False,False,False
3220,TAGGTC,1.0,0.5,1.0,0.484472049689441,False,,,False,False,False
3221,TAGGTG,1.0,0.4904458598726114,1.0,0.5757575757575758,False,,,False,False,False
3222,TAGGTT,1.0,0.4680851063829787,1.0,0.3878787878787879,False,,,False,False,False
3223,TAGTAA,1.0,0.7338709677419355,1.0,0.7647058823529411,False,,,False,False,False
3224,TAGTAC,1.0,0.4186046511627907,1.0,0.4666666666666667,False,,,False,False,False
3225,TAGTAG,1.0,0.3885714285714285,1.0,0.4961832061068702,False,,,False,False,False
3226,TAGTAT,1.0,0.5298013245033113,1.0,0.4748201438848921,False,,,False,False,False
3227,TAGTCA,1.0,0.3902439024390244,1.0,0.5503875968992248,False,,,False,False,False
3228,TAGTCC,1.0,0.4817073170731707,1.0,0.823076923076923,False,,0.0298125417047918,True,False,False
3229,TAGTCG,1.0,0.4475524475524475,1.0,0.4338235294117647,True,,,False,False,False
3230,TAGTCT,1.0,0.4305555555555556,1.0,0.4883720930232558,False,,,False,False,False
3231,TAGTGA,1.0,0.2787878787878788,1.0,0.5641025641025641,False,,,False,False,False
3232,TAGTGC,1.0,0.4636871508379888,1.0,0.5960264900662252,False,,,False,False,False
3233,TAGTGG,1.0,0.3421052631578947,1.0,0.4166666666666667,False,,,False,False,False
3234,TAGTGT,1.0,0.4594594594594595,1.0,0.64,False,,,False,False,False
3235,TAGTTA,1.0,0.6142857142857143,1.0,0.5828220858895705,False,,,False,False,False
3236,TAGTTC,1.0,0.4753086419753086,1.0,0.515527950310559,False,,,False,False,False
3237,TAGTTG,1.0,0.5612903225806452,1.0,0.4967320261437908,False,,,False,False,False
3238,TAGTTT,1.0,0.5575757575757576,1.0,0.547486033519553,False,,,False,False,False
3239,TATAAA,1.0,0.5625,1.0,0.4153846153846154,False,,,False,False,False
3240,TATAAC,1.0,0.5902777777777778,1.0,0.4418604651162791,False,,,False,False,False
3241,TATAAG,1.0,0.3925925925925926,1.0,0.5118110236220472,False,,,False,False,False
3242,TATAAT,1.0,0.5357142857142857,1.0,0.5572519083969466,False,,,False,False,False
3243,TATACA,1.0,0.4013157894736842,1.0,0.5079365079365079,False,,,False,False,False
3244,TATACC,1.0,0.4107142857142857,1.0,0.4636363636363636,False,,,False,False,False
3245,TATACG,1.0,0.4909090909090909,1.0,0.4360902255639097,True,,,False,False,False
3246,TATACT,1.0,0.4166666666666667,1.0,0.3055555555555556,False,,,False,False,False
3247,TATAGA,1.0,0.5681818181818182,1.0,0.4661016949152542,False,,,False,False,False
3248,TATAGC,1.0,0.4240506329113924,1.0,0.4154929577464789,False,,,False,False,False
3249,TATAGG,1.0,0.4647058823529412,1.0,0.488235294117647,False,,,False,False,False
3250,TATAGT,1.0,0.4176470588235294,1.0,0.6532258064516129,False,,,False,False,False
3251,TATATA,1.0,0.6956521739130435,1.0,0.4265734265734265,False,,,False,False,False
3252,TATATC,1.0,0.3669064748201439,1.0,0.3227848101265823,False,,,False,False,False
3253,TATATG,1.0,0.4057142857142857,1.0,0.5588235294117647,False,,,False,False,False
3254,TATATT,1.0,0.2865853658536585,1.0,0.5413533834586466,False,,,False,False,False
3255,TATCAA,1.0,0.4461538461538462,1.0,0.3870967741935484,False,,,False,False,False
3256,TATCAC,1.0,0.5384615384615384,1.0,0.6306306306306306,False,,,False,False,False
3257,TATCAG,1.0,0.4645161290322581,1.0,0.5939849624060151,False,,,False,False,False
3258,TATCAT,1.0,0.436241610738255,1.0,0.5566037735849056,False,,,False,False,False
3259,TATCCA,1.0,0.4166666666666667,1.0,0.578125,False,,,False,False,False
3260,TATCCC,1.0,0.3759398496240601,1.0,0.3555555555555555,False,,,False,False,False
3261,TATCCG,1.0,0.51875,1.0,0.6992481203007519,True,,,False,False,False
3262,TATCCT,1.0,0.5111111111111111,1.0,0.7333333333333333,False,,,False,False,False
3263,TATCGA,1.0,0.4518518518518518,1.0,0.5590551181102362,True,,,False,False,False
3264,TATCGC,1.0,0.3563218390804598,1.0,0.4869565217391304,True,,,False,False,False
3265,TATCGG,1.0,0.4186046511627907,1.0,0.413265306122449,True,,,False,False,False
3266,TATCGT,1.0,0.4411764705882353,1.0,0.38,True,,,False,False,False
3267,TATCTA,1.0,0.6089743589743589,1.0,0.4883720930232558,False,,,False,False,False
3268,TATCTC,1.0,0.4923076923076923,1.0,0.408,False,,,False,False,False
3269,TATCTG,1.0,0.5100671140939598,1.0,0.3398692810457516,False,,,False,False,False
3270,TATCTT,1.0,0.6423357664233577,1.0,0.5929203539823009,False,,,False,False,False
3271,TATGAA,1.0,0.5234375,1.0,0.5396825396825397,False,,,False,False,False
3272,TATGAC,1.0,0.5511811023622047,1.0,0.5288461538461539,False,,,False,False,False
3273,TATGAG,1.0,0.4893617021276595,1.0,0.4705882352941176,False,,,False,False,False
3274,TATGAT,1.0,0.425531914893617,1.0,0.4652777777777778,False,,,False,False,False
3275,TATGCA,1.0,0.48125,1.0,0.5886524822695035,False,,,False,False,False
3276,TATGCC,1.0,0.4720496894409938,1.0,0.5038759689922481,False,,,False,False,False
3277,TATGCG,1.0,0.5575757575757576,1.0,0.524822695035461,True,,,False,False,False
3278,TATGCT,1.0,0.4394904458598726,1.0,0.5407407407407407,False,,,False,False,False
3279,TATGGA,1.0,0.5197368421052632,1.0,0.5185185185185185,False,,,False,False,False
3280,TATGGC,1.0,0.4636871508379888,1.0,0.4563758389261745,False,,,False,False,False
3281,TATGGG,1.0,0.5027322404371585,1.0,0.4484848484848485,False,,,False,False,False
3282,TATGGT,1.0,0.4708994708994709,1.0,0.474025974025974,False,,,False,False,False
3283,TATGTA,1.0,0.3939393939393939,1.0,0.4144736842105263,False,,,False,False,False
3284,TATGTC,1.0,0.4651162790697674,1.0,0.3698630136986301,False,,,False,False,False
3285,TATGTG,1.0,0.4145077720207253,1.0,0.3952095808383233,False,,,False,False,False
3286,TATGTT,1.0,0.4655172413793103,1.0,0.327485380116959,False,,,False,False,False
3287,TATTAA,1.0,0.2321428571428571,1.0,0.3582089552238806,False,,,False,False,False
3288,TATTAC,1.0,0.4315068493150685,1.0,0.3728813559322034,False,,,False,False,False
3289,TATTAG,1.0,0.4662162162162162,1.0,0.4366197183098591,False,,,False,False,False
3290,TATTAT,1.0,0.6397058823529411,1.0,0.5933333333333334,False,,,False,False,False
3291,TATTCA,1.0,0.2598039215686274,1.0,0.5357142857142857,False,,,False,False,False
3292,TATTCC,1.0,0.3798449612403101,1.0,0.5306122448979592,False,,,False,False,False
3293,TATTCG,1.0,0.3619631901840491,1.0,0.4966442953020134,True,,,False,False,False
3294,TATTCT,1.0,0.4896551724137931,1.0,0.4964539007092198,False,,,False,False,False
3295,TATTGA,1.0,0.3834586466165413,1.0,0.4318181818181818,False,,,False,False,False
3296,TATTGC,1.0,0.3583815028901734,1.0,0.6984126984126984,False,,,False,False,False
3297,TATTGG,1.0,0.3646408839779005,1.0,0.4792899408284023,False,,,False,False,False
3298,TATTGT,1.0,0.5543478260869565,1.0,0.5838509316770186,False,,,False,False,False
3299,TATTTA,1.0,0.5033557046979866,1.0,0.5070422535211268,False,,,False,False,False
3300,TATTTC,1.0,0.3923076923076923,1.0,0.4568965517241379,False,,,False,False,False
3301,TATTTG,1.0,0.5325443786982249,1.0,0.4430379746835443,False,,,False,False,False
3302,TATTTT,1.0,0.3278688524590163,1.0,0.4135802469135802,False,,,False,False,False
3303,TCAAAA,1.0,0.3076923076923077,1.0,0.3057851239669421,False,,,False,False,False
3304,TCAAAC,1.0,0.4583333333333333,1.0,0.7,False,,,False,False,False
3305,TCAAAG,1.0,0.4236111111111111,1.0,0.3684210526315789,False,,,False,False,False
3306,TCAAAT,1.0,0.4625,1.0,0.5273972602739726,False,,,False,False,False
3307,TCAACA,1.0,0.4741379310344827,1.0,0.4521739130434782,False,,,False,False,False
3308,TCAACC,1.0,0.5285714285714286,1.0,0.495575221238938,False,,,False,False,False
3309,TCAACG,1.0,0.4375,1.0,0.6030534351145038,True,,,False,False,False
3310,TCAACT,1.0,0.4465408805031446,1.0,0.6173913043478261,False,,,False,False,False
3311,TCAAGA,1.0,0.4892086330935252,1.0,0.4671052631578947,False,,,False,False,False
3312,TCAAGC,1.0,0.3043478260869565,1.0,0.4496124031007752,False,,,False,False,False
3313,TCAAGG,1.0,0.515527950310559,1.0,0.3818181818181818,False,,,False,False,False
3314,TCAAGT,1.0,0.2890173410404624,1.0,0.4726027397260274,False,,,False,False,False
3315,TCAATA,1.0,0.3987341772151899,1.0,0.6428571428571429,False,,,False,False,False
3316,TCAATC,1.0,0.3863636363636363,1.0,0.546875,False,,,False,False,False
3317,TCAATG,1.0,0.4567901234567901,1.0,0.4227642276422764,False,,,False,False,False
3318,TCAATT,1.0,0.4411764705882353,1.0,0.4100719424460431,False,,,False,False,False
3319,TCACAA,1.0,0.5357142857142857,1.0,0.6576576576576577,False,,,False,False,False
3320,TCACAC,1.0,0.5396825396825397,1.0,0.5739130434782609,False,,,False,False,False
3321,TCACAG,1.0,0.487012987012987,1.0,0.5488721804511278,False,,,False,False,False
3322,TCACAT,1.0,0.3658536585365853,1.0,0.4135338345864661,False,,,False,False,False
3323,TCACCA,1.0,0.5693430656934306,1.0,0.512,False,,,False,False,False
3324,TCACCC,1.0,0.3511450381679389,1.0,0.5166666666666667,False,,,False,False,False
3325,TCACCG,1.0,0.4782608695652174,1.0,0.4153846153846154,True,,,False,False,False
3326,TCACCT,1.0,0.4538461538461538,1.0,0.4482758620689655,False,,,False,False,False
3327,TCACGA,1.0,0.4427480916030534,1.0,0.5625,True,,,False,False,False
3328,TCACGC,1.0,0.4239130434782608,1.0,0.5673758865248227,True,,,False,False,False
3329,TCACGG,1.0,0.5707317073170731,1.0,0.5735294117647058,True,,,False,False,False
3330,TCACGT,1.0,0.5088757396449705,1.0,0.5774647887323944,True,,,False,False,False
3331,TCACTA,1.0,0.213235294117647,1.0,0.4532374100719424,False,,,False,False,False
3332,TCACTC,1.0,0.3522012578616352,1.0,0.59375,False,,,False,False,False
3333,TCACTG,1.0,0.4127906976744186,1.0,0.460431654676259,False,,,False,False,False
3334,TCACTT,1.0,0.4274809160305343,1.0,0.4881889763779528,False,,,False,False,False
3335,TCAGAA,1.0,0.5408805031446541,1.0,0.5343511450381679,False,,,False,False,False
3336,TCAGAC,1.0,0.410958904109589,1.0,0.4402985074626865,False,,,False,False,False
3337,TCAGAG,1.0,0.4817518248175182,1.0,0.6694214876033058,False,,,False,False,False
3338,TCAGAT,1.0,0.4895104895104895,1.0,0.4351145038167939,False,,,False,False,False
3339,TCAGCA,1.0,0.3333333333333333,1.0,0.281437125748503,False,,,False,False,False
3340,TCAGCC,1.0,0.4827586206896552,1.0,0.6691729323308271,False,,,False,False,False
3341,TCAGCG,1.0,0.5027932960893855,1.0,0.6036585365853658,True,,,False,False,False
3342,TCAGCT,1.0,0.4415584415584415,1.0,0.5118110236220472,False,,,False,False,False
3343,TCAGGA,1.0,0.515527950310559,1.0,0.6388888888888888,False,,,False,False,False
3344,TCAGGC,1.0,0.4057142857142857,1.0,0.6706586826347305,False,,,False,False,False
3345,TCAGGG,1.0,0.4705882352941176,1.0,0.5902777777777778,False,,,False,False,False
3346,TCAGGT,1.0,0.331578947368421,1.0,0.4466666666666666,False,,,False,False,False
3347,TCAGTA,1.0,0.3455497382198952,1.0,0.5703703703703704,False,,,False,False,False
3348,TCAGTC,1.0,0.3869346733668342,1.0,0.5263157894736842,False,,,False,False,False
3349,TCAGTG,1.0,0.4597701149425287,1.0,0.5804195804195804,False,,,False,False,False
3350,TCAGTT,1.0,0.3850574712643678,1.0,0.4031007751937984,False,,,False,False,False
3351,TCATAA,1.0,0.4496644295302013,1.0,0.4565217391304347,False,,,False,False,False
3352,TCATAC,1.0,0.4013605442176871,1.0,0.504424778761062,False,,,False,False,False
3353,TCATAG,1.0,0.4761904761904761,1.0,0.4305555555555556,False,,,False,False,False
3354,TCATAT,1.0,0.440251572327044,1.0,0.4676258992805755,False,,,False,False,False
3355,TCATCA,1.0,0.4551282051282051,1.0,0.4833333333333333,False,,,False,False,False
3356,TCATCC,1.0,0.4242424242424242,1.0,0.5955882352941176,False,,,False,False,False
3357,TCATCG,1.0,0.4630872483221476,1.0,0.5808383233532934,True,,,False,False,False
3358,TCATCT,1.0,0.7467532467532467,1.0,0.6291390728476821,False,0.0162898803625971,,True,True,True
3359,TCATGA,1.0,0.5390625,1.0,0.3712121212121212,False,,,False,False,False
3360,TCATGC,1.0,0.5789473684210527,1.0,0.7168141592920354,False,,,False,False,False
3361,TCATGG,1.0,0.4462365591397849,1.0,0.5029940119760479,False,,,False,False,False
3362,TCATGT,1.0,0.4625,1.0,0.5620915032679739,False,,,False,False,False
3363,TCATTA,1.0,0.5725190839694656,1.0,0.4473684210526316,False,,,False,False,False
3364,TCATTC,1.0,0.4635761589403973,1.0,0.4240506329113924,False,,,False,False,False
3365,TCATTG,1.0,0.6352201257861635,1.0,0.5510204081632653,False,,,False,False,False
3366,TCATTT,1.0,0.55,1.0,0.3511450381679389,False,,,False,False,False
3367,TCCAAA,1.0,0.5221238938053098,1.0,0.5392156862745098,False,,,False,False,False
3368,TCCAAC,1.0,0.4957264957264957,1.0,0.5126050420168067,False,,,False,False,False
3369,TCCAAG,1.0,0.48125,1.0,0.4671532846715328,False,,,False,False,False
3370,TCCAAT,1.0,0.445859872611465,1.0,0.6124031007751938,False,,,False,False,False
3371,TCCACA,1.0,0.5371900826446281,1.0,0.9693877551020408,False,,0.0029627936182533,True,False,False
3372,TCCACC,1.0,0.4014084507042254,1.0,0.7764705882352941,False,,,False,False,False
3373,TCCACG,1.0,0.5251798561151079,1.0,0.4137931034482758,True,,,False,False,False
3374,TCCACT,1.0,0.5467625899280576,1.0,0.3888888888888889,False,,,False,False,False
3375,TCCAGA,1.0,0.5748031496062992,1.0,0.6086956521739131,False,,,False,False,False
3376,TCCAGC,1.0,0.723404255319149,1.0,0.8859649122807017,False,0.0441359782549465,0.010907129587285,True,False,False
3377,TCCAGG,1.0,0.3243243243243243,1.0,0.4285714285714285,False,,,False,False,False
3378,TCCAGT,1.0,0.3058823529411765,1.0,0.5602836879432624,False,,,False,False,False
3379,TCCATA,1.0,0.5193798449612403,1.0,0.7168141592920354,False,,,False,False,False
3380,TCCATC,1.0,0.6165413533834586,1.0,0.4166666666666667,False,,,False,False,False
3381,TCCATG,1.0,0.430379746835443,1.0,0.4383561643835616,False,,,False,False,False
3382,TCCATT,1.0,0.4444444444444444,1.0,0.5298507462686567,False,,,False,False,False
3383,TCCCAA,1.0,0.3225806451612903,1.0,0.4158415841584158,False,,,False,False,False
3384,TCCCAC,1.0,0.5078125,1.0,0.6021505376344086,False,,,False,False,False
3385,TCCCAG,1.0,0.4146341463414634,1.0,0.3087248322147651,False,,,False,False,False
3386,TCCCAT,1.0,0.3561643835616438,1.0,0.375,False,,,False,False,False
3387,TCCCCA,1.0,0.392156862745098,1.0,0.3684210526315789,False,,,False,False,False
3388,TCCCCC,1.0,0.3831775700934579,1.0,0.7073170731707317,False,,,False,False,False
3389,TCCCCG,1.0,0.5080645161290323,1.0,0.64,True,,,False,False,False
3390,TCCCCT,1.0,0.4873949579831932,1.0,0.6601941747572816,False,,,False,False,False
3391,TCCCGA,1.0,0.5806451612903226,1.0,0.4672897196261682,True,,,False,False,False
3392,TCCCGC,1.0,0.5159235668789809,1.0,0.3741007194244604,True,,,False,False,False
3393,TCCCGG,1.0,0.416243654822335,1.0,0.4463276836158192,True,,,False,False,False
3394,TCCCGT,1.0,0.4753086419753086,1.0,0.4545454545454545,True,,,False,False,False
3395,TCCCTA,1.0,0.5849056603773585,1.0,0.6407766990291263,False,,,False,False,False
3396,TCCCTC,1.0,0.2991452991452991,1.0,0.5384615384615384,False,,,False,False,False
3397,TCCCTG,1.0,0.6344827586206897,1.0,0.5,False,,,False,False,False
3398,TCCCTT,1.0,0.4926470588235294,1.0,0.5154639175257731,False,,,False,False,False
3399,TCCGAA,1.0,0.3473684210526316,1.0,0.4791666666666667,True,,,False,False,False
3400,TCCGAC,1.0,0.5076923076923077,1.0,0.7064220183486238,True,,,False,False,False
3401,TCCGAG,1.0,0.4424242424242424,1.0,0.5245901639344263,True,,,False,False,False
3402,TCCGAT,1.0,0.5467625899280576,1.0,0.6466165413533834,True,,,False,False,False
3403,TCCGCA,1.0,0.5197368421052632,1.0,0.5310344827586206,True,,,False,False,False
3404,TCCGCC,1.0,0.427536231884058,1.0,0.5116279069767442,True,,,False,False,False
3405,TCCGCG,1.0,0.5054347826086957,1.0,1.0588235294117647,True,,9.682850407106462e-06,True,False,False
3406,TCCGCT,1.0,0.375796178343949,1.0,0.5369127516778524,True,,,False,False,False
3407,TCCGGA,1.0,0.4406779661016949,1.0,0.610062893081761,True,,,False,False,False
3408,TCCGGC,1.0,0.3870967741935484,1.0,0.5833333333333334,True,,,False,False,False
3409,TCCGGG,1.0,0.392156862745098,1.0,0.5396825396825397,True,,,False,False,False
3410,TCCGGT,1.0,0.3821989528795811,1.0,0.543859649122807,True,,,False,False,False
3411,TCCGTA,1.0,0.5547945205479452,1.0,0.4713375796178344,True,,,False,False,False
3412,TCCGTC,1.0,0.5384615384615384,1.0,0.4968152866242038,True,,,False,False,False
3413,TCCGTG,1.0,0.4583333333333333,1.0,0.6503067484662577,True,,,False,False,False
3414,TCCGTT,1.0,0.6,1.0,0.4615384615384615,True,,,False,False,False
3415,TCCTAA,1.0,0.3358778625954198,1.0,0.5217391304347826,False,,,False,False,False
3416,TCCTAC,1.0,0.3587786259541984,1.0,0.4095238095238095,False,,,False,False,False
3417,TCCTAG,1.0,0.5785123966942148,1.0,0.7272727272727273,False,,,False,False,False
3418,TCCTAT,1.0,0.5891472868217055,1.0,0.73,False,,,False,False,False
3419,TCCTCA,1.0,0.4074074074074074,1.0,0.4913793103448275,False,,,False,False,False
3420,TCCTCC,1.0,0.3445945945945945,1.0,0.4491525423728814,False,,,False,False,False
3421,TCCTCG,1.0,0.4071856287425149,1.0,0.3821138211382114,True,,,False,False,False
3422,TCCTCT,1.0,0.3937007874015748,1.0,0.4214876033057851,False,,,False,False,False
3423,TCCTGA,1.0,0.45,1.0,0.4253731343283582,False,,,False,False,False
3424,TCCTGC,1.0,0.4615384615384615,1.0,0.4569536423841059,False,,,False,False,False
3425,TCCTGG,1.0,0.4945054945054945,1.0,0.3846153846153846,False,,,False,False,False
3426,TCCTGT,1.0,0.5033557046979866,1.0,0.7863247863247863,False,,,False,False,False
3427,TCCTTA,1.0,0.4191176470588235,1.0,0.4056603773584906,False,,,False,False,False
3428,TCCTTC,1.0,0.4538461538461538,1.0,0.5193798449612403,False,,,False,False,False
3429,TCCTTG,1.0,0.4764705882352941,1.0,0.6991869918699187,False,,,False,False,False
3430,TCCTTT,1.0,0.4313725490196078,1.0,0.4365079365079365,False,,,False,False,False
3431,TCGAAC,1.0,0.6941176470588235,1.0,0.4757281553398058,True,,,False,False,False
3432,TCGAAG,1.0,0.3790322580645161,1.0,0.4148936170212766,True,,,False,False,False
3433,TCGAAT,1.0,0.4948453608247423,1.0,0.7216494845360825,True,,,False,False,False
3434,TCGACA,1.0,0.3375796178343949,1.0,0.4172661870503597,True,,,False,False,False
3435,TCGACC,1.0,0.421875,1.0,0.4859813084112149,True,,,False,False,False
3436,TCGACG,1.0,0.4409448818897638,1.0,0.6285714285714286,True,,,False,False,False
3437,TCGACT,1.0,0.4925373134328358,1.0,0.4504504504504504,True,,,False,False,False
3438,TCGAGA,1.0,0.3684210526315789,1.0,0.5084745762711864,True,,,False,False,False
3439,TCGAGC,1.0,0.5352112676056338,1.0,0.4435483870967742,True,,,False,False,False
3440,TCGAGG,1.0,0.5849056603773585,1.0,0.4615384615384615,True,,,False,False,False
3441,TCGAGT,1.0,0.3757575757575757,1.0,0.2877697841726618,True,,,False,False,False
3442,TCGATA,1.0,0.4344262295081967,1.0,0.4766355140186916,True,,,False,False,False
3443,TCGATC,1.0,0.4885496183206106,1.0,0.312,True,,,False,False,False
3444,TCGATG,1.0,0.4025974025974026,1.0,0.4148148148148148,True,,,False,False,False
3445,TCGATT,1.0,0.4,1.0,0.5737704918032787,True,,,False,False,False
3446,TCGCAA,1.0,0.4097222222222222,1.0,0.5378151260504201,True,,,False,False,False
3447,TCGCAC,1.0,0.6141732283464567,1.0,0.6747967479674797,True,,,False,False,False
3448,TCGCAG,1.0,0.4825174825174825,1.0,0.4217687074829932,True,,,False,False,False
3449,TCGCAT,1.0,0.377906976744186,1.0,0.3971631205673759,True,,,False,False,False
3450,TCGCCA,1.0,0.54,1.0,0.539568345323741,True,,,False,False,False
3451,TCGCCC,1.0,0.3959731543624161,1.0,0.5431034482758621,True,,,False,False,False
3452,TCGCCG,1.0,0.4746835443037974,1.0,0.6470588235294118,True,,,False,False,False
3453,TCGCCT,1.0,0.4253731343283582,1.0,0.484375,True,,,False,False,False
3454,TCGCGA,1.0,0.3953488372093023,1.0,0.4341085271317829,True,,,False,False,False
3455,TCGCGC,1.0,0.5030674846625767,1.0,0.5467625899280576,True,,,False,False,False
3456,TCGCGG,1.0,0.3505154639175257,1.0,0.5390070921985816,True,,,False,False,False
3457,TCGCGT,1.0,0.4150943396226415,1.0,0.3571428571428571,True,,,False,False,False
3458,TCGCTA,1.0,0.7894736842105263,1.0,0.6854838709677419,True,0.0197267066666681,,True,True,True
3459,TCGCTC,1.0,0.5279503105590062,1.0,0.5238095238095238,True,,,False,False,False
3460,TCGCTG,1.0,0.3653846153846153,1.0,0.5099337748344371,True,,,False,False,False
3461,TCGCTT,1.0,0.4802631578947368,1.0,0.3006535947712418,True,,,False,False,False
3462,TCGGAA,1.0,0.5578231292517006,1.0,0.525,True,,,False,False,False
3463,TCGGAC,1.0,0.4418604651162791,1.0,0.6455696202531646,True,,,False,False,False
3464,TCGGAG,1.0,0.315,1.0,0.4726027397260274,True,,,False,False,False
3465,TCGGAT,1.0,0.4285714285714285,1.0,0.4102564102564102,True,,,False,False,False
3466,TCGGCA,1.0,0.5128205128205128,1.0,0.4339622641509434,True,,,False,False,False
3467,TCGGCC,1.0,0.4508670520231214,1.0,0.5,True,,,False,False,False
3468,TCGGCG,1.0,0.3798882681564245,1.0,0.4556962025316455,True,,,False,False,False
3469,TCGGCT,1.0,0.4820143884892086,1.0,0.5774647887323944,True,,,False,False,False
3470,TCGGGA,1.0,0.3987730061349693,1.0,0.4146341463414634,True,,,False,False,False
3471,TCGGGC,1.0,0.4292682926829268,1.0,0.6282051282051282,True,,,False,False,False
3472,TCGGGG,1.0,0.453551912568306,1.0,0.5898876404494382,True,,,False,False,False
3473,TCGGGT,1.0,0.5164835164835165,1.0,0.6497175141242938,True,,,False,False,False
3474,TCGGTA,1.0,0.5064102564102564,1.0,0.4050632911392405,True,,,False,False,False
3475,TCGGTC,1.0,0.4972972972972973,1.0,0.4777777777777778,True,,,False,False,False
3476,TCGGTG,1.0,0.6348314606741573,1.0,0.5133689839572193,True,,,False,False,False
3477,TCGGTT,1.0,0.3791208791208791,1.0,0.4375,True,,,False,False,False
3478,TCGTAA,1.0,0.6557377049180327,1.0,0.5254237288135594,True,,,False,False,False
3479,TCGTAC,1.0,0.4822695035460992,1.0,0.3835616438356164,True,,,False,False,False
3480,TCGTAG,1.0,0.5144927536231884,1.0,0.75,True,,,False,False,False
3481,TCGTAT,1.0,0.5112781954887218,1.0,0.4532374100719424,True,,,False,False,False
3482,TCGTCA,1.0,0.5517241379310345,1.0,0.5441176470588235,True,,,False,False,False
3483,TCGTCC,1.0,0.3856209150326797,1.0,0.4852941176470588,True,,,False,False,False
3484,TCGTCG,1.0,0.8507462686567164,1.0,0.6299212598425197,True,0.0008276672365764,,True,True,True
3485,TCGTCT,1.0,0.4181818181818181,1.0,0.4820143884892086,True,,,False,False,False
3486,TCGTGA,1.0,0.4492753623188406,1.0,0.3333333333333333,True,,,False,False,False
3487,TCGTGC,1.0,0.4131736526946107,1.0,0.3313953488372093,True,,,False,False,False
3488,TCGTGG,1.0,0.4588235294117647,1.0,0.7278911564625851,True,,,False,False,False
3489,TCGTGT,1.0,0.4155844155844156,1.0,0.4723926380368098,True,,,False,False,False
3490,TCGTTA,1.0,0.4777070063694267,1.0,0.4788732394366197,True,,,False,False,False
3491,TCGTTC,1.0,0.5748502994011976,1.0,0.4052287581699346,True,,,False,False,False
3492,TCGTTG,1.0,0.4739884393063583,1.0,0.4113475177304964,True,,,False,False,False
3493,TCTAAA,1.0,0.4503816793893129,1.0,0.4285714285714285,False,,,False,False,False
3494,TCTAAC,1.0,0.4338235294117647,1.0,0.5818181818181818,False,,,False,False,False
3495,TCTAAG,1.0,0.437037037037037,1.0,0.3461538461538461,False,,,False,False,False
3496,TCTAAT,1.0,0.4295774647887324,1.0,0.576,False,,,False,False,False
3497,TCTACA,1.0,0.358974358974359,1.0,0.6601941747572816,False,,,False,False,False
3498,TCTACC,1.0,0.3628318584070796,1.0,0.44,False,,,False,False,False
3499,TCTACG,1.0,0.6859504132231405,1.0,0.4666666666666667,True,,,False,False,False
3500,TCTACT,1.0,0.424,1.0,0.5363636363636364,False,,,False,False,False
3501,TCTAGA,1.0,0.5576923076923077,1.0,0.6782608695652174,False,,,False,False,False
3502,TCTAGC,1.0,1.0837988826815643,1.0,1.578512396694215,False,1.1330848602778738e-12,8.169954376253087e-19,True,True,True
3503,TCTAGG,1.0,0.3631578947368421,1.0,0.6211180124223602,False,,,False,False,False
3504,TCTAGT,1.0,0.4411764705882353,1.0,0.5815602836879432,False,,,False,False,False
3505,TCTATA,1.0,0.238095238095238,1.0,0.5634920634920635,False,,,False,False,False
3506,TCTATC,1.0,0.3825503355704698,1.0,0.4411764705882353,False,,,False,False,False
3507,TCTATG,1.0,0.3801169590643274,1.0,0.556390977443609,False,,,False,False,False
3508,TCTATT,1.0,0.4258064516129032,1.0,0.5655172413793104,False,,,False,False,False
3509,TCTCAA,1.0,0.492063492063492,1.0,0.4615384615384615,False,,,False,False,False
3510,TCTCAC,1.0,0.4590163934426229,1.0,0.6355140186915887,False,,,False,False,False
3511,TCTCAG,1.0,0.475177304964539,1.0,0.5151515151515151,False,,,False,False,False
3512,TCTCAT,1.0,0.6825396825396826,1.0,0.3225806451612903,False,,,False,False,False
3513,TCTCCA,1.0,0.4705882352941176,1.0,0.6363636363636364,False,,,False,False,False
3514,TCTCCC,1.0,0.3951612903225806,1.0,0.5420560747663551,False,,,False,False,False
3515,TCTCCG,1.0,0.5208333333333334,1.0,0.7863247863247863,True,,,False,False,False
3516,TCTCCT,1.0,0.3740458015267175,1.0,0.415929203539823,False,,,False,False,False
3517,TCTCGA,1.0,0.4896551724137931,1.0,0.4369747899159664,True,,,False,False,False
3518,TCTCGC,1.0,0.678082191780822,1.0,0.6642335766423357,True,,,False,False,False
3519,TCTCGG,1.0,0.4522292993630573,1.0,0.4590163934426229,True,,,False,False,False
3520,TCTCGT,1.0,0.425,1.0,0.5827338129496403,True,,,False,False,False
3521,TCTCTA,1.0,0.3669064748201439,1.0,0.6153846153846154,False,,,False,False,False
3522,TCTCTC,1.0,0.5528455284552846,1.0,0.5542168674698795,False,,,False,False,False
3523,TCTCTG,1.0,0.4181818181818181,1.0,0.4210526315789473,False,,,False,False,False
3524,TCTCTT,1.0,0.3571428571428571,1.0,0.4421768707482993,False,,,False,False,False
3525,TCTGAA,1.0,0.4666666666666667,1.0,0.4090909090909091,False,,,False,False,False
3526,TCTGAC,1.0,0.5447154471544715,1.0,0.5203252032520326,False,,,False,False,False
3527,TCTGAG,1.0,0.5870967741935483,1.0,0.3785714285714285,False,,,False,False,False
3528,TCTGAT,1.0,0.4313725490196078,1.0,0.5390625,False,,,False,False,False
3529,TCTGCA,1.0,0.3915662650602409,1.0,0.3703703703703703,False,,,False,False,False
3530,TCTGCC,1.0,0.4696969696969697,1.0,0.4,False,,,False,False,False
3531,TCTGCG,1.0,0.423728813559322,1.0,0.5111111111111111,True,,,False,False,False
3532,TCTGCT,1.0,0.4036144578313253,1.0,0.4666666666666667,False,,,False,False,False
3533,TCTGGA,1.0,0.5909090909090909,1.0,0.4621212121212121,False,,,False,False,False
3534,TCTGGC,1.0,0.5240963855421686,1.0,0.5121951219512195,False,,,False,False,False
3535,TCTGGG,1.0,0.3076923076923077,1.0,0.4230769230769231,False,,,False,False,False
3536,TCTGGT,1.0,0.4770114942528735,1.0,0.436241610738255,False,,,False,False,False
3537,TCTGTA,1.0,0.3712574850299401,1.0,0.3868613138686131,False,,,False,False,False
3538,TCTGTC,1.0,0.3163265306122449,1.0,0.4765100671140939,False,,,False,False,False
3539,TCTGTG,1.0,0.5287356321839081,1.0,0.519774011299435,False,,,False,False,False
3540,TCTGTT,1.0,0.5342465753424658,1.0,0.4850299401197604,False,,,False,False,False
3541,TCTTAA,1.0,0.4316546762589928,1.0,0.4344262295081967,False,,,False,False,False
3542,TCTTAC,1.0,0.4402985074626865,1.0,0.5092592592592593,False,,,False,False,False
3543,TCTTAG,1.0,0.5510204081632653,1.0,0.4121621621621621,False,,,False,False,False
3544,TCTTAT,1.0,0.3734177215189873,1.0,0.4503311258278146,False,,,False,False,False
3545,TCTTCA,1.0,0.5314685314685315,1.0,0.6166666666666667,False,,,False,False,False
3546,TCTTCC,1.0,0.6259541984732825,1.0,0.7735849056603774,False,,,False,False,False
3547,TCTTCG,1.0,0.3841463414634146,1.0,0.5555555555555556,True,,,False,False,False
3548,TCTTCT,1.0,0.5615384615384615,1.0,0.4824561403508772,False,,,False,False,False
3549,TCTTGA,1.0,0.3098591549295774,1.0,0.4822695035460992,False,,,False,False,False
3550,TCTTGC,1.0,0.4594594594594595,1.0,0.5,False,,,False,False,False
3551,TCTTGG,1.0,0.423728813559322,1.0,0.75,False,,,False,False,False
3552,TCTTGT,1.0,0.435754189944134,1.0,0.3950617283950617,False,,,False,False,False
3553,TCTTTA,1.0,0.4585987261146497,1.0,0.5581395348837209,False,,,False,False,False
3554,TCTTTC,1.0,0.5648148148148148,1.0,0.4333333333333333,False,,,False,False,False
3555,TCTTTG,1.0,0.4662921348314606,1.0,0.5157232704402516,False,,,False,False,False
3556,TCTTTT,1.0,0.535031847133758,1.0,0.5072463768115942,False,,,False,False,False
3557,TGAAAA,1.0,0.3027522935779816,1.0,0.6236559139784946,False,,,False,False,False
3558,TGAAAC,1.0,0.6704545454545454,1.0,0.3023255813953488,False,,,False,False,False
3559,TGAAAG,1.0,0.506578947368421,1.0,0.5034013605442177,False,,,False,False,False
3560,TGAAAT,1.0,0.5176470588235295,1.0,0.4545454545454545,False,,,False,False,False
3561,TGAACA,1.0,0.34375,1.0,0.4645669291338583,False,,,False,False,False
3562,TGAACC,1.0,0.4586466165413533,1.0,0.5046728971962616,False,,,False,False,False
3563,TGAACG,1.0,0.4571428571428571,1.0,0.4715447154471545,True,,,False,False,False
3564,TGAACT,1.0,0.408,1.0,0.6372549019607843,False,,,False,False,False
3565,TGAAGA,1.0,0.3245614035087719,1.0,0.3931623931623931,False,,,False,False,False
3566,TGAAGC,1.0,0.4275862068965517,1.0,0.5648854961832062,False,,,False,False,False
3567,TGAAGG,1.0,0.5161290322580645,1.0,0.4758620689655172,False,,,False,False,False
3568,TGAAGT,1.0,0.3742331288343558,1.0,0.5671641791044776,False,,,False,False,False
3569,TGAATA,1.0,0.5,1.0,0.5882352941176471,False,,,False,False,False
3570,TGAATC,1.0,0.6347826086956522,1.0,0.5175438596491229,False,,,False,False,False
3571,TGAATG,1.0,0.3503649635036496,1.0,0.5251798561151079,False,,,False,False,False
3572,TGAATT,1.0,0.375796178343949,1.0,0.4520547945205479,False,,,False,False,False
3573,TGACAA,1.0,0.5338983050847458,1.0,0.3728813559322034,False,,,False,False,False
3574,TGACAC,1.0,0.3986486486486486,1.0,0.5648148148148148,False,,,False,False,False
3575,TGACAG,1.0,0.2972972972972973,1.0,0.4285714285714285,False,,,False,False,False
3576,TGACAT,1.0,0.5037593984962406,1.0,0.5,False,,,False,False,False
3577,TGACCA,1.0,0.4855072463768116,1.0,0.7142857142857143,False,,,False,False,False
3578,TGACCC,1.0,0.52,1.0,0.5494505494505495,False,,,False,False,False
3579,TGACCG,1.0,0.375,1.0,0.609375,True,,,False,False,False
3580,TGACCT,1.0,0.5714285714285714,1.0,0.5259259259259259,False,,,False,False,False
3581,TGACGA,1.0,0.5523809523809524,1.0,0.5038167938931297,True,,,False,False,False
3582,TGACGC,1.0,0.4666666666666667,1.0,0.417391304347826,True,,,False,False,False
3583,TGACGG,1.0,0.40625,1.0,0.5316455696202531,True,,,False,False,False
3584,TGACGT,1.0,0.3953488372093023,1.0,0.4108527131782946,True,,,False,False,False
3585,TGACTA,1.0,0.5454545454545454,1.0,0.7019230769230769,False,,,False,False,False
3586,TGACTC,1.0,0.4413793103448276,1.0,0.5590551181102362,False,,,False,False,False
3587,TGACTG,1.0,0.3975155279503105,1.0,0.4066666666666667,False,,,False,False,False
3588,TGACTT,1.0,0.366412213740458,1.0,0.2928571428571428,False,,,False,False,False
3589,TGAGAA,1.0,0.5333333333333333,1.0,0.3846153846153846,False,,,False,False,False
3590,TGAGAC,1.0,0.2666666666666666,1.0,0.4869565217391304,False,,,False,False,False
3591,TGAGAG,1.0,0.3774834437086092,1.0,0.3385826771653543,False,,,False,False,False
3592,TGAGAT,1.0,0.5135135135135135,1.0,0.4571428571428571,False,,,False,False,False
3593,TGAGCA,1.0,0.352,1.0,0.5384615384615384,False,,,False,False,False
3594,TGAGCC,1.0,0.5266666666666666,1.0,0.4814814814814814,False,,,False,False,False
3595,TGAGCG,1.0,0.4788732394366197,1.0,0.6129032258064516,True,,,False,False,False
3596,TGAGCT,1.0,0.4183006535947712,1.0,0.3525641025641026,False,,,False,False,False
3597,TGAGGA,1.0,0.5547945205479452,1.0,0.3493150684931507,False,,,False,False,False
3598,TGAGGC,1.0,0.4333333333333333,1.0,0.64375,False,,,False,False,False
3599,TGAGGG,1.0,0.527027027027027,1.0,0.4632768361581921,False,,,False,False,False
3600,TGAGGT,1.0,0.4142011834319526,1.0,0.6618705035971223,False,,,False,False,False
3601,TGAGTA,1.0,0.437037037037037,1.0,0.5963302752293578,False,,,False,False,False
3602,TGAGTC,1.0,0.5290697674418605,1.0,0.6557377049180327,False,,,False,False,False
3603,TGAGTG,1.0,0.4601226993865031,1.0,0.4150943396226415,False,,,False,False,False
3604,TGAGTT,1.0,0.4,1.0,0.4113924050632911,False,,,False,False,False
3605,TGATAA,1.0,0.4379084967320261,1.0,0.5233644859813084,False,,,False,False,False
3606,TGATAC,1.0,0.580952380952381,1.0,0.3826086956521739,False,,,False,False,False
3607,TGATAG,1.0,0.3664596273291925,1.0,0.3857142857142857,False,,,False,False,False
3608,TGATAT,1.0,0.3181818181818182,1.0,0.3712121212121212,False,,,False,False,False
3609,TGATCA,1.0,0.4791666666666667,1.0,0.3779527559055118,False,,,False,False,False
3610,TGATCC,1.0,0.4964028776978417,1.0,0.6982758620689655,False,,,False,False,False
3611,TGATCG,1.0,0.544,1.0,0.52,True,,,False,False,False
3612,TGATCT,1.0,0.2727272727272727,1.0,0.6952380952380952,False,,,False,False,False
3613,TGATGA,1.0,0.3783783783783784,1.0,0.48,False,,,False,False,False
3614,TGATGC,1.0,0.5405405405405406,1.0,0.717741935483871,False,,,False,False,False
3615,TGATGG,1.0,0.3720930232558139,1.0,0.419753086419753,False,,,False,False,False
3616,TGATGT,1.0,0.5797101449275363,1.0,0.4149659863945578,False,,,False,False,False
3617,TGATTA,1.0,0.4557823129251701,1.0,0.6134453781512605,False,,,False,False,False
3618,TGATTC,1.0,0.3935483870967742,1.0,0.4244604316546763,False,,,False,False,False
3619,TGATTG,1.0,0.4768211920529801,1.0,0.5517241379310345,False,,,False,False,False
3620,TGATTT,1.0,0.3642384105960264,1.0,0.6482758620689655,False,,,False,False,False
3621,TGCAAA,1.0,0.4335664335664335,1.0,0.6115702479338843,False,,,False,False,False
3622,TGCAAC,1.0,0.4296296296296296,1.0,0.4525547445255474,False,,,False,False,False
3623,TGCAAG,1.0,0.4970414201183432,1.0,0.53125,False,,,False,False,False
3624,TGCAAT,1.0,0.3081395348837209,1.0,0.6194690265486725,False,,,False,False,False
3625,TGCACA,1.0,0.5352112676056338,1.0,0.64,False,,,False,False,False
3626,TGCACC,1.0,0.5912408759124088,1.0,0.64,False,,,False,False,False
3627,TGCACG,1.0,0.4832214765100671,1.0,0.4117647058823529,True,,,False,False,False
3628,TGCACT,1.0,0.4388489208633093,1.0,0.4366197183098591,False,,,False,False,False
3629,TGCAGA,1.0,0.4822695035460992,1.0,0.4961240310077519,False,,,False,False,False
3630,TGCAGC,1.0,0.6275862068965518,1.0,0.4533333333333333,False,,,False,False,False
3631,TGCAGG,1.0,0.4545454545454545,1.0,0.6190476190476191,False,,,False,False,False
3632,TGCAGT,1.0,0.5159235668789809,1.0,0.4465408805031446,False,,,False,False,False
3633,TGCATA,1.0,0.475,1.0,0.6940298507462687,False,,,False,False,False
3634,TGCATC,1.0,0.5414012738853503,1.0,0.5608108108108109,False,,,False,False,False
3635,TGCATG,1.0,0.5352941176470588,1.0,0.6879432624113475,False,,,False,False,False
3636,TGCATT,1.0,0.2864864864864865,1.0,0.3625,False,,,False,False,False
3637,TGCCAA,1.0,0.52,1.0,0.45,False,,,False,False,False
3638,TGCCAC,1.0,0.3918918918918919,1.0,0.5714285714285714,False,,,False,False,False
3639,TGCCAG,1.0,0.4155844155844156,1.0,0.448051948051948,False,,,False,False,False
3640,TGCCAT,1.0,0.345679012345679,1.0,0.5639097744360902,False,,,False,False,False
3641,TGCCCA,1.0,0.4509803921568627,1.0,0.6346153846153846,False,,,False,False,False
3642,TGCCCC,1.0,0.5,1.0,0.5416666666666666,False,,,False,False,False
3643,TGCCCG,1.0,0.4378698224852071,1.0,0.4384615384615384,True,,,False,False,False
3644,TGCCCT,1.0,0.3701298701298701,1.0,0.5846153846153846,False,,,False,False,False
3645,TGCCGA,1.0,0.3125,1.0,0.5757575757575758,True,,,False,False,False
3646,TGCCGC,1.0,0.6197183098591549,1.0,0.4924242424242424,True,,,False,False,False
3647,TGCCGG,1.0,0.450261780104712,1.0,0.4444444444444444,True,,,False,False,False
3648,TGCCGT,1.0,0.4933333333333333,1.0,0.5454545454545454,True,,,False,False,False
3649,TGCCTA,1.0,0.4310344827586206,1.0,0.5042016806722689,False,,,False,False,False
3650,TGCCTC,1.0,0.3939393939393939,1.0,0.4508196721311475,False,,,False,False,False
3651,TGCCTG,1.0,0.4904458598726114,1.0,0.4388489208633093,False,,,False,False,False
3652,TGCCTT,1.0,0.5668789808917197,1.0,0.503448275862069,False,,,False,False,False
3653,TGCGAA,1.0,0.3984375,1.0,0.5729166666666666,True,,,False,False,False
3654,TGCGAC,1.0,0.5306122448979592,1.0,0.5230769230769231,True,,,False,False,False
3655,TGCGAG,1.0,0.5279503105590062,1.0,0.4640522875816993,True,,,False,False,False
3656,TGCGAT,1.0,0.5256410256410257,1.0,0.696,True,,,False,False,False
3657,TGCGCA,1.0,0.5284090909090909,1.0,0.4850299401197604,True,,,False,False,False
3658,TGCGCC,1.0,0.5380434782608695,1.0,0.3648648648648648,True,,,False,False,False
3659,TGCGCG,1.0,0.6703296703296703,1.0,0.746268656716418,True,,,False,False,False
3660,TGCGCT,1.0,0.9390243902439024,1.0,0.7213114754098361,True,3.948829595070085e-07,,True,True,True
3661,TGCGGA,1.0,0.265,1.0,0.4090909090909091,True,,,False,False,False
3662,TGCGGC,1.0,0.4396135265700483,1.0,0.5307262569832403,True,,,False,False,False
3663,TGCGGG,1.0,0.5904255319148937,1.0,0.4578947368421052,True,,,False,False,False
3664,TGCGGT,1.0,0.5879120879120879,1.0,0.7225806451612903,True,,,False,False,False
3665,TGCGTA,1.0,0.3560975609756097,1.0,0.3584905660377358,True,,,False,False,False
3666,TGCGTC,1.0,0.5086705202312138,1.0,0.464968152866242,True,,,False,False,False
3667,TGCGTG,1.0,0.5583756345177665,1.0,0.7548387096774194,True,,,False,False,False
3668,TGCGTT,1.0,0.3409090909090909,1.0,0.6785714285714286,True,,,False,False,False
3669,TGCTAA,1.0,0.4068965517241379,1.0,0.4741379310344827,False,,,False,False,False
3670,TGCTAC,1.0,0.5845070422535211,1.0,0.5333333333333333,False,,,False,False,False
3671,TGCTAG,1.0,0.5986842105263158,1.0,0.589041095890411,False,,,False,False,False
3672,TGCTAT,1.0,0.5165562913907285,1.0,0.5384615384615384,False,,,False,False,False
3673,TGCTCA,1.0,0.3831168831168831,1.0,0.4772727272727273,False,,,False,False,False
3674,TGCTCC,1.0,0.4366197183098591,1.0,0.6620689655172414,False,,,False,False,False
3675,TGCTCG,1.0,0.4363636363636363,1.0,0.5357142857142857,True,,,False,False,False
3676,TGCTCT,1.0,0.3930635838150289,1.0,0.7398373983739838,False,,,False,False,False
3677,TGCTGA,1.0,0.4924242424242424,1.0,0.6171875,False,,,False,False,False
3678,TGCTGC,1.0,0.6585365853658537,1.0,0.7265625,False,,,False,False,False
3679,TGCTGG,1.0,0.4792899408284023,1.0,0.5882352941176471,False,,,False,False,False
3680,TGCTGT,1.0,0.3494623655913978,1.0,0.5034965034965035,False,,,False,False,False
3681,TGCTTA,1.0,0.488235294117647,1.0,0.5761589403973509,False,,,False,False,False
3682,TGCTTC,1.0,0.4277108433734939,1.0,0.4105960264900662,False,,,False,False,False
3683,TGCTTG,1.0,0.5157232704402516,1.0,0.5704225352112676,False,,,False,False,False
3684,TGCTTT,1.0,0.4110429447852761,1.0,0.4306569343065693,False,,,False,False,False
3685,TGGAAA,1.0,0.6825396825396826,1.0,0.452991452991453,False,,,False,False,False
3686,TGGAAC,1.0,0.4892086330935252,1.0,0.4765625,False,,,False,False,False
3687,TGGAAG,1.0,0.6802325581395349,1.0,0.5637583892617449,False,,,False,False,False
3688,TGGAAT,1.0,0.4023668639053254,1.0,0.4758620689655172,False,,,False,False,False
3689,TGGACA,1.0,0.45,1.0,0.4,False,,,False,False,False
3690,TGGACC,1.0,0.4965986394557823,1.0,0.5607476635514018,False,,,False,False,False
3691,TGGACG,1.0,0.3664596273291925,1.0,0.4765100671140939,True,,,False,False,False
3692,TGGACT,1.0,0.4512195121951219,1.0,0.6691729323308271,False,,,False,False,False
3693,TGGAGA,1.0,0.3067484662576687,1.0,0.5172413793103449,False,,,False,False,False
3694,TGGAGC,1.0,0.4144736842105263,1.0,0.65625,False,,,False,False,False
3695,TGGAGG,1.0,0.6111111111111112,1.0,0.6490066225165563,False,,,False,False,False
3696,TGGAGT,1.0,0.4198473282442748,1.0,0.5260115606936416,False,,,False,False,False
3697,TGGATA,1.0,0.5151515151515151,1.0,0.62,False,,,False,False,False
3698,TGGATC,1.0,0.4695121951219512,1.0,0.3410404624277456,False,,,False,False,False
3699,TGGATG,1.0,0.6212121212121212,1.0,0.4339622641509434,False,,,False,False,False
3700,TGGATT,1.0,0.489247311827957,1.0,0.56875,False,,,False,False,False
3701,TGGCAA,1.0,0.3876404494382022,1.0,0.4693877551020408,False,,,False,False,False
3702,TGGCAC,1.0,0.4640883977900552,1.0,0.6510067114093959,False,,,False,False,False
3703,TGGCAG,1.0,0.3719512195121951,1.0,0.5521472392638037,False,,,False,False,False
3704,TGGCAT,1.0,0.4320388349514563,1.0,0.6959459459459459,False,,,False,False,False
3705,TGGCCA,1.0,0.4946236559139785,1.0,0.4807692307692308,False,,,False,False,False
3706,TGGCCC,1.0,0.4432432432432432,1.0,0.4683544303797468,False,,,False,False,False
3707,TGGCCG,1.0,0.5666666666666667,1.0,0.3706293706293706,True,,,False,False,False
3708,TGGCCT,1.0,0.4539877300613497,1.0,0.4970414201183432,False,,,False,False,False
3709,TGGCGA,1.0,0.4709677419354838,1.0,0.3263888888888889,True,,,False,False,False
3710,TGGCGC,1.0,0.5027027027027027,1.0,0.7746478873239436,True,,,False,False,False
3711,TGGCGG,1.0,0.4848484848484848,1.0,0.6148648648648649,True,,,False,False,False
3712,TGGCGT,1.0,0.4636871508379888,1.0,0.5714285714285714,True,,,False,False,False
3713,TGGCTA,1.0,0.54375,1.0,0.7761194029850746,False,,,False,False,False
3714,TGGCTC,1.0,0.4827586206896552,1.0,0.4705882352941176,False,,,False,False,False
3715,TGGCTG,1.0,0.654320987654321,1.0,0.4093959731543624,False,,,False,False,False
3716,TGGCTT,1.0,0.5405405405405406,1.0,0.5443786982248521,False,,,False,False,False
3717,TGGGAA,1.0,0.4035087719298245,1.0,0.40625,False,,,False,False,False
3718,TGGGAC,1.0,0.4475138121546961,1.0,0.4137931034482758,False,,,False,False,False
3719,TGGGAG,1.0,0.2919254658385093,1.0,0.4144736842105263,False,,,False,False,False
3720,TGGGAT,1.0,0.4571428571428571,1.0,0.4382022471910112,False,,,False,False,False
3721,TGGGCA,1.0,0.4177777777777778,1.0,0.6391752577319587,False,,,False,False,False
3722,TGGGCC,1.0,0.5191256830601093,1.0,0.5567010309278351,False,,,False,False,False
3723,TGGGCG,1.0,0.5384615384615384,1.0,0.4831460674157303,True,,,False,False,False
3724,TGGGCT,1.0,0.5487804878048781,1.0,0.5527950310559007,False,,,False,False,False
3725,TGGGGA,1.0,0.3789473684210526,1.0,0.40625,False,,,False,False,False
3726,TGGGGC,1.0,0.5906735751295337,1.0,0.6464646464646465,False,,,False,False,False
3727,TGGGGG,1.0,0.4861878453038674,1.0,0.4523809523809524,False,,,False,False,False
3728,TGGGGT,1.0,0.5081081081081081,1.0,0.6413043478260869,False,,,False,False,False
3729,TGGGTA,1.0,0.4519230769230769,1.0,0.4414893617021276,False,,,False,False,False
3730,TGGGTC,1.0,0.4171122994652406,1.0,0.5657142857142857,False,,,False,False,False
3731,TGGGTG,1.0,0.3809523809523809,1.0,0.5842696629213483,False,,,False,False,False
3732,TGGGTT,1.0,0.2974137931034483,1.0,0.5681818181818182,False,,,False,False,False
3733,TGGTAA,1.0,0.4792899408284023,1.0,0.3544303797468354,False,,,False,False,False
3734,TGGTAC,1.0,0.5,1.0,0.575,False,,,False,False,False
3735,TGGTAG,1.0,0.4099378881987577,1.0,0.3730569948186528,False,,,False,False,False
3736,TGGTAT,1.0,0.4137931034482758,1.0,0.48125,False,,,False,False,False
3737,TGGTCA,1.0,0.5644171779141104,1.0,0.4566473988439306,False,,,False,False,False
3738,TGGTCC,1.0,0.5351351351351351,1.0,0.4205128205128205,False,,,False,False,False
3739,TGGTCG,1.0,0.4271356783919598,1.0,0.4967741935483871,True,,,False,False,False
3740,TGGTCT,1.0,0.3807106598984771,1.0,0.5374149659863946,False,,,False,False,False
3741,TGGTGA,1.0,0.3850931677018633,1.0,0.4929577464788732,False,,,False,False,False
3742,TGGTGC,1.0,0.4329268292682927,1.0,0.6666666666666666,False,,,False,False,False
3743,TGGTGG,1.0,0.4857142857142857,1.0,0.48,False,,,False,False,False
3744,TGGTGT,1.0,0.419811320754717,1.0,0.5251396648044693,False,,,False,False,False
3745,TGGTTA,1.0,0.3882978723404255,1.0,0.445054945054945,False,,,False,False,False
3746,TGGTTC,1.0,0.3930635838150289,1.0,0.5471698113207547,False,,,False,False,False
3747,TGGTTG,1.0,0.4878048780487805,1.0,0.4023668639053254,False,,,False,False,False
3748,TGGTTT,1.0,0.2488479262672811,1.0,0.4761904761904761,False,,,False,False,False
3749,TGTAAA,1.0,0.6232876712328768,1.0,0.5474452554744526,False,,,False,False,False
3750,TGTAAC,1.0,0.5374149659863946,1.0,0.4797297297297297,False,,,False,False,False
3751,TGTAAG,1.0,0.3841059602649007,1.0,0.4248366013071895,False,,,False,False,False
3752,TGTAAT,1.0,0.382716049382716,1.0,0.427536231884058,False,,,False,False,False
3753,TGTACA,1.0,0.4913294797687861,1.0,0.3617021276595745,False,,,False,False,False
3754,TGTACC,1.0,0.3426573426573426,1.0,0.5071428571428571,False,,,False,False,False
3755,TGTACG,1.0,0.6330935251798561,1.0,0.4025974025974026,True,,,False,False,False
3756,TGTACT,1.0,0.4339622641509434,1.0,0.5539568345323741,False,,,False,False,False
3757,TGTAGA,1.0,0.5496688741721855,1.0,0.5075757575757576,False,,,False,False,False
3758,TGTAGC,1.0,0.6982248520710059,1.0,0.6883116883116883,False,0.0454220647835633,,True,False,False
3759,TGTAGG,1.0,0.4576271186440678,1.0,0.4470588235294118,False,,,False,False,False
3760,TGTAGT,1.0,0.3333333333333333,1.0,0.5153846153846153,False,,,False,False,False
3761,TGTATA,1.0,0.406060606060606,1.0,0.4014598540145985,False,,,False,False,False
3762,TGTATC,1.0,0.4729729729729729,1.0,0.4825174825174825,False,,,False,False,False
3763,TGTATG,1.0,0.4886363636363636,1.0,0.3550295857988165,False,,,False,False,False
3764,TGTATT,1.0,0.4228571428571429,1.0,0.4246575342465753,False,,,False,False,False
3765,TGTCAA,1.0,0.5194805194805194,1.0,0.5294117647058824,False,,,False,False,False
3766,TGTCAC,1.0,0.5416666666666666,1.0,0.4861111111111111,False,,,False,False,False
3767,TGTCAG,1.0,0.4010152284263959,1.0,0.5276073619631901,False,,,False,False,False
3768,TGTCAT,1.0,0.4157303370786517,1.0,0.5061728395061729,False,,,False,False,False
3769,TGTCCA,1.0,0.5751633986928104,1.0,0.4507042253521127,False,,,False,False,False
3770,TGTCCC,1.0,0.4068965517241379,1.0,0.5211267605633803,False,,,False,False,False
3771,TGTCCG,1.0,0.3898305084745763,1.0,0.481283422459893,True,,,False,False,False
3772,TGTCCT,1.0,0.4451219512195122,1.0,0.5327868852459017,False,,,False,False,False
3773,TGTCGA,1.0,0.5615384615384615,1.0,0.4453125,True,,,False,False,False
3774,TGTCGC,1.0,0.4147727272727273,1.0,0.7265625,True,,,False,False,False
3775,TGTCGG,1.0,0.5164835164835165,1.0,0.6305732484076433,True,,,False,False,False
3776,TGTCGT,1.0,0.4740740740740741,1.0,0.5234375,True,,,False,False,False
3777,TGTCTA,1.0,0.5,1.0,0.5506329113924051,False,,,False,False,False
3778,TGTCTC,1.0,0.3989071038251366,1.0,0.3821656050955414,False,,,False,False,False
3779,TGTCTG,1.0,0.431578947368421,1.0,0.4261363636363636,False,,,False,False,False
3780,TGTCTT,1.0,0.5481927710843374,1.0,0.5228758169934641,False,,,False,False,False
3781,TGTGAA,1.0,0.5058139534883721,1.0,0.6027397260273972,False,,,False,False,False
3782,TGTGAC,1.0,0.4331210191082802,1.0,0.6343283582089553,False,,,False,False,False
3783,TGTGAG,1.0,0.484375,1.0,0.4259259259259259,False,,,False,False,False
3784,TGTGAT,1.0,0.4276315789473684,1.0,0.5,False,,,False,False,False
3785,TGTGCA,1.0,0.4219653179190751,1.0,0.5255474452554745,False,,,False,False,False
3786,TGTGCC,1.0,0.4078212290502793,1.0,0.6068965517241379,False,,,False,False,False
3787,TGTGCG,1.0,0.6684210526315789,1.0,0.6748466257668712,True,,,False,False,False
3788,TGTGCT,1.0,0.4529411764705882,1.0,0.5217391304347826,False,,,False,False,False
3789,TGTGGA,1.0,0.4022988505747126,1.0,0.5208333333333334,False,,,False,False,False
3790,TGTGGC,1.0,0.5764705882352941,1.0,0.572289156626506,False,,,False,False,False
3791,TGTGGG,1.0,0.3809523809523809,1.0,0.4924623115577889,False,,,False,False,False
3792,TGTGGT,1.0,0.3627450980392157,1.0,0.4886363636363636,False,,,False,False,False
3793,TGTGTA,1.0,0.5141242937853108,1.0,0.4659090909090909,False,,,False,False,False
3794,TGTGTC,1.0,0.3979057591623036,1.0,0.6419753086419753,False,,,False,False,False
3795,TGTGTG,1.0,0.3640552995391705,1.0,0.4583333333333333,False,,,False,False,False
3796,TGTGTT,1.0,0.5,1.0,0.5609756097560976,False,,,False,False,False
3797,TGTTAA,1.0,0.5886075949367089,1.0,0.8394160583941606,False,,0.0149666387061947,True,False,False
3798,TGTTAC,1.0,0.6178343949044586,1.0,0.7350427350427351,False,,,False,False,False
3799,TGTTAG,1.0,0.5416666666666666,1.0,0.494047619047619,False,,,False,False,False
3800,TGTTAT,1.0,0.4069767441860465,1.0,0.3726708074534161,False,,,False,False,False
3801,TGTTCA,1.0,0.5166666666666667,1.0,0.6727272727272727,False,,,False,False,False
3802,TGTTCC,1.0,0.3473053892215569,1.0,0.6131386861313869,False,,,False,False,False
3803,TGTTCG,1.0,0.4509803921568627,1.0,0.4502923976608187,True,,,False,False,False
3804,TGTTCT,1.0,0.4230769230769231,1.0,0.5921052631578947,False,,,False,False,False
3805,TGTTGA,1.0,0.3248407643312102,1.0,0.375796178343949,False,,,False,False,False
3806,TGTTGC,1.0,0.4,1.0,0.5037037037037037,False,,,False,False,False
3807,TGTTGG,1.0,0.4848484848484848,1.0,0.4972375690607735,False,,,False,False,False
3808,TGTTGT,1.0,0.5423728813559322,1.0,0.631578947368421,False,,,False,False,False
3809,TGTTTA,1.0,0.430939226519337,1.0,0.7218045112781954,False,,,False,False,False
3810,TGTTTC,1.0,0.36,1.0,0.4318181818181818,False,,,False,False,False
3811,TGTTTG,1.0,0.4869109947643979,1.0,0.7485380116959064,False,,,False,False,False
3812,TGTTTT,1.0,0.4717948717948718,1.0,0.4702380952380952,False,,,False,False,False
3813,TTAAAA,1.0,0.4166666666666667,1.0,0.3082706766917293,False,,,False,False,False
3814,TTAAAC,1.0,0.6161616161616161,1.0,0.5543478260869565,False,,,False,False,False
3815,TTAAAG,1.0,0.3262411347517731,1.0,0.6592592592592592,False,,,False,False,False
3816,TTAAAT,1.0,0.5357142857142857,1.0,0.5714285714285714,False,,,False,False,False
3817,TTAACA,1.0,0.7923076923076923,1.0,0.7241379310344828,False,0.009631203952298,,True,True,True
3818,TTAACC,1.0,0.4357142857142857,1.0,0.5757575757575758,False,,,False,False,False
3819,TTAACG,1.0,0.3719512195121951,1.0,0.7130434782608696,True,,,False,False,False
3820,TTAACT,1.0,0.4765100671140939,1.0,0.6776859504132231,False,,,False,False,False
3821,TTAAGA,1.0,0.6564885496183206,1.0,0.512396694214876,False,,,False,False,False
3822,TTAAGC,1.0,0.3636363636363636,1.0,0.4042553191489361,False,,,False,False,False
3823,TTAAGG,1.0,0.4390243902439024,1.0,0.5298013245033113,False,,,False,False,False
3824,TTAAGT,1.0,0.4756097560975609,1.0,0.51875,False,,,False,False,False
3825,TTAATA,1.0,0.464968152866242,1.0,0.4436090225563909,False,,,False,False,False
3826,TTAATC,1.0,0.3846153846153846,1.0,0.5037593984962406,False,,,False,False,False
3827,TTAATG,1.0,0.4533333333333333,1.0,0.5703125,False,,,False,False,False
3828,TTAATT,1.0,0.3641618497109826,1.0,0.4755244755244755,False,,,False,False,False
3829,TTACAA,1.0,0.4569536423841059,1.0,0.5648148148148148,False,,,False,False,False
3830,TTACAC,1.0,0.6511627906976745,1.0,0.64,False,,,False,False,False
3831,TTACAG,1.0,0.632258064516129,1.0,0.4594594594594595,False,,,False,False,False
3832,TTACAT,1.0,0.4370860927152318,1.0,0.664,False,,,False,False,False
3833,TTACCA,1.0,0.5080645161290323,1.0,0.4821428571428571,False,,,False,False,False
3834,TTACCC,1.0,0.4031007751937984,1.0,0.4622641509433962,False,,,False,False,False
3835,TTACCG,1.0,0.5514705882352942,1.0,0.4186046511627907,True,,,False,False,False
3836,TTACCT,1.0,0.4044117647058823,1.0,0.3688524590163934,False,,,False,False,False
3837,TTACGA,1.0,0.5,1.0,0.5384615384615384,True,,,False,False,False
3838,TTACGC,1.0,0.3485714285714286,1.0,0.5338983050847458,True,,,False,False,False
3839,TTACGG,1.0,0.5,1.0,0.5,True,,,False,False,False
3840,TTACGT,1.0,0.4,1.0,0.4388489208633093,True,,,False,False,False
3841,TTACTA,1.0,0.5,1.0,0.5083333333333333,False,,,False,False,False
3842,TTACTC,1.0,0.4820143884892086,1.0,0.4482758620689655,False,,,False,False,False
3843,TTACTG,1.0,0.4683544303797468,1.0,0.5078125,False,,,False,False,False
3844,TTACTT,1.0,0.4890510948905109,1.0,0.4236111111111111,False,,,False,False,False
3845,TTAGAA,1.0,0.5396825396825397,1.0,0.4246575342465753,False,,,False,False,False
3846,TTAGAC,1.0,0.4460431654676259,1.0,0.4552845528455284,False,,,False,False,False
3847,TTAGAG,1.0,0.6222222222222222,1.0,0.4857142857142857,False,,,False,False,False
3848,TTAGAT,1.0,0.503448275862069,1.0,0.4357142857142857,False,,,False,False,False
3849,TTAGCA,1.0,0.4214285714285714,1.0,0.4885496183206106,False,,,False,False,False
3850,TTAGCC,1.0,0.4897959183673469,1.0,0.6371681415929203,False,,,False,False,False
3851,TTAGCG,1.0,0.6,1.0,0.4258064516129032,True,,,False,False,False
3852,TTAGCT,1.0,0.5584415584415584,1.0,0.4868421052631579,False,,,False,False,False
3853,TTAGGA,1.0,0.4370860927152318,1.0,0.5231788079470199,False,,,False,False,False
3854,TTAGGC,1.0,0.4855491329479768,1.0,0.5222929936305732,False,,,False,False,False
3855,TTAGGG,1.0,0.3968253968253968,1.0,0.4191616766467065,False,,,False,False,False
3856,TTAGGT,1.0,0.6219512195121951,1.0,0.453416149068323,False,,,False,False,False
3857,TTAGTA,1.0,0.5267175572519084,1.0,0.6693548387096774,False,,,False,False,False
3858,TTAGTC,1.0,0.4516129032258064,1.0,0.4765100671140939,False,,,False,False,False
3859,TTAGTG,1.0,0.4277777777777777,1.0,0.4409937888198758,False,,,False,False,False
3860,TTAGTT,1.0,0.5555555555555556,1.0,0.3934426229508196,False,,,False,False,False
3861,TTATAA,1.0,0.635036496350365,1.0,0.3708609271523179,False,,,False,False,False
3862,TTATAC,1.0,0.5167785234899329,1.0,0.5263157894736842,False,,,False,False,False
3863,TTATAG,1.0,0.3157894736842105,1.0,0.4315068493150685,False,,,False,False,False
3864,TTATAT,1.0,0.3333333333333333,1.0,0.4539473684210526,False,,,False,False,False
3865,TTATCA,1.0,0.4583333333333333,1.0,0.6491228070175439,False,,,False,False,False
3866,TTATCC,1.0,0.3098591549295774,1.0,0.5210084033613446,False,,,False,False,False
3867,TTATCG,1.0,0.3793103448275862,1.0,0.4452054794520548,True,,,False,False,False
3868,TTATCT,1.0,0.6490066225165563,1.0,0.5074626865671642,False,,,False,False,False
3869,TTATGA,1.0,0.3076923076923077,1.0,0.4666666666666667,False,,,False,False,False
3870,TTATGC,1.0,0.3231707317073171,1.0,0.5144927536231884,False,,,False,False,False
3871,TTATGG,1.0,0.6329113924050633,1.0,0.4591194968553459,False,,,False,False,False
3872,TTATGT,1.0,0.4245810055865922,1.0,0.367816091954023,False,,,False,False,False
3873,TTATTA,1.0,0.4394904458598726,1.0,0.4326241134751773,False,,,False,False,False
3874,TTATTC,1.0,0.3625730994152046,1.0,0.5234375,False,,,False,False,False
3875,TTATTG,1.0,0.4268292682926829,1.0,0.5222929936305732,False,,,False,False,False
3876,TTATTT,1.0,0.5,1.0,0.5064102564102564,False,,,False,False,False
3877,TTCAAA,1.0,0.3194444444444444,1.0,0.5238095238095238,False,,,False,False,False
3878,TTCAAC,1.0,0.3311258278145695,1.0,0.5630252100840336,False,,,False,False,False
3879,TTCAAG,1.0,0.2515337423312883,1.0,0.3680981595092024,False,,,False,False,False
3880,TTCAAT,1.0,0.5555555555555556,1.0,0.6403508771929824,False,,,False,False,False
3881,TTCACA,1.0,0.4846625766871165,1.0,0.5666666666666667,False,,,False,False,False
3882,TTCACC,1.0,0.3571428571428571,1.0,0.4435483870967742,False,,,False,False,False
3883,TTCACG,1.0,0.494047619047619,1.0,0.6484375,True,,,False,False,False
3884,TTCACT,1.0,0.4583333333333333,1.0,0.4444444444444444,False,,,False,False,False
3885,TTCAGA,1.0,0.4756097560975609,1.0,0.48,False,,,False,False,False
3886,TTCAGC,1.0,0.448051948051948,1.0,0.6604938271604939,False,,,False,False,False
3887,TTCAGG,1.0,0.3924731182795699,1.0,0.5527950310559007,False,,,False,False,False
3888,TTCAGT,1.0,0.3782383419689119,1.0,0.7391304347826086,False,,,False,False,False
3889,TTCATA,1.0,0.3422459893048128,1.0,0.4904458598726114,False,,,False,False,False
3890,TTCATC,1.0,0.5061728395061729,1.0,0.3987730061349693,False,,,False,False,False
3891,TTCATG,1.0,0.3736263736263736,1.0,0.4242424242424242,False,,,False,False,False
3892,TTCATT,1.0,0.4855491329479768,1.0,0.3821656050955414,False,,,False,False,False
3893,TTCCAA,1.0,0.4796747967479675,1.0,0.492063492063492,False,,,False,False,False
3894,TTCCAC,1.0,0.4222222222222222,1.0,0.3709677419354839,False,,,False,False,False
3895,TTCCAG,1.0,0.35,1.0,0.5,False,,,False,False,False
3896,TTCCAT,1.0,0.5244755244755245,1.0,0.672,False,,,False,False,False
3897,TTCCCA,1.0,0.3660130718954248,1.0,0.3529411764705882,False,,,False,False,False
3898,TTCCCC,1.0,0.3853211009174312,1.0,0.3666666666666666,False,,,False,False,False
3899,TTCCCG,1.0,0.4625,1.0,0.5038759689922481,True,,,False,False,False
3900,TTCCCT,1.0,0.4893617021276595,1.0,0.4311926605504587,False,,,False,False,False
3901,TTCCGA,1.0,0.3768115942028985,1.0,0.4083333333333333,True,,,False,False,False
3902,TTCCGC,1.0,0.3710691823899371,1.0,0.6351351351351351,True,,,False,False,False
3903,TTCCGG,1.0,0.382716049382716,1.0,0.4230769230769231,True,,,False,False,False
3904,TTCCGT,1.0,0.4379084967320261,1.0,0.435064935064935,True,,,False,False,False
3905,TTCCTA,1.0,0.3779527559055118,1.0,0.5742574257425742,False,,,False,False,False
3906,TTCCTC,1.0,0.3767123287671233,1.0,0.3363636363636363,False,,,False,False,False
3907,TTCCTG,1.0,0.3959731543624161,1.0,0.4724409448818897,False,,,False,False,False
3908,TTCCTT,1.0,0.5390070921985816,1.0,0.5779816513761468,False,,,False,False,False
3909,TTCGAC,1.0,0.4,1.0,0.4579439252336448,True,,,False,False,False
3910,TTCGAG,1.0,0.532258064516129,1.0,0.417391304347826,True,,,False,False,False
3911,TTCGAT,1.0,0.6226415094339622,1.0,0.53,True,,,False,False,False
3912,TTCGCA,1.0,0.4032258064516129,1.0,0.4036697247706422,True,,,False,False,False
3913,TTCGCC,1.0,0.4954128440366973,1.0,0.4873949579831932,True,,,False,False,False
3914,TTCGCG,1.0,0.5,1.0,0.4117647058823529,True,,,False,False,False
3915,TTCGCT,1.0,0.5166666666666667,1.0,0.646551724137931,True,,,False,False,False
3916,TTCGGA,1.0,0.3446327683615819,1.0,0.3219178082191781,True,,,False,False,False
3917,TTCGGC,1.0,0.5193798449612403,1.0,0.4761904761904761,True,,,False,False,False
3918,TTCGGG,1.0,0.4259259259259259,1.0,0.463855421686747,True,,,False,False,False
3919,TTCGGT,1.0,0.432258064516129,1.0,0.5490196078431373,True,,,False,False,False
3920,TTCGTA,1.0,0.5339805825242718,1.0,0.5546218487394958,True,,,False,False,False
3921,TTCGTC,1.0,0.5666666666666667,1.0,0.4230769230769231,True,,,False,False,False
3922,TTCGTG,1.0,0.4539473684210526,1.0,0.5104895104895105,True,,,False,False,False
3923,TTCGTT,1.0,0.4727272727272727,1.0,0.22,True,,,False,False,False
3924,TTCTAA,1.0,0.4960629921259842,1.0,0.6050420168067226,False,,,False,False,False
3925,TTCTAC,1.0,0.384,1.0,0.3818181818181818,False,,,False,False,False
3926,TTCTAG,1.0,0.6613756613756614,1.0,0.835820895522388,False,,0.0187831165288526,True,False,False
3927,TTCTAT,1.0,0.436046511627907,1.0,0.7054263565891473,False,,,False,False,False
3928,TTCTCA,1.0,0.4225352112676056,1.0,0.536,False,,,False,False,False
3929,TTCTCC,1.0,0.4087591240875912,1.0,0.6470588235294118,False,,,False,False,False
3930,TTCTCG,1.0,0.6165413533834586,1.0,0.5686274509803921,True,,,False,False,False
3931,TTCTCT,1.0,0.4144736842105263,1.0,0.4090909090909091,False,,,False,False,False
3932,TTCTGA,1.0,0.4509803921568627,1.0,0.4453125,False,,,False,False,False
3933,TTCTGC,1.0,0.5,1.0,0.6231884057971014,False,,,False,False,False
3934,TTCTGG,1.0,0.3846153846153846,1.0,0.4901960784313725,False,,,False,False,False
3935,TTCTGT,1.0,0.4385964912280701,1.0,0.5723270440251572,False,,,False,False,False
3936,TTCTTA,1.0,0.2312138728323699,1.0,0.4148148148148148,False,,,False,False,False
3937,TTCTTC,1.0,0.4825174825174825,1.0,0.4117647058823529,False,,,False,False,False
3938,TTCTTG,1.0,0.3662790697674418,1.0,0.4409937888198758,False,,,False,False,False
3939,TTCTTT,1.0,0.4320987654320987,1.0,0.4832214765100671,False,,,False,False,False
3940,TTGAAA,1.0,0.4426229508196721,1.0,0.4074074074074074,False,,,False,False,False
3941,TTGAAC,1.0,0.3571428571428571,1.0,0.3846153846153846,False,,,False,False,False
3942,TTGAAG,1.0,0.3615384615384615,1.0,0.656,False,,,False,False,False
3943,TTGAAT,1.0,0.4333333333333333,1.0,0.4765625,False,,,False,False,False
3944,TTGACA,1.0,0.3712574850299401,1.0,0.5126050420168067,False,,,False,False,False
3945,TTGACC,1.0,0.4444444444444444,1.0,0.4495412844036697,False,,,False,False,False
3946,TTGACG,1.0,0.2810457516339869,1.0,0.3333333333333333,True,,,False,False,False
3947,TTGACT,1.0,0.4785714285714286,1.0,0.5041322314049587,False,,,False,False,False
3948,TTGAGA,1.0,0.3081761006289308,1.0,0.4198473282442748,False,,,False,False,False
3949,TTGAGC,1.0,0.4485294117647059,1.0,0.2957746478873239,False,,,False,False,False
3950,TTGAGG,1.0,0.4395604395604395,1.0,0.5955882352941176,False,,,False,False,False
3951,TTGAGT,1.0,0.3658536585365853,1.0,0.3098591549295774,False,,,False,False,False
3952,TTGATA,1.0,0.4161073825503356,1.0,0.3875,False,,,False,False,False
3953,TTGATC,1.0,0.4420289855072464,1.0,0.368,False,,,False,False,False
3954,TTGATG,1.0,0.419753086419753,1.0,0.4680851063829787,False,,,False,False,False
3955,TTGATT,1.0,0.4294871794871794,1.0,0.512987012987013,False,,,False,False,False
3956,TTGCAA,1.0,0.4161490683229814,1.0,0.5547445255474452,False,,,False,False,False
3957,TTGCAC,1.0,0.3866666666666666,1.0,0.4375,False,,,False,False,False
3958,TTGCAG,1.0,0.5059523809523809,1.0,0.5882352941176471,False,,,False,False,False
3959,TTGCAT,1.0,0.4025974025974026,1.0,0.5608108108108109,False,,,False,False,False
3960,TTGCCA,1.0,0.2661870503597122,1.0,0.4677419354838709,False,,,False,False,False
3961,TTGCCC,1.0,0.4466666666666666,1.0,0.4568965517241379,False,,,False,False,False
3962,TTGCCG,1.0,0.3986486486486486,1.0,0.453781512605042,True,,,False,False,False
3963,TTGCCT,1.0,0.4868421052631579,1.0,0.3834586466165413,False,,,False,False,False
3964,TTGCGA,1.0,0.425,1.0,0.6173913043478261,True,,,False,False,False
3965,TTGCGC,1.0,0.6914285714285714,1.0,0.5037593984962406,True,0.0493388968140839,,True,False,False
3966,TTGCGG,1.0,0.3233830845771144,1.0,0.4772727272727273,True,,,False,False,False
3967,TTGCGT,1.0,0.5056179775280899,1.0,0.5845070422535211,True,,,False,False,False
3968,TTGCTA,1.0,0.4765625,1.0,0.4318181818181818,False,,,False,False,False
3969,TTGCTC,1.0,0.3407821229050279,1.0,0.6095890410958904,False,,,False,False,False
3970,TTGCTG,1.0,0.4671052631578947,1.0,0.6267605633802817,False,,,False,False,False
3971,TTGCTT,1.0,0.3489583333333333,1.0,0.4964539007092198,False,,,False,False,False
3972,TTGGAA,1.0,0.4697986577181208,1.0,0.3923076923076923,False,,,False,False,False
3973,TTGGAC,1.0,0.4071856287425149,1.0,0.5271317829457365,False,,,False,False,False
3974,TTGGAG,1.0,0.3846153846153846,1.0,0.5714285714285714,False,,,False,False,False
3975,TTGGAT,1.0,0.4705882352941176,1.0,0.6287425149700598,False,,,False,False,False
3976,TTGGCA,1.0,0.3842105263157894,1.0,0.4569536423841059,False,,,False,False,False
3977,TTGGCC,1.0,0.5212121212121212,1.0,0.4444444444444444,False,,,False,False,False
3978,TTGGCG,1.0,0.4083769633507853,1.0,0.5602409638554217,True,,,False,False,False
3979,TTGGCT,1.0,0.4293193717277487,1.0,0.5163398692810458,False,,,False,False,False
3980,TTGGGA,1.0,0.4030612244897959,1.0,0.5094339622641509,False,,,False,False,False
3981,TTGGGC,1.0,0.3544973544973545,1.0,0.547486033519553,False,,,False,False,False
3982,TTGGGG,1.0,0.4619565217391304,1.0,0.68125,False,,,False,False,False
3983,TTGGGT,1.0,0.3875598086124402,1.0,0.5510204081632653,False,,,False,False,False
3984,TTGGTA,1.0,0.4619565217391304,1.0,0.3138297872340425,False,,,False,False,False
3985,TTGGTC,1.0,0.4712041884816754,1.0,0.4861878453038674,False,,,False,False,False
3986,TTGGTG,1.0,0.3989071038251366,1.0,0.5138121546961326,False,,,False,False,False
3987,TTGGTT,1.0,0.4139784946236559,1.0,0.5892857142857143,False,,,False,False,False
3988,TTGTAA,1.0,0.5705521472392638,1.0,0.6095890410958904,False,,,False,False,False
3989,TTGTAC,1.0,0.6305732484076433,1.0,0.6774193548387096,False,,,False,False,False
3990,TTGTAG,1.0,0.5670731707317073,1.0,0.5944055944055944,False,,,False,False,False
3991,TTGTAT,1.0,0.4476744186046512,1.0,0.4337349397590361,False,,,False,False,False
3992,TTGTCA,1.0,0.4827586206896552,1.0,0.5283018867924528,False,,,False,False,False
3993,TTGTCC,1.0,0.3815028901734104,1.0,0.5958904109589042,False,,,False,False,False
3994,TTGTCG,1.0,0.4691358024691358,1.0,0.4754098360655737,True,,,False,False,False
3995,TTGTCT,1.0,0.3511904761904761,1.0,0.5414012738853503,False,,,False,False,False
3996,TTGTGA,1.0,0.536144578313253,1.0,0.6444444444444445,False,,,False,False,False
3997,TTGTGC,1.0,0.4853801169590643,1.0,0.5806451612903226,False,,,False,False,False
3998,TTGTGG,1.0,0.3659793814432989,1.0,0.6432748538011696,False,,,False,False,False
3999,TTGTGT,1.0,0.4630541871921182,1.0,0.5337423312883436,False,,,False,False,False
4000,TTGTTA,1.0,0.4519774011299435,1.0,0.4910179640718562,False,,,False,False,False
4001,TTGTTC,1.0,0.4583333333333333,1.0,0.4709302325581395,False,,,False,False,False
4002,TTGTTG,1.0,0.5260115606936416,1.0,0.5058823529411764,False,,,False,False,False
4003,TTGTTT,1.0,0.422680412371134,1.0,0.5919540229885057,False,,,False,False,False
4004,TTTAAA,1.0,0.4074074074074074,1.0,0.5655737704918032,False,,,False,False,False
4005,TTTAAC,1.0,0.422077922077922,1.0,0.7789473684210526,False,,,False,False,False
4006,TTTAAG,1.0,0.5273972602739726,1.0,0.6788990825688074,False,,,False,False,False
4007,TTTAAT,1.0,0.3680555555555556,1.0,0.4087591240875912,False,,,False,False,False
4008,TTTACA,1.0,0.583941605839416,1.0,0.5555555555555556,False,,,False,False,False
4009,TTTACC,1.0,0.5423728813559322,1.0,0.6228070175438597,False,,,False,False,False
4010,TTTACG,1.0,0.5973154362416108,1.0,0.5882352941176471,True,,,False,False,False
4011,TTTACT,1.0,0.39375,1.0,0.3597122302158273,False,,,False,False,False
4012,TTTAGA,1.0,0.4642857142857143,1.0,0.6160714285714286,False,,,False,False,False
4013,TTTAGC,1.0,0.5066666666666667,1.0,0.3541666666666667,False,,,False,False,False
4014,TTTAGG,1.0,0.5925925925925926,1.0,0.5878378378378378,False,,,False,False,False
4015,TTTAGT,1.0,0.5460526315789473,1.0,0.3566878980891719,False,,,False,False,False
4016,TTTATA,1.0,0.4104046242774566,1.0,0.5661764705882353,False,,,False,False,False
4017,TTTATC,1.0,0.4615384615384615,1.0,0.4586466165413533,False,,,False,False,False
4018,TTTATG,1.0,0.5357142857142857,1.0,0.535483870967742,False,,,False,False,False
4019,TTTATT,1.0,0.5194805194805194,1.0,0.4552238805970149,False,,,False,False,False
4020,TTTCAA,1.0,0.373134328358209,1.0,0.7087378640776699,False,,,False,False,False
4021,TTTCAC,1.0,0.6893939393939394,1.0,0.4791666666666667,False,,,False,False,False
4022,TTTCAG,1.0,0.3333333333333333,1.0,0.5874125874125874,False,,,False,False,False
4023,TTTCAT,1.0,0.4226190476190476,1.0,0.3333333333333333,False,,,False,False,False
4024,TTTCCA,1.0,0.1985815602836879,1.0,0.5555555555555556,False,,,False,False,False
4025,TTTCCC,1.0,0.4087591240875912,1.0,0.3162393162393162,False,,,False,False,False
4026,TTTCCG,1.0,0.4692307692307692,1.0,0.4025974025974026,True,,,False,False,False
4027,TTTCCT,1.0,0.465648854961832,1.0,0.5196850393700787,False,,,False,False,False
4028,TTTCTA,1.0,0.389937106918239,1.0,0.6,False,,,False,False,False
4029,TTTCTC,1.0,0.4413793103448276,1.0,0.5625,False,,,False,False,False
4030,TTTCTG,1.0,0.4,1.0,0.5547445255474452,False,,,False,False,False
4031,TTTCTT,1.0,0.3292682926829268,1.0,0.4893617021276595,False,,,False,False,False
4032,TTTGAA,1.0,0.2994350282485876,1.0,0.5714285714285714,False,,,False,False,False
4033,TTTGAC,1.0,0.4791666666666667,1.0,0.5966386554621849,False,,,False,False,False
4034,TTTGAG,1.0,0.4357142857142857,1.0,0.380281690140845,False,,,False,False,False
4035,TTTGAT,1.0,0.4601226993865031,1.0,0.4093959731543624,False,,,False,False,False
4036,TTTGCA,1.0,0.4859154929577465,1.0,0.4701986754966887,False,,,False,False,False
4037,TTTGCC,1.0,0.3263888888888889,1.0,0.2573529411764705,False,,,False,False,False
4038,TTTGCG,1.0,0.531578947368421,1.0,0.6397058823529411,True,,,False,False,False
4039,TTTGCT,1.0,0.3540372670807453,1.0,0.6099290780141844,False,,,False,False,False
4040,TTTGGA,1.0,0.5695364238410596,1.0,0.4357142857142857,False,,,False,False,False
4041,TTTGGC,1.0,0.5722543352601156,1.0,0.5384615384615384,False,,,False,False,False
4042,TTTGGG,1.0,0.3459715639810427,1.0,0.7052023121387283,False,,,False,False,False
4043,TTTGGT,1.0,0.3333333333333333,1.0,0.3737864077669903,False,,,False,False,False
4044,TTTGTA,1.0,0.3259668508287293,1.0,0.4050632911392405,False,,,False,False,False
4045,TTTGTC,1.0,0.3314285714285714,1.0,0.567741935483871,False,,,False,False,False
4046,TTTGTG,1.0,0.3505154639175257,1.0,0.5202702702702703,False,,,False,False,False
4047,TTTGTT,1.0,0.494047619047619,1.0,0.5276073619631901,False,,,False,False,False
4048,TTTTAA,1.0,0.4791666666666667,1.0,0.4563758389261745,False,,,False,False,False
4049,TTTTAC,1.0,0.5149253731343284,1.0,0.4193548387096774,False,,,False,False,False
4050,TTTTAG,1.0,0.5748502994011976,1.0,0.3974358974358974,False,,,False,False,False
4051,TTTTAT,1.0,0.3956043956043956,1.0,0.6870229007633588,False,,,False,False,False
4052,TTTTCA,1.0,0.4121621621621621,1.0,0.417910447761194,False,,,False,False,False
4053,TTTTCC,1.0,0.3943661971830985,1.0,0.432,False,,,False,False,False
4054,TTTTCT,1.0,0.5217391304347826,1.0,0.5912408759124088,False,,,False,False,False
4055,TTTTGA,1.0,0.4848484848484848,1.0,0.3703703703703703,False,,,False,False,False
4056,TTTTGC,1.0,0.2487046632124352,1.0,0.5359477124183006,False,,,False,False,False
4057,TTTTGG,1.0,0.4074074074074074,1.0,0.3958333333333333,False,,,False,False,False
4058,TTTTGT,1.0,0.3177083333333333,1.0,0.4339622641509434,False,,,False,False,False
4059,TTTTTA,1.0,0.4973262032085561,1.0,0.384180790960452,False,,,False,False,False
4060,TTTTTC,1.0,0.4577464788732394,1.0,0.46,False,,,False,False,False
4061,TTTTTG,1.0,0.3251231527093596,1.0,0.3406593406593406,False,,,False,False,False
4062,TTTTTT,1.0,0.3739130434782609,1.0,0.3850267379679144,False,,,False,False,False
